installment_id,contract_id,installment_number,due_date,installment_amount
1,1,1,2026-01-21,9667.25
2,1,2,2026-02-21,9667.25
3,1,3,2026-03-21,9667.25
4,1,4,2026-04-21,9667.25
5,1,5,2026-05-21,9667.25
6,1,6,2026-06-21,9667.25
7,2,1,2024-05-20,6030.62
8,2,2,2024-06-20,6030.62
9,2,3,2024-07-20,6030.62
10,2,4,2024-08-20,6030.62
11,2,5,2024-09-20,6030.62
12,2,6,2024-10-20,6030.62
13,3,1,2026-03-11,9651.58
14,3,2,2026-04-11,9651.58
15,3,3,2026-05-11,9651.58
16,3,4,2026-06-11,9651.58
17,3,5,2026-07-11,9651.58
18,3,6,2026-08-11,9651.58
19,3,7,2026-09-11,9651.58
20,3,8,2026-10-11,9651.58
21,3,9,2026-11-11,9651.58
22,3,10,2026-12-11,9651.58
23,3,11,2027-01-11,9651.58
24,3,12,2027-02-11,9651.58
25,4,1,2025-09-21,4857.07
26,4,2,2025-10-21,4857.07
27,4,3,2025-11-21,4857.07
28,4,4,2025-12-21,4857.07
29,4,5,2026-01-21,4857.07
30,4,6,2026-02-21,4857.07
31,4,7,2026-03-21,4857.07
32,4,8,2026-04-21,4857.07
33,4,9,2026-05-21,4857.07
34,4,10,2026-06-21,4857.07
35,4,11,2026-07-21,4857.07
36,4,12,2026-08-21,4857.07
37,4,13,2026-09-21,4857.07
38,4,14,2026-10-21,4857.07
39,4,15,2026-11-21,4857.07
40,4,16,2026-12-21,4857.07
41,4,17,2027-01-21,4857.07
42,4,18,2027-02-21,4857.07
43,4,19,2027-03-21,4857.07
44,4,20,2027-04-21,4857.07
45,4,21,2027-05-21,4857.07
46,4,22,2027-06-21,4857.07
47,4,23,2027-07-21,4857.07
48,4,24,2027-08-21,4857.07
49,5,1,2026-01-29,7616.19
50,5,2,2026-02-28,7616.19
51,5,3,2026-03-29,7616.19
52,5,4,2026-04-29,7616.19
53,5,5,2026-05-29,7616.19
54,5,6,2026-06-29,7616.19
55,5,7,2026-07-29,7616.19
56,5,8,2026-08-29,7616.19
57,5,9,2026-09-29,7616.19
58,5,10,2026-10-29,7616.19
59,5,11,2026-11-29,7616.19
60,5,12,2026-12-29,7616.19
61,5,13,2027-01-29,7616.19
62,5,14,2027-02-28,7616.19
63,5,15,2027-03-29,7616.19
64,5,16,2027-04-29,7616.19
65,5,17,2027-05-29,7616.19
66,5,18,2027-06-29,7616.19
67,6,1,2024-02-20,2024.91
68,6,2,2024-03-20,2024.91
69,6,3,2024-04-20,2024.91
70,6,4,2024-05-20,2024.91
71,6,5,2024-06-20,2024.91
72,6,6,2024-07-20,2024.91
73,6,7,2024-08-20,2024.91
74,6,8,2024-09-20,2024.91
75,6,9,2024-10-20,2024.91
76,6,10,2024-11-20,2024.91
77,6,11,2024-12-20,2024.91
78,6,12,2025-01-20,2024.91
79,6,13,2025-02-20,2024.91
80,6,14,2025-03-20,2024.91
81,6,15,2025-04-20,2024.91
82,6,16,2025-05-20,2024.91
83,6,17,2025-06-20,2024.91
84,6,18,2025-07-20,2024.91
85,6,19,2025-08-20,2024.91
86,6,20,2025-09-20,2024.91
87,6,21,2025-10-20,2024.91
88,6,22,2025-11-20,2024.91
89,6,23,2025-12-20,2024.91
90,6,24,2026-01-20,2024.91
91,7,1,2024-06-22,957.27
92,7,2,2024-07-22,957.27
93,7,3,2024-08-22,957.27
94,7,4,2024-09-22,957.27
95,7,5,2024-10-22,957.27
96,7,6,2024-11-22,957.27
97,7,7,2024-12-22,957.27
98,7,8,2025-01-22,957.27
99,7,9,2025-02-22,957.27
100,7,10,2025-03-22,957.27
101,7,11,2025-04-22,957.27
102,7,12,2025-05-22,957.27
103,7,13,2025-06-22,957.27
104,7,14,2025-07-22,957.27
105,7,15,2025-08-22,957.27
106,7,16,2025-09-22,957.27
107,7,17,2025-10-22,957.27
108,7,18,2025-11-22,957.27
109,7,19,2025-12-22,957.27
110,7,20,2026-01-22,957.27
111,7,21,2026-02-22,957.27
112,7,22,2026-03-22,957.27
113,7,23,2026-04-22,957.27
114,7,24,2026-05-22,957.27
115,7,25,2026-06-22,957.27
116,7,26,2026-07-22,957.27
117,7,27,2026-08-22,957.27
118,7,28,2026-09-22,957.27
119,7,29,2026-10-22,957.27
120,7,30,2026-11-22,957.27
121,7,31,2026-12-22,957.27
122,7,32,2027-01-22,957.27
123,7,33,2027-02-22,957.27
124,7,34,2027-03-22,957.27
125,7,35,2027-04-22,957.27
126,7,36,2027-05-22,957.27
127,8,1,2026-02-14,5055.59
128,8,2,2026-03-14,5055.59
129,8,3,2026-04-14,5055.59
130,8,4,2026-05-14,5055.59
131,8,5,2026-06-14,5055.59
132,8,6,2026-07-14,5055.59
133,8,7,2026-08-14,5055.59
134,8,8,2026-09-14,5055.59
135,8,9,2026-10-14,5055.59
136,8,10,2026-11-14,5055.59
137,8,11,2026-12-14,5055.59
138,8,12,2027-01-14,5055.59
139,8,13,2027-02-14,5055.59
140,8,14,2027-03-14,5055.59
141,8,15,2027-04-14,5055.59
142,8,16,2027-05-14,5055.59
143,8,17,2027-06-14,5055.59
144,8,18,2027-07-14,5055.59
145,9,1,2023-01-22,2175.21
146,9,2,2023-02-22,2175.21
147,9,3,2023-03-22,2175.21
148,9,4,2023-04-22,2175.21
149,9,5,2023-05-22,2175.21
150,9,6,2023-06-22,2175.21
151,9,7,2023-07-22,2175.21
152,9,8,2023-08-22,2175.21
153,9,9,2023-09-22,2175.21
154,9,10,2023-10-22,2175.21
155,9,11,2023-11-22,2175.21
156,9,12,2023-12-22,2175.21
157,9,13,2024-01-22,2175.21
158,9,14,2024-02-22,2175.21
159,9,15,2024-03-22,2175.21
160,9,16,2024-04-22,2175.21
161,9,17,2024-05-22,2175.21
162,9,18,2024-06-22,2175.21
163,9,19,2024-07-22,2175.21
164,9,20,2024-08-22,2175.21
165,9,21,2024-09-22,2175.21
166,9,22,2024-10-22,2175.21
167,9,23,2024-11-22,2175.21
168,9,24,2024-12-22,2175.21
169,10,1,2024-04-25,6002.57
170,10,2,2024-05-25,6002.57
171,10,3,2024-06-25,6002.57
172,10,4,2024-07-25,6002.57
173,10,5,2024-08-25,6002.57
174,10,6,2024-09-25,6002.57
175,10,7,2024-10-25,6002.57
176,10,8,2024-11-25,6002.57
177,10,9,2024-12-25,6002.57
178,10,10,2025-01-25,6002.57
179,10,11,2025-02-25,6002.57
180,10,12,2025-03-25,6002.57
181,11,1,2025-01-22,3409.85
182,11,2,2025-02-22,3409.85
183,11,3,2025-03-22,3409.85
184,11,4,2025-04-22,3409.85
185,11,5,2025-05-22,3409.85
186,11,6,2025-06-22,3409.85
187,11,7,2025-07-22,3409.85
188,11,8,2025-08-22,3409.85
189,11,9,2025-09-22,3409.85
190,11,10,2025-10-22,3409.85
191,11,11,2025-11-22,3409.85
192,11,12,2025-12-22,3409.85
193,11,13,2026-01-22,3409.85
194,11,14,2026-02-22,3409.85
195,11,15,2026-03-22,3409.85
196,11,16,2026-04-22,3409.85
197,11,17,2026-05-22,3409.85
198,11,18,2026-06-22,3409.85
199,11,19,2026-07-22,3409.85
200,11,20,2026-08-22,3409.85
201,11,21,2026-09-22,3409.85
202,11,22,2026-10-22,3409.85
203,11,23,2026-11-22,3409.85
204,11,24,2026-12-22,3409.85
205,12,1,2026-01-23,8726.1
206,12,2,2026-02-23,8726.1
207,12,3,2026-03-23,8726.1
208,12,4,2026-04-23,8726.1
209,12,5,2026-05-23,8726.1
210,12,6,2026-06-23,8726.1
211,12,7,2026-07-23,8726.1
212,12,8,2026-08-23,8726.1
213,12,9,2026-09-23,8726.1
214,12,10,2026-10-23,8726.1
215,12,11,2026-11-23,8726.1
216,12,12,2026-12-23,8726.1
217,13,1,2026-04-08,1804.61
218,13,2,2026-05-08,1804.61
219,13,3,2026-06-08,1804.61
220,13,4,2026-07-08,1804.61
221,13,5,2026-08-08,1804.61
222,13,6,2026-09-08,1804.61
223,13,7,2026-10-08,1804.61
224,13,8,2026-11-08,1804.61
225,13,9,2026-12-08,1804.61
226,13,10,2027-01-08,1804.61
227,13,11,2027-02-08,1804.61
228,13,12,2027-03-08,1804.61
229,13,13,2027-04-08,1804.61
230,13,14,2027-05-08,1804.61
231,13,15,2027-06-08,1804.61
232,13,16,2027-07-08,1804.61
233,13,17,2027-08-08,1804.61
234,13,18,2027-09-08,1804.61
235,13,19,2027-10-08,1804.61
236,13,20,2027-11-08,1804.61
237,13,21,2027-12-08,1804.61
238,13,22,2028-01-08,1804.61
239,13,23,2028-02-08,1804.61
240,13,24,2028-03-08,1804.61
241,13,25,2028-04-08,1804.61
242,13,26,2028-05-08,1804.61
243,13,27,2028-06-08,1804.61
244,13,28,2028-07-08,1804.61
245,13,29,2028-08-08,1804.61
246,13,30,2028-09-08,1804.61
247,13,31,2028-10-08,1804.61
248,13,32,2028-11-08,1804.61
249,13,33,2028-12-08,1804.61
250,13,34,2029-01-08,1804.61
251,13,35,2029-02-08,1804.61
252,13,36,2029-03-08,1804.61
253,14,1,2025-02-15,3097.19
254,14,2,2025-03-15,3097.19
255,14,3,2025-04-15,3097.19
256,14,4,2025-05-15,3097.19
257,14,5,2025-06-15,3097.19
258,14,6,2025-07-15,3097.19
259,14,7,2025-08-15,3097.19
260,14,8,2025-09-15,3097.19
261,14,9,2025-10-15,3097.19
262,14,10,2025-11-15,3097.19
263,14,11,2025-12-15,3097.19
264,14,12,2026-01-15,3097.19
265,14,13,2026-02-15,3097.19
266,14,14,2026-03-15,3097.19
267,14,15,2026-04-15,3097.19
268,14,16,2026-05-15,3097.19
269,14,17,2026-06-15,3097.19
270,14,18,2026-07-15,3097.19
271,14,19,2026-08-15,3097.19
272,14,20,2026-09-15,3097.19
273,14,21,2026-10-15,3097.19
274,14,22,2026-11-15,3097.19
275,14,23,2026-12-15,3097.19
276,14,24,2027-01-15,3097.19
277,14,25,2027-02-15,3097.19
278,14,26,2027-03-15,3097.19
279,14,27,2027-04-15,3097.19
280,14,28,2027-05-15,3097.19
281,14,29,2027-06-15,3097.19
282,14,30,2027-07-15,3097.19
283,14,31,2027-08-15,3097.19
284,14,32,2027-09-15,3097.19
285,14,33,2027-10-15,3097.19
286,14,34,2027-11-15,3097.19
287,14,35,2027-12-15,3097.19
288,14,36,2028-01-15,3097.19
289,15,1,2025-03-05,7093.32
290,15,2,2025-04-05,7093.32
291,15,3,2025-05-05,7093.32
292,15,4,2025-06-05,7093.32
293,15,5,2025-07-05,7093.32
294,15,6,2025-08-05,7093.32
295,15,7,2025-09-05,7093.32
296,15,8,2025-10-05,7093.32
297,15,9,2025-11-05,7093.32
298,15,10,2025-12-05,7093.32
299,15,11,2026-01-05,7093.32
300,15,12,2026-02-05,7093.32
301,15,13,2026-03-05,7093.32
302,15,14,2026-04-05,7093.32
303,15,15,2026-05-05,7093.32
304,15,16,2026-06-05,7093.32
305,15,17,2026-07-05,7093.32
306,15,18,2026-08-05,7093.32
307,15,19,2026-09-05,7093.32
308,15,20,2026-10-05,7093.32
309,15,21,2026-11-05,7093.32
310,15,22,2026-12-05,7093.32
311,15,23,2027-01-05,7093.32
312,15,24,2027-02-05,7093.32
313,16,1,2026-07-21,4006.66
314,16,2,2026-08-21,4006.66
315,16,3,2026-09-21,4006.66
316,16,4,2026-10-21,4006.66
317,16,5,2026-11-21,4006.66
318,16,6,2026-12-21,4006.66
319,16,7,2027-01-21,4006.66
320,16,8,2027-02-21,4006.66
321,16,9,2027-03-21,4006.66
322,16,10,2027-04-21,4006.66
323,16,11,2027-05-21,4006.66
324,16,12,2027-06-21,4006.66
325,17,1,2022-02-10,3535.03
326,17,2,2022-03-10,3535.03
327,17,3,2022-04-10,3535.03
328,17,4,2022-05-10,3535.03
329,17,5,2022-06-10,3535.03
330,17,6,2022-07-10,3535.03
331,17,7,2022-08-10,3535.03
332,17,8,2022-09-10,3535.03
333,17,9,2022-10-10,3535.03
334,17,10,2022-11-10,3535.03
335,17,11,2022-12-10,3535.03
336,17,12,2023-01-10,3535.03
337,17,13,2023-02-10,3535.03
338,17,14,2023-03-10,3535.03
339,17,15,2023-04-10,3535.03
340,17,16,2023-05-10,3535.03
341,17,17,2023-06-10,3535.03
342,17,18,2023-07-10,3535.03
343,17,19,2023-08-10,3535.03
344,17,20,2023-09-10,3535.03
345,17,21,2023-10-10,3535.03
346,17,22,2023-11-10,3535.03
347,17,23,2023-12-10,3535.03
348,17,24,2024-01-10,3535.03
349,17,25,2024-02-10,3535.03
350,17,26,2024-03-10,3535.03
351,17,27,2024-04-10,3535.03
352,17,28,2024-05-10,3535.03
353,17,29,2024-06-10,3535.03
354,17,30,2024-07-10,3535.03
355,17,31,2024-08-10,3535.03
356,17,32,2024-09-10,3535.03
357,17,33,2024-10-10,3535.03
358,17,34,2024-11-10,3535.03
359,17,35,2024-12-10,3535.03
360,17,36,2025-01-10,3535.03
361,18,1,2021-08-23,11720.61
362,18,2,2021-09-23,11720.61
363,18,3,2021-10-23,11720.61
364,18,4,2021-11-23,11720.61
365,18,5,2021-12-23,11720.61
366,18,6,2022-01-23,11720.61
367,18,7,2022-02-23,11720.61
368,18,8,2022-03-23,11720.61
369,18,9,2022-04-23,11720.61
370,18,10,2022-05-23,11720.61
371,18,11,2022-06-23,11720.61
372,18,12,2022-07-23,11720.61
373,18,13,2022-08-23,11720.61
374,18,14,2022-09-23,11720.61
375,18,15,2022-10-23,11720.61
376,18,16,2022-11-23,11720.61
377,18,17,2022-12-23,11720.61
378,18,18,2023-01-23,11720.61
379,18,19,2023-02-23,11720.61
380,18,20,2023-03-23,11720.61
381,18,21,2023-04-23,11720.61
382,18,22,2023-05-23,11720.61
383,18,23,2023-06-23,11720.61
384,18,24,2023-07-23,11720.61
385,19,1,2025-01-14,4725.08
386,19,2,2025-02-14,4725.08
387,19,3,2025-03-14,4725.08
388,19,4,2025-04-14,4725.08
389,19,5,2025-05-14,4725.08
390,19,6,2025-06-14,4725.08
391,19,7,2025-07-14,4725.08
392,19,8,2025-08-14,4725.08
393,19,9,2025-09-14,4725.08
394,19,10,2025-10-14,4725.08
395,19,11,2025-11-14,4725.08
396,19,12,2025-12-14,4725.08
397,19,13,2026-01-14,4725.08
398,19,14,2026-02-14,4725.08
399,19,15,2026-03-14,4725.08
400,19,16,2026-04-14,4725.08
401,19,17,2026-05-14,4725.08
402,19,18,2026-06-14,4725.08
403,19,19,2026-07-14,4725.08
404,19,20,2026-08-14,4725.08
405,19,21,2026-09-14,4725.08
406,19,22,2026-10-14,4725.08
407,19,23,2026-11-14,4725.08
408,19,24,2026-12-14,4725.08
409,20,1,2022-10-08,6940.31
410,20,2,2022-11-08,6940.31
411,20,3,2022-12-08,6940.31
412,20,4,2023-01-08,6940.31
413,20,5,2023-02-08,6940.31
414,20,6,2023-03-08,6940.31
415,20,7,2023-04-08,6940.31
416,20,8,2023-05-08,6940.31
417,20,9,2023-06-08,6940.31
418,20,10,2023-07-08,6940.31
419,20,11,2023-08-08,6940.31
420,20,12,2023-09-08,6940.31
421,21,1,2025-05-08,2029.19
422,21,2,2025-06-08,2029.19
423,21,3,2025-07-08,2029.19
424,21,4,2025-08-08,2029.19
425,21,5,2025-09-08,2029.19
426,21,6,2025-10-08,2029.19
427,21,7,2025-11-08,2029.19
428,21,8,2025-12-08,2029.19
429,21,9,2026-01-08,2029.19
430,21,10,2026-02-08,2029.19
431,21,11,2026-03-08,2029.19
432,21,12,2026-04-08,2029.19
433,21,13,2026-05-08,2029.19
434,21,14,2026-06-08,2029.19
435,21,15,2026-07-08,2029.19
436,21,16,2026-08-08,2029.19
437,21,17,2026-09-08,2029.19
438,21,18,2026-10-08,2029.19
439,21,19,2026-11-08,2029.19
440,21,20,2026-12-08,2029.19
441,21,21,2027-01-08,2029.19
442,21,22,2027-02-08,2029.19
443,21,23,2027-03-08,2029.19
444,21,24,2027-04-08,2029.19
445,22,1,2021-11-18,2187.4
446,22,2,2021-12-18,2187.4
447,22,3,2022-01-18,2187.4
448,22,4,2022-02-18,2187.4
449,22,5,2022-03-18,2187.4
450,22,6,2022-04-18,2187.4
451,22,7,2022-05-18,2187.4
452,22,8,2022-06-18,2187.4
453,22,9,2022-07-18,2187.4
454,22,10,2022-08-18,2187.4
455,22,11,2022-09-18,2187.4
456,22,12,2022-10-18,2187.4
457,22,13,2022-11-18,2187.4
458,22,14,2022-12-18,2187.4
459,22,15,2023-01-18,2187.4
460,22,16,2023-02-18,2187.4
461,22,17,2023-03-18,2187.4
462,22,18,2023-04-18,2187.4
463,22,19,2023-05-18,2187.4
464,22,20,2023-06-18,2187.4
465,22,21,2023-07-18,2187.4
466,22,22,2023-08-18,2187.4
467,22,23,2023-09-18,2187.4
468,22,24,2023-10-18,2187.4
469,23,1,2023-07-12,5382.12
470,23,2,2023-08-12,5382.12
471,23,3,2023-09-12,5382.12
472,23,4,2023-10-12,5382.12
473,23,5,2023-11-12,5382.12
474,23,6,2023-12-12,5382.12
475,23,7,2024-01-12,5382.12
476,23,8,2024-02-12,5382.12
477,23,9,2024-03-12,5382.12
478,23,10,2024-04-12,5382.12
479,23,11,2024-05-12,5382.12
480,23,12,2024-06-12,5382.12
481,23,13,2024-07-12,5382.12
482,23,14,2024-08-12,5382.12
483,23,15,2024-09-12,5382.12
484,23,16,2024-10-12,5382.12
485,23,17,2024-11-12,5382.12
486,23,18,2024-12-12,5382.12
487,23,19,2025-01-12,5382.12
488,23,20,2025-02-12,5382.12
489,23,21,2025-03-12,5382.12
490,23,22,2025-04-12,5382.12
491,23,23,2025-05-12,5382.12
492,23,24,2025-06-12,5382.12
493,24,1,2024-11-05,11826.32
494,24,2,2024-12-05,11826.32
495,24,3,2025-01-05,11826.32
496,24,4,2025-02-05,11826.32
497,24,5,2025-03-05,11826.32
498,24,6,2025-04-05,11826.32
499,24,7,2025-05-05,11826.32
500,24,8,2025-06-05,11826.32
501,24,9,2025-07-05,11826.32
502,24,10,2025-08-05,11826.32
503,24,11,2025-09-05,11826.32
504,24,12,2025-10-05,11826.32
505,25,1,2024-08-31,8920.68
506,25,2,2024-09-30,8920.68
507,25,3,2024-10-31,8920.68
508,25,4,2024-11-30,8920.68
509,25,5,2024-12-31,8920.68
510,25,6,2025-01-31,8920.68
511,25,7,2025-02-28,8920.68
512,25,8,2025-03-31,8920.68
513,25,9,2025-04-30,8920.68
514,25,10,2025-05-31,8920.68
515,25,11,2025-06-30,8920.68
516,25,12,2025-07-31,8920.68
517,26,1,2022-02-15,5328.14
518,26,2,2022-03-15,5328.14
519,26,3,2022-04-15,5328.14
520,26,4,2022-05-15,5328.14
521,26,5,2022-06-15,5328.14
522,26,6,2022-07-15,5328.14
523,26,7,2022-08-15,5328.14
524,26,8,2022-09-15,5328.14
525,26,9,2022-10-15,5328.14
526,26,10,2022-11-15,5328.14
527,26,11,2022-12-15,5328.14
528,26,12,2023-01-15,5328.14
529,26,13,2023-02-15,5328.14
530,26,14,2023-03-15,5328.14
531,26,15,2023-04-15,5328.14
532,26,16,2023-05-15,5328.14
533,26,17,2023-06-15,5328.14
534,26,18,2023-07-15,5328.14
535,26,19,2023-08-15,5328.14
536,26,20,2023-09-15,5328.14
537,26,21,2023-10-15,5328.14
538,26,22,2023-11-15,5328.14
539,26,23,2023-12-15,5328.14
540,26,24,2024-01-15,5328.14
541,27,1,2023-07-08,7130.67
542,27,2,2023-08-08,7130.67
543,27,3,2023-09-08,7130.67
544,27,4,2023-10-08,7130.67
545,27,5,2023-11-08,7130.67
546,27,6,2023-12-08,7130.67
547,28,1,2026-02-25,2821.79
548,28,2,2026-03-25,2821.79
549,28,3,2026-04-25,2821.79
550,28,4,2026-05-25,2821.79
551,28,5,2026-06-25,2821.79
552,28,6,2026-07-25,2821.79
553,28,7,2026-08-25,2821.79
554,28,8,2026-09-25,2821.79
555,28,9,2026-10-25,2821.79
556,28,10,2026-11-25,2821.79
557,28,11,2026-12-25,2821.79
558,28,12,2027-01-25,2821.79
559,28,13,2027-02-25,2821.79
560,28,14,2027-03-25,2821.79
561,28,15,2027-04-25,2821.79
562,28,16,2027-05-25,2821.79
563,28,17,2027-06-25,2821.79
564,28,18,2027-07-25,2821.79
565,28,19,2027-08-25,2821.79
566,28,20,2027-09-25,2821.79
567,28,21,2027-10-25,2821.79
568,28,22,2027-11-25,2821.79
569,28,23,2027-12-25,2821.79
570,28,24,2028-01-25,2821.79
571,29,1,2026-02-14,1810.93
572,29,2,2026-03-14,1810.93
573,29,3,2026-04-14,1810.93
574,29,4,2026-05-14,1810.93
575,29,5,2026-06-14,1810.93
576,29,6,2026-07-14,1810.93
577,29,7,2026-08-14,1810.93
578,29,8,2026-09-14,1810.93
579,29,9,2026-10-14,1810.93
580,29,10,2026-11-14,1810.93
581,29,11,2026-12-14,1810.93
582,29,12,2027-01-14,1810.93
583,29,13,2027-02-14,1810.93
584,29,14,2027-03-14,1810.93
585,29,15,2027-04-14,1810.93
586,29,16,2027-05-14,1810.93
587,29,17,2027-06-14,1810.93
588,29,18,2027-07-14,1810.93
589,29,19,2027-08-14,1810.93
590,29,20,2027-09-14,1810.93
591,29,21,2027-10-14,1810.93
592,29,22,2027-11-14,1810.93
593,29,23,2027-12-14,1810.93
594,29,24,2028-01-14,1810.93
595,30,1,2024-01-25,37029.7
596,30,2,2024-02-25,37029.7
597,30,3,2024-03-25,37029.7
598,30,4,2024-04-25,37029.7
599,30,5,2024-05-25,37029.7
600,30,6,2024-06-25,37029.7
601,31,1,2023-08-17,1392.14
602,31,2,2023-09-17,1392.14
603,31,3,2023-10-17,1392.14
604,31,4,2023-11-17,1392.14
605,31,5,2023-12-17,1392.14
606,31,6,2024-01-17,1392.14
607,31,7,2024-02-17,1392.14
608,31,8,2024-03-17,1392.14
609,31,9,2024-04-17,1392.14
610,31,10,2024-05-17,1392.14
611,31,11,2024-06-17,1392.14
612,31,12,2024-07-17,1392.14
613,31,13,2024-08-17,1392.14
614,31,14,2024-09-17,1392.14
615,31,15,2024-10-17,1392.14
616,31,16,2024-11-17,1392.14
617,31,17,2024-12-17,1392.14
618,31,18,2025-01-17,1392.14
619,32,1,2023-07-29,2102.7
620,32,2,2023-08-29,2102.7
621,32,3,2023-09-29,2102.7
622,32,4,2023-10-29,2102.7
623,32,5,2023-11-29,2102.7
624,32,6,2023-12-29,2102.7
625,32,7,2024-01-29,2102.7
626,32,8,2024-02-29,2102.7
627,32,9,2024-03-29,2102.7
628,32,10,2024-04-29,2102.7
629,32,11,2024-05-29,2102.7
630,32,12,2024-06-29,2102.7
631,32,13,2024-07-29,2102.7
632,32,14,2024-08-29,2102.7
633,32,15,2024-09-29,2102.7
634,32,16,2024-10-29,2102.7
635,32,17,2024-11-29,2102.7
636,32,18,2024-12-29,2102.7
637,33,1,2021-06-01,2242.57
638,33,2,2021-07-01,2242.57
639,33,3,2021-08-01,2242.57
640,33,4,2021-09-01,2242.57
641,33,5,2021-10-01,2242.57
642,33,6,2021-11-01,2242.57
643,33,7,2021-12-01,2242.57
644,33,8,2022-01-01,2242.57
645,33,9,2022-02-01,2242.57
646,33,10,2022-03-01,2242.57
647,33,11,2022-04-01,2242.57
648,33,12,2022-05-01,2242.57
649,33,13,2022-06-01,2242.57
650,33,14,2022-07-01,2242.57
651,33,15,2022-08-01,2242.57
652,33,16,2022-09-01,2242.57
653,33,17,2022-10-01,2242.57
654,33,18,2022-11-01,2242.57
655,34,1,2021-06-01,2313.39
656,34,2,2021-07-01,2313.39
657,34,3,2021-08-01,2313.39
658,34,4,2021-09-01,2313.39
659,34,5,2021-10-01,2313.39
660,34,6,2021-11-01,2313.39
661,34,7,2021-12-01,2313.39
662,34,8,2022-01-01,2313.39
663,34,9,2022-02-01,2313.39
664,34,10,2022-03-01,2313.39
665,34,11,2022-04-01,2313.39
666,34,12,2022-05-01,2313.39
667,35,1,2021-09-13,14427.9
668,35,2,2021-10-13,14427.9
669,35,3,2021-11-13,14427.9
670,35,4,2021-12-13,14427.9
671,35,5,2022-01-13,14427.9
672,35,6,2022-02-13,14427.9
673,35,7,2022-03-13,14427.9
674,35,8,2022-04-13,14427.9
675,35,9,2022-05-13,14427.9
676,35,10,2022-06-13,14427.9
677,35,11,2022-07-13,14427.9
678,35,12,2022-08-13,14427.9
679,36,1,2024-06-14,4655.8
680,36,2,2024-07-14,4655.8
681,36,3,2024-08-14,4655.8
682,36,4,2024-09-14,4655.8
683,36,5,2024-10-14,4655.8
684,36,6,2024-11-14,4655.8
685,36,7,2024-12-14,4655.8
686,36,8,2025-01-14,4655.8
687,36,9,2025-02-14,4655.8
688,36,10,2025-03-14,4655.8
689,36,11,2025-04-14,4655.8
690,36,12,2025-05-14,4655.8
691,36,13,2025-06-14,4655.8
692,36,14,2025-07-14,4655.8
693,36,15,2025-08-14,4655.8
694,36,16,2025-09-14,4655.8
695,36,17,2025-10-14,4655.8
696,36,18,2025-11-14,4655.8
697,36,19,2025-12-14,4655.8
698,36,20,2026-01-14,4655.8
699,36,21,2026-02-14,4655.8
700,36,22,2026-03-14,4655.8
701,36,23,2026-04-14,4655.8
702,36,24,2026-05-14,4655.8
703,37,1,2026-07-11,2524.78
704,37,2,2026-08-11,2524.78
705,37,3,2026-09-11,2524.78
706,37,4,2026-10-11,2524.78
707,37,5,2026-11-11,2524.78
708,37,6,2026-12-11,2524.78
709,37,7,2027-01-11,2524.78
710,37,8,2027-02-11,2524.78
711,37,9,2027-03-11,2524.78
712,37,10,2027-04-11,2524.78
713,37,11,2027-05-11,2524.78
714,37,12,2027-06-11,2524.78
715,37,13,2027-07-11,2524.78
716,37,14,2027-08-11,2524.78
717,37,15,2027-09-11,2524.78
718,37,16,2027-10-11,2524.78
719,37,17,2027-11-11,2524.78
720,37,18,2027-12-11,2524.78
721,37,19,2028-01-11,2524.78
722,37,20,2028-02-11,2524.78
723,37,21,2028-03-11,2524.78
724,37,22,2028-04-11,2524.78
725,37,23,2028-05-11,2524.78
726,37,24,2028-06-11,2524.78
727,38,1,2021-02-08,5162.39
728,38,2,2021-03-08,5162.39
729,38,3,2021-04-08,5162.39
730,38,4,2021-05-08,5162.39
731,38,5,2021-06-08,5162.39
732,38,6,2021-07-08,5162.39
733,38,7,2021-08-08,5162.39
734,38,8,2021-09-08,5162.39
735,38,9,2021-10-08,5162.39
736,38,10,2021-11-08,5162.39
737,38,11,2021-12-08,5162.39
738,38,12,2022-01-08,5162.39
739,38,13,2022-02-08,5162.39
740,38,14,2022-03-08,5162.39
741,38,15,2022-04-08,5162.39
742,38,16,2022-05-08,5162.39
743,38,17,2022-06-08,5162.39
744,38,18,2022-07-08,5162.39
745,39,1,2024-10-25,8315.03
746,39,2,2024-11-25,8315.03
747,39,3,2024-12-25,8315.03
748,39,4,2025-01-25,8315.03
749,39,5,2025-02-25,8315.03
750,39,6,2025-03-25,8315.03
751,40,1,2023-09-17,1502.85
752,40,2,2023-10-17,1502.85
753,40,3,2023-11-17,1502.85
754,40,4,2023-12-17,1502.85
755,40,5,2024-01-17,1502.85
756,40,6,2024-02-17,1502.85
757,40,7,2024-03-17,1502.85
758,40,8,2024-04-17,1502.85
759,40,9,2024-05-17,1502.85
760,40,10,2024-06-17,1502.85
761,40,11,2024-07-17,1502.85
762,40,12,2024-08-17,1502.85
763,40,13,2024-09-17,1502.85
764,40,14,2024-10-17,1502.85
765,40,15,2024-11-17,1502.85
766,40,16,2024-12-17,1502.85
767,40,17,2025-01-17,1502.85
768,40,18,2025-02-17,1502.85
769,40,19,2025-03-17,1502.85
770,40,20,2025-04-17,1502.85
771,40,21,2025-05-17,1502.85
772,40,22,2025-06-17,1502.85
773,40,23,2025-07-17,1502.85
774,40,24,2025-08-17,1502.85
775,40,25,2025-09-17,1502.85
776,40,26,2025-10-17,1502.85
777,40,27,2025-11-17,1502.85
778,40,28,2025-12-17,1502.85
779,40,29,2026-01-17,1502.85
780,40,30,2026-02-17,1502.85
781,40,31,2026-03-17,1502.85
782,40,32,2026-04-17,1502.85
783,40,33,2026-05-17,1502.85
784,40,34,2026-06-17,1502.85
785,40,35,2026-07-17,1502.85
786,40,36,2026-08-17,1502.85
787,41,1,2022-12-17,5849.23
788,41,2,2023-01-17,5849.23
789,41,3,2023-02-17,5849.23
790,41,4,2023-03-17,5849.23
791,41,5,2023-04-17,5849.23
792,41,6,2023-05-17,5849.23
793,41,7,2023-06-17,5849.23
794,41,8,2023-07-17,5849.23
795,41,9,2023-08-17,5849.23
796,41,10,2023-09-17,5849.23
797,41,11,2023-10-17,5849.23
798,41,12,2023-11-17,5849.23
799,42,1,2023-05-22,2148.61
800,42,2,2023-06-22,2148.61
801,42,3,2023-07-22,2148.61
802,42,4,2023-08-22,2148.61
803,42,5,2023-09-22,2148.61
804,42,6,2023-10-22,2148.61
805,42,7,2023-11-22,2148.61
806,42,8,2023-12-22,2148.61
807,42,9,2024-01-22,2148.61
808,42,10,2024-02-22,2148.61
809,42,11,2024-03-22,2148.61
810,42,12,2024-04-22,2148.61
811,43,1,2023-07-10,10155.48
812,43,2,2023-08-10,10155.48
813,43,3,2023-09-10,10155.48
814,43,4,2023-10-10,10155.48
815,43,5,2023-11-10,10155.48
816,43,6,2023-12-10,10155.48
817,43,7,2024-01-10,10155.48
818,43,8,2024-02-10,10155.48
819,43,9,2024-03-10,10155.48
820,43,10,2024-04-10,10155.48
821,43,11,2024-05-10,10155.48
822,43,12,2024-06-10,10155.48
823,43,13,2024-07-10,10155.48
824,43,14,2024-08-10,10155.48
825,43,15,2024-09-10,10155.48
826,43,16,2024-10-10,10155.48
827,43,17,2024-11-10,10155.48
828,43,18,2024-12-10,10155.48
829,44,1,2022-04-08,7070.44
830,44,2,2022-05-08,7070.44
831,44,3,2022-06-08,7070.44
832,44,4,2022-07-08,7070.44
833,44,5,2022-08-08,7070.44
834,44,6,2022-09-08,7070.44
835,44,7,2022-10-08,7070.44
836,44,8,2022-11-08,7070.44
837,44,9,2022-12-08,7070.44
838,44,10,2023-01-08,7070.44
839,44,11,2023-02-08,7070.44
840,44,12,2023-03-08,7070.44
841,44,13,2023-04-08,7070.44
842,44,14,2023-05-08,7070.44
843,44,15,2023-06-08,7070.44
844,44,16,2023-07-08,7070.44
845,44,17,2023-08-08,7070.44
846,44,18,2023-09-08,7070.44
847,44,19,2023-10-08,7070.44
848,44,20,2023-11-08,7070.44
849,44,21,2023-12-08,7070.44
850,44,22,2024-01-08,7070.44
851,44,23,2024-02-08,7070.44
852,44,24,2024-03-08,7070.44
853,44,25,2024-04-08,7070.44
854,44,26,2024-05-08,7070.44
855,44,27,2024-06-08,7070.44
856,44,28,2024-07-08,7070.44
857,44,29,2024-08-08,7070.44
858,44,30,2024-09-08,7070.44
859,44,31,2024-10-08,7070.44
860,44,32,2024-11-08,7070.44
861,44,33,2024-12-08,7070.44
862,44,34,2025-01-08,7070.44
863,44,35,2025-02-08,7070.44
864,44,36,2025-03-08,7070.44
865,45,1,2026-02-03,2186.91
866,45,2,2026-03-03,2186.91
867,45,3,2026-04-03,2186.91
868,45,4,2026-05-03,2186.91
869,45,5,2026-06-03,2186.91
870,45,6,2026-07-03,2186.91
871,45,7,2026-08-03,2186.91
872,45,8,2026-09-03,2186.91
873,45,9,2026-10-03,2186.91
874,45,10,2026-11-03,2186.91
875,45,11,2026-12-03,2186.91
876,45,12,2027-01-03,2186.91
877,46,1,2025-05-16,4917.81
878,46,2,2025-06-16,4917.81
879,46,3,2025-07-16,4917.81
880,46,4,2025-08-16,4917.81
881,46,5,2025-09-16,4917.81
882,46,6,2025-10-16,4917.81
883,46,7,2025-11-16,4917.81
884,46,8,2025-12-16,4917.81
885,46,9,2026-01-16,4917.81
886,46,10,2026-02-16,4917.81
887,46,11,2026-03-16,4917.81
888,46,12,2026-04-16,4917.81
889,47,1,2021-02-25,3531.74
890,47,2,2021-03-25,3531.74
891,47,3,2021-04-25,3531.74
892,47,4,2021-05-25,3531.74
893,47,5,2021-06-25,3531.74
894,47,6,2021-07-25,3531.74
895,47,7,2021-08-25,3531.74
896,47,8,2021-09-25,3531.74
897,47,9,2021-10-25,3531.74
898,47,10,2021-11-25,3531.74
899,47,11,2021-12-25,3531.74
900,47,12,2022-01-25,3531.74
901,47,13,2022-02-25,3531.74
902,47,14,2022-03-25,3531.74
903,47,15,2022-04-25,3531.74
904,47,16,2022-05-25,3531.74
905,47,17,2022-06-25,3531.74
906,47,18,2022-07-25,3531.74
907,48,1,2023-12-24,7885.78
908,48,2,2024-01-24,7885.78
909,48,3,2024-02-24,7885.78
910,48,4,2024-03-24,7885.78
911,48,5,2024-04-24,7885.78
912,48,6,2024-05-24,7885.78
913,48,7,2024-06-24,7885.78
914,48,8,2024-07-24,7885.78
915,48,9,2024-08-24,7885.78
916,48,10,2024-09-24,7885.78
917,48,11,2024-10-24,7885.78
918,48,12,2024-11-24,7885.78
919,48,13,2024-12-24,7885.78
920,48,14,2025-01-24,7885.78
921,48,15,2025-02-24,7885.78
922,48,16,2025-03-24,7885.78
923,48,17,2025-04-24,7885.78
924,48,18,2025-05-24,7885.78
925,48,19,2025-06-24,7885.78
926,48,20,2025-07-24,7885.78
927,48,21,2025-08-24,7885.78
928,48,22,2025-09-24,7885.78
929,48,23,2025-10-24,7885.78
930,48,24,2025-11-24,7885.78
931,49,1,2023-05-28,1146.96
932,49,2,2023-06-28,1146.96
933,49,3,2023-07-28,1146.96
934,49,4,2023-08-28,1146.96
935,49,5,2023-09-28,1146.96
936,49,6,2023-10-28,1146.96
937,49,7,2023-11-28,1146.96
938,49,8,2023-12-28,1146.96
939,49,9,2024-01-28,1146.96
940,49,10,2024-02-28,1146.96
941,49,11,2024-03-28,1146.96
942,49,12,2024-04-28,1146.96
943,49,13,2024-05-28,1146.96
944,49,14,2024-06-28,1146.96
945,49,15,2024-07-28,1146.96
946,49,16,2024-08-28,1146.96
947,49,17,2024-09-28,1146.96
948,49,18,2024-10-28,1146.96
949,49,19,2024-11-28,1146.96
950,49,20,2024-12-28,1146.96
951,49,21,2025-01-28,1146.96
952,49,22,2025-02-28,1146.96
953,49,23,2025-03-28,1146.96
954,49,24,2025-04-28,1146.96
955,49,25,2025-05-28,1146.96
956,49,26,2025-06-28,1146.96
957,49,27,2025-07-28,1146.96
958,49,28,2025-08-28,1146.96
959,49,29,2025-09-28,1146.96
960,49,30,2025-10-28,1146.96
961,49,31,2025-11-28,1146.96
962,49,32,2025-12-28,1146.96
963,49,33,2026-01-28,1146.96
964,49,34,2026-02-28,1146.96
965,49,35,2026-03-28,1146.96
966,49,36,2026-04-28,1146.96
967,50,1,2021-03-18,2581.42
968,50,2,2021-04-18,2581.42
969,50,3,2021-05-18,2581.42
970,50,4,2021-06-18,2581.42
971,50,5,2021-07-18,2581.42
972,50,6,2021-08-18,2581.42
973,50,7,2021-09-18,2581.42
974,50,8,2021-10-18,2581.42
975,50,9,2021-11-18,2581.42
976,50,10,2021-12-18,2581.42
977,50,11,2022-01-18,2581.42
978,50,12,2022-02-18,2581.42
979,51,1,2025-03-06,10288.92
980,51,2,2025-04-06,10288.92
981,51,3,2025-05-06,10288.92
982,51,4,2025-06-06,10288.92
983,51,5,2025-07-06,10288.92
984,51,6,2025-08-06,10288.92
985,51,7,2025-09-06,10288.92
986,51,8,2025-10-06,10288.92
987,51,9,2025-11-06,10288.92
988,51,10,2025-12-06,10288.92
989,51,11,2026-01-06,10288.92
990,51,12,2026-02-06,10288.92
991,51,13,2026-03-06,10288.92
992,51,14,2026-04-06,10288.92
993,51,15,2026-05-06,10288.92
994,51,16,2026-06-06,10288.92
995,51,17,2026-07-06,10288.92
996,51,18,2026-08-06,10288.92
997,51,19,2026-09-06,10288.92
998,51,20,2026-10-06,10288.92
999,51,21,2026-11-06,10288.92
1000,51,22,2026-12-06,10288.92
1001,51,23,2027-01-06,10288.92
1002,51,24,2027-02-06,10288.92
1003,52,1,2023-09-18,5809.59
1004,52,2,2023-10-18,5809.59
1005,52,3,2023-11-18,5809.59
1006,52,4,2023-12-18,5809.59
1007,52,5,2024-01-18,5809.59
1008,52,6,2024-02-18,5809.59
1009,52,7,2024-03-18,5809.59
1010,52,8,2024-04-18,5809.59
1011,52,9,2024-05-18,5809.59
1012,52,10,2024-06-18,5809.59
1013,52,11,2024-07-18,5809.59
1014,52,12,2024-08-18,5809.59
1015,52,13,2024-09-18,5809.59
1016,52,14,2024-10-18,5809.59
1017,52,15,2024-11-18,5809.59
1018,52,16,2024-12-18,5809.59
1019,52,17,2025-01-18,5809.59
1020,52,18,2025-02-18,5809.59
1021,52,19,2025-03-18,5809.59
1022,52,20,2025-04-18,5809.59
1023,52,21,2025-05-18,5809.59
1024,52,22,2025-06-18,5809.59
1025,52,23,2025-07-18,5809.59
1026,52,24,2025-08-18,5809.59
1027,52,25,2025-09-18,5809.59
1028,52,26,2025-10-18,5809.59
1029,52,27,2025-11-18,5809.59
1030,52,28,2025-12-18,5809.59
1031,52,29,2026-01-18,5809.59
1032,52,30,2026-02-18,5809.59
1033,52,31,2026-03-18,5809.59
1034,52,32,2026-04-18,5809.59
1035,52,33,2026-05-18,5809.59
1036,52,34,2026-06-18,5809.59
1037,52,35,2026-07-18,5809.59
1038,52,36,2026-08-18,5809.59
1039,53,1,2026-02-14,6260.01
1040,53,2,2026-03-14,6260.01
1041,53,3,2026-04-14,6260.01
1042,53,4,2026-05-14,6260.01
1043,53,5,2026-06-14,6260.01
1044,53,6,2026-07-14,6260.01
1045,53,7,2026-08-14,6260.01
1046,53,8,2026-09-14,6260.01
1047,53,9,2026-10-14,6260.01
1048,53,10,2026-11-14,6260.01
1049,53,11,2026-12-14,6260.01
1050,53,12,2027-01-14,6260.01
1051,53,13,2027-02-14,6260.01
1052,53,14,2027-03-14,6260.01
1053,53,15,2027-04-14,6260.01
1054,53,16,2027-05-14,6260.01
1055,53,17,2027-06-14,6260.01
1056,53,18,2027-07-14,6260.01
1057,53,19,2027-08-14,6260.01
1058,53,20,2027-09-14,6260.01
1059,53,21,2027-10-14,6260.01
1060,53,22,2027-11-14,6260.01
1061,53,23,2027-12-14,6260.01
1062,53,24,2028-01-14,6260.01
1063,54,1,2022-07-25,2649.3
1064,54,2,2022-08-25,2649.3
1065,54,3,2022-09-25,2649.3
1066,54,4,2022-10-25,2649.3
1067,54,5,2022-11-25,2649.3
1068,54,6,2022-12-25,2649.3
1069,54,7,2023-01-25,2649.3
1070,54,8,2023-02-25,2649.3
1071,54,9,2023-03-25,2649.3
1072,54,10,2023-04-25,2649.3
1073,54,11,2023-05-25,2649.3
1074,54,12,2023-06-25,2649.3
1075,55,1,2024-02-22,20068.44
1076,55,2,2024-03-22,20068.44
1077,55,3,2024-04-22,20068.44
1078,55,4,2024-05-22,20068.44
1079,55,5,2024-06-22,20068.44
1080,55,6,2024-07-22,20068.44
1081,55,7,2024-08-22,20068.44
1082,55,8,2024-09-22,20068.44
1083,55,9,2024-10-22,20068.44
1084,55,10,2024-11-22,20068.44
1085,55,11,2024-12-22,20068.44
1086,55,12,2025-01-22,20068.44
1087,56,1,2025-09-29,8273.84
1088,56,2,2025-10-29,8273.84
1089,56,3,2025-11-29,8273.84
1090,56,4,2025-12-29,8273.84
1091,56,5,2026-01-29,8273.84
1092,56,6,2026-02-28,8273.84
1093,56,7,2026-03-29,8273.84
1094,56,8,2026-04-29,8273.84
1095,56,9,2026-05-29,8273.84
1096,56,10,2026-06-29,8273.84
1097,56,11,2026-07-29,8273.84
1098,56,12,2026-08-29,8273.84
1099,57,1,2021-08-17,2544.65
1100,57,2,2021-09-17,2544.65
1101,57,3,2021-10-17,2544.65
1102,57,4,2021-11-17,2544.65
1103,57,5,2021-12-17,2544.65
1104,57,6,2022-01-17,2544.65
1105,57,7,2022-02-17,2544.65
1106,57,8,2022-03-17,2544.65
1107,57,9,2022-04-17,2544.65
1108,57,10,2022-05-17,2544.65
1109,57,11,2022-06-17,2544.65
1110,57,12,2022-07-17,2544.65
1111,58,1,2024-09-05,6413.64
1112,58,2,2024-10-05,6413.64
1113,58,3,2024-11-05,6413.64
1114,58,4,2024-12-05,6413.64
1115,58,5,2025-01-05,6413.64
1116,58,6,2025-02-05,6413.64
1117,58,7,2025-03-05,6413.64
1118,58,8,2025-04-05,6413.64
1119,58,9,2025-05-05,6413.64
1120,58,10,2025-06-05,6413.64
1121,58,11,2025-07-05,6413.64
1122,58,12,2025-08-05,6413.64
1123,59,1,2022-09-03,1581.18
1124,59,2,2022-10-03,1581.18
1125,59,3,2022-11-03,1581.18
1126,59,4,2022-12-03,1581.18
1127,59,5,2023-01-03,1581.18
1128,59,6,2023-02-03,1581.18
1129,59,7,2023-03-03,1581.18
1130,59,8,2023-04-03,1581.18
1131,59,9,2023-05-03,1581.18
1132,59,10,2023-06-03,1581.18
1133,59,11,2023-07-03,1581.18
1134,59,12,2023-08-03,1581.18
1135,59,13,2023-09-03,1581.18
1136,59,14,2023-10-03,1581.18
1137,59,15,2023-11-03,1581.18
1138,59,16,2023-12-03,1581.18
1139,59,17,2024-01-03,1581.18
1140,59,18,2024-02-03,1581.18
1141,59,19,2024-03-03,1581.18
1142,59,20,2024-04-03,1581.18
1143,59,21,2024-05-03,1581.18
1144,59,22,2024-06-03,1581.18
1145,59,23,2024-07-03,1581.18
1146,59,24,2024-08-03,1581.18
1147,59,25,2024-09-03,1581.18
1148,59,26,2024-10-03,1581.18
1149,59,27,2024-11-03,1581.18
1150,59,28,2024-12-03,1581.18
1151,59,29,2025-01-03,1581.18
1152,59,30,2025-02-03,1581.18
1153,59,31,2025-03-03,1581.18
1154,59,32,2025-04-03,1581.18
1155,59,33,2025-05-03,1581.18
1156,59,34,2025-06-03,1581.18
1157,59,35,2025-07-03,1581.18
1158,59,36,2025-08-03,1581.18
1159,60,1,2025-11-25,17956.16
1160,60,2,2025-12-25,17956.16
1161,60,3,2026-01-25,17956.16
1162,60,4,2026-02-25,17956.16
1163,60,5,2026-03-25,17956.16
1164,60,6,2026-04-25,17956.16
1165,61,1,2023-10-30,2691.71
1166,61,2,2023-11-30,2691.71
1167,61,3,2023-12-30,2691.71
1168,61,4,2024-01-30,2691.71
1169,61,5,2024-02-29,2691.71
1170,61,6,2024-03-30,2691.71
1171,61,7,2024-04-30,2691.71
1172,61,8,2024-05-30,2691.71
1173,61,9,2024-06-30,2691.71
1174,61,10,2024-07-30,2691.71
1175,61,11,2024-08-30,2691.71
1176,61,12,2024-09-30,2691.71
1177,61,13,2024-10-30,2691.71
1178,61,14,2024-11-30,2691.71
1179,61,15,2024-12-30,2691.71
1180,61,16,2025-01-30,2691.71
1181,61,17,2025-02-28,2691.71
1182,61,18,2025-03-30,2691.71
1183,61,19,2025-04-30,2691.71
1184,61,20,2025-05-30,2691.71
1185,61,21,2025-06-30,2691.71
1186,61,22,2025-07-30,2691.71
1187,61,23,2025-08-30,2691.71
1188,61,24,2025-09-30,2691.71
1189,62,1,2024-12-02,6027.73
1190,62,2,2025-01-02,6027.73
1191,62,3,2025-02-02,6027.73
1192,62,4,2025-03-02,6027.73
1193,62,5,2025-04-02,6027.73
1194,62,6,2025-05-02,6027.73
1195,62,7,2025-06-02,6027.73
1196,62,8,2025-07-02,6027.73
1197,62,9,2025-08-02,6027.73
1198,62,10,2025-09-02,6027.73
1199,62,11,2025-10-02,6027.73
1200,62,12,2025-11-02,6027.73
1201,63,1,2022-02-27,10516.78
1202,63,2,2022-03-27,10516.78
1203,63,3,2022-04-27,10516.78
1204,63,4,2022-05-27,10516.78
1205,63,5,2022-06-27,10516.78
1206,63,6,2022-07-27,10516.78
1207,63,7,2022-08-27,10516.78
1208,63,8,2022-09-27,10516.78
1209,63,9,2022-10-27,10516.78
1210,63,10,2022-11-27,10516.78
1211,63,11,2022-12-27,10516.78
1212,63,12,2023-01-27,10516.78
1213,64,1,2024-04-29,3097.21
1214,64,2,2024-05-29,3097.21
1215,64,3,2024-06-29,3097.21
1216,64,4,2024-07-29,3097.21
1217,64,5,2024-08-29,3097.21
1218,64,6,2024-09-29,3097.21
1219,64,7,2024-10-29,3097.21
1220,64,8,2024-11-29,3097.21
1221,64,9,2024-12-29,3097.21
1222,64,10,2025-01-29,3097.21
1223,64,11,2025-02-28,3097.21
1224,64,12,2025-03-29,3097.21
1225,65,1,2022-05-29,13555.74
1226,65,2,2022-06-29,13555.74
1227,65,3,2022-07-29,13555.74
1228,65,4,2022-08-29,13555.74
1229,65,5,2022-09-29,13555.74
1230,65,6,2022-10-29,13555.74
1231,65,7,2022-11-29,13555.74
1232,65,8,2022-12-29,13555.74
1233,65,9,2023-01-29,13555.74
1234,65,10,2023-02-28,13555.74
1235,65,11,2023-03-29,13555.74
1236,65,12,2023-04-29,13555.74
1237,66,1,2024-01-19,5694.45
1238,66,2,2024-02-19,5694.45
1239,66,3,2024-03-19,5694.45
1240,66,4,2024-04-19,5694.45
1241,66,5,2024-05-19,5694.45
1242,66,6,2024-06-19,5694.45
1243,66,7,2024-07-19,5694.45
1244,66,8,2024-08-19,5694.45
1245,66,9,2024-09-19,5694.45
1246,66,10,2024-10-19,5694.45
1247,66,11,2024-11-19,5694.45
1248,66,12,2024-12-19,5694.45
1249,66,13,2025-01-19,5694.45
1250,66,14,2025-02-19,5694.45
1251,66,15,2025-03-19,5694.45
1252,66,16,2025-04-19,5694.45
1253,66,17,2025-05-19,5694.45
1254,66,18,2025-06-19,5694.45
1255,67,1,2023-05-11,4390.62
1256,67,2,2023-06-11,4390.62
1257,67,3,2023-07-11,4390.62
1258,67,4,2023-08-11,4390.62
1259,67,5,2023-09-11,4390.62
1260,67,6,2023-10-11,4390.62
1261,67,7,2023-11-11,4390.62
1262,67,8,2023-12-11,4390.62
1263,67,9,2024-01-11,4390.62
1264,67,10,2024-02-11,4390.62
1265,67,11,2024-03-11,4390.62
1266,67,12,2024-04-11,4390.62
1267,67,13,2024-05-11,4390.62
1268,67,14,2024-06-11,4390.62
1269,67,15,2024-07-11,4390.62
1270,67,16,2024-08-11,4390.62
1271,67,17,2024-09-11,4390.62
1272,67,18,2024-10-11,4390.62
1273,67,19,2024-11-11,4390.62
1274,67,20,2024-12-11,4390.62
1275,67,21,2025-01-11,4390.62
1276,67,22,2025-02-11,4390.62
1277,67,23,2025-03-11,4390.62
1278,67,24,2025-04-11,4390.62
1279,67,25,2025-05-11,4390.62
1280,67,26,2025-06-11,4390.62
1281,67,27,2025-07-11,4390.62
1282,67,28,2025-08-11,4390.62
1283,67,29,2025-09-11,4390.62
1284,67,30,2025-10-11,4390.62
1285,67,31,2025-11-11,4390.62
1286,67,32,2025-12-11,4390.62
1287,67,33,2026-01-11,4390.62
1288,67,34,2026-02-11,4390.62
1289,67,35,2026-03-11,4390.62
1290,67,36,2026-04-11,4390.62
1291,68,1,2023-02-24,1059.61
1292,68,2,2023-03-24,1059.61
1293,68,3,2023-04-24,1059.61
1294,68,4,2023-05-24,1059.61
1295,68,5,2023-06-24,1059.61
1296,68,6,2023-07-24,1059.61
1297,68,7,2023-08-24,1059.61
1298,68,8,2023-09-24,1059.61
1299,68,9,2023-10-24,1059.61
1300,68,10,2023-11-24,1059.61
1301,68,11,2023-12-24,1059.61
1302,68,12,2024-01-24,1059.61
1303,68,13,2024-02-24,1059.61
1304,68,14,2024-03-24,1059.61
1305,68,15,2024-04-24,1059.61
1306,68,16,2024-05-24,1059.61
1307,68,17,2024-06-24,1059.61
1308,68,18,2024-07-24,1059.61
1309,68,19,2024-08-24,1059.61
1310,68,20,2024-09-24,1059.61
1311,68,21,2024-10-24,1059.61
1312,68,22,2024-11-24,1059.61
1313,68,23,2024-12-24,1059.61
1314,68,24,2025-01-24,1059.61
1315,68,25,2025-02-24,1059.61
1316,68,26,2025-03-24,1059.61
1317,68,27,2025-04-24,1059.61
1318,68,28,2025-05-24,1059.61
1319,68,29,2025-06-24,1059.61
1320,68,30,2025-07-24,1059.61
1321,68,31,2025-08-24,1059.61
1322,68,32,2025-09-24,1059.61
1323,68,33,2025-10-24,1059.61
1324,68,34,2025-11-24,1059.61
1325,68,35,2025-12-24,1059.61
1326,68,36,2026-01-24,1059.61
1327,69,1,2022-05-07,10358.67
1328,69,2,2022-06-07,10358.67
1329,69,3,2022-07-07,10358.67
1330,69,4,2022-08-07,10358.67
1331,69,5,2022-09-07,10358.67
1332,69,6,2022-10-07,10358.67
1333,69,7,2022-11-07,10358.67
1334,69,8,2022-12-07,10358.67
1335,69,9,2023-01-07,10358.67
1336,69,10,2023-02-07,10358.67
1337,69,11,2023-03-07,10358.67
1338,69,12,2023-04-07,10358.67
1339,69,13,2023-05-07,10358.67
1340,69,14,2023-06-07,10358.67
1341,69,15,2023-07-07,10358.67
1342,69,16,2023-08-07,10358.67
1343,69,17,2023-09-07,10358.67
1344,69,18,2023-10-07,10358.67
1345,69,19,2023-11-07,10358.67
1346,69,20,2023-12-07,10358.67
1347,69,21,2024-01-07,10358.67
1348,69,22,2024-02-07,10358.67
1349,69,23,2024-03-07,10358.67
1350,69,24,2024-04-07,10358.67
1351,70,1,2021-02-22,3363.38
1352,70,2,2021-03-22,3363.38
1353,70,3,2021-04-22,3363.38
1354,70,4,2021-05-22,3363.38
1355,70,5,2021-06-22,3363.38
1356,70,6,2021-07-22,3363.38
1357,70,7,2021-08-22,3363.38
1358,70,8,2021-09-22,3363.38
1359,70,9,2021-10-22,3363.38
1360,70,10,2021-11-22,3363.38
1361,70,11,2021-12-22,3363.38
1362,70,12,2022-01-22,3363.38
1363,70,13,2022-02-22,3363.38
1364,70,14,2022-03-22,3363.38
1365,70,15,2022-04-22,3363.38
1366,70,16,2022-05-22,3363.38
1367,70,17,2022-06-22,3363.38
1368,70,18,2022-07-22,3363.38
1369,70,19,2022-08-22,3363.38
1370,70,20,2022-09-22,3363.38
1371,70,21,2022-10-22,3363.38
1372,70,22,2022-11-22,3363.38
1373,70,23,2022-12-22,3363.38
1374,70,24,2023-01-22,3363.38
1375,71,1,2026-07-29,3120.3
1376,71,2,2026-08-29,3120.3
1377,71,3,2026-09-29,3120.3
1378,71,4,2026-10-29,3120.3
1379,71,5,2026-11-29,3120.3
1380,71,6,2026-12-29,3120.3
1381,71,7,2027-01-29,3120.3
1382,71,8,2027-02-28,3120.3
1383,71,9,2027-03-29,3120.3
1384,71,10,2027-04-29,3120.3
1385,71,11,2027-05-29,3120.3
1386,71,12,2027-06-29,3120.3
1387,71,13,2027-07-29,3120.3
1388,71,14,2027-08-29,3120.3
1389,71,15,2027-09-29,3120.3
1390,71,16,2027-10-29,3120.3
1391,71,17,2027-11-29,3120.3
1392,71,18,2027-12-29,3120.3
1393,71,19,2028-01-29,3120.3
1394,71,20,2028-02-29,3120.3
1395,71,21,2028-03-29,3120.3
1396,71,22,2028-04-29,3120.3
1397,71,23,2028-05-29,3120.3
1398,71,24,2028-06-29,3120.3
1399,72,1,2025-02-04,6626.12
1400,72,2,2025-03-04,6626.12
1401,72,3,2025-04-04,6626.12
1402,72,4,2025-05-04,6626.12
1403,72,5,2025-06-04,6626.12
1404,72,6,2025-07-04,6626.12
1405,72,7,2025-08-04,6626.12
1406,72,8,2025-09-04,6626.12
1407,72,9,2025-10-04,6626.12
1408,72,10,2025-11-04,6626.12
1409,72,11,2025-12-04,6626.12
1410,72,12,2026-01-04,6626.12
1411,73,1,2026-07-27,3738.24
1412,73,2,2026-08-27,3738.24
1413,73,3,2026-09-27,3738.24
1414,73,4,2026-10-27,3738.24
1415,73,5,2026-11-27,3738.24
1416,73,6,2026-12-27,3738.24
1417,73,7,2027-01-27,3738.24
1418,73,8,2027-02-27,3738.24
1419,73,9,2027-03-27,3738.24
1420,73,10,2027-04-27,3738.24
1421,73,11,2027-05-27,3738.24
1422,73,12,2027-06-27,3738.24
1423,74,1,2024-09-26,2853.81
1424,74,2,2024-10-26,2853.81
1425,74,3,2024-11-26,2853.81
1426,74,4,2024-12-26,2853.81
1427,74,5,2025-01-26,2853.81
1428,74,6,2025-02-26,2853.81
1429,74,7,2025-03-26,2853.81
1430,74,8,2025-04-26,2853.81
1431,74,9,2025-05-26,2853.81
1432,74,10,2025-06-26,2853.81
1433,74,11,2025-07-26,2853.81
1434,74,12,2025-08-26,2853.81
1435,74,13,2025-09-26,2853.81
1436,74,14,2025-10-26,2853.81
1437,74,15,2025-11-26,2853.81
1438,74,16,2025-12-26,2853.81
1439,74,17,2026-01-26,2853.81
1440,74,18,2026-02-26,2853.81
1441,74,19,2026-03-26,2853.81
1442,74,20,2026-04-26,2853.81
1443,74,21,2026-05-26,2853.81
1444,74,22,2026-06-26,2853.81
1445,74,23,2026-07-26,2853.81
1446,74,24,2026-08-26,2853.81
1447,74,25,2026-09-26,2853.81
1448,74,26,2026-10-26,2853.81
1449,74,27,2026-11-26,2853.81
1450,74,28,2026-12-26,2853.81
1451,74,29,2027-01-26,2853.81
1452,74,30,2027-02-26,2853.81
1453,74,31,2027-03-26,2853.81
1454,74,32,2027-04-26,2853.81
1455,74,33,2027-05-26,2853.81
1456,74,34,2027-06-26,2853.81
1457,74,35,2027-07-26,2853.81
1458,74,36,2027-08-26,2853.81
1459,75,1,2023-05-08,6852.76
1460,75,2,2023-06-08,6852.76
1461,75,3,2023-07-08,6852.76
1462,75,4,2023-08-08,6852.76
1463,75,5,2023-09-08,6852.76
1464,75,6,2023-10-08,6852.76
1465,76,1,2024-06-27,3146.32
1466,76,2,2024-07-27,3146.32
1467,76,3,2024-08-27,3146.32
1468,76,4,2024-09-27,3146.32
1469,76,5,2024-10-27,3146.32
1470,76,6,2024-11-27,3146.32
1471,76,7,2024-12-27,3146.32
1472,76,8,2025-01-27,3146.32
1473,76,9,2025-02-27,3146.32
1474,76,10,2025-03-27,3146.32
1475,76,11,2025-04-27,3146.32
1476,76,12,2025-05-27,3146.32
1477,77,1,2024-03-10,3727.51
1478,77,2,2024-04-10,3727.51
1479,77,3,2024-05-10,3727.51
1480,77,4,2024-06-10,3727.51
1481,77,5,2024-07-10,3727.51
1482,77,6,2024-08-10,3727.51
1483,78,1,2021-08-16,7574.06
1484,78,2,2021-09-16,7574.06
1485,78,3,2021-10-16,7574.06
1486,78,4,2021-11-16,7574.06
1487,78,5,2021-12-16,7574.06
1488,78,6,2022-01-16,7574.06
1489,78,7,2022-02-16,7574.06
1490,78,8,2022-03-16,7574.06
1491,78,9,2022-04-16,7574.06
1492,78,10,2022-05-16,7574.06
1493,78,11,2022-06-16,7574.06
1494,78,12,2022-07-16,7574.06
1495,79,1,2024-11-05,5347.19
1496,79,2,2024-12-05,5347.19
1497,79,3,2025-01-05,5347.19
1498,79,4,2025-02-05,5347.19
1499,79,5,2025-03-05,5347.19
1500,79,6,2025-04-05,5347.19
1501,79,7,2025-05-05,5347.19
1502,79,8,2025-06-05,5347.19
1503,79,9,2025-07-05,5347.19
1504,79,10,2025-08-05,5347.19
1505,79,11,2025-09-05,5347.19
1506,79,12,2025-10-05,5347.19
1507,79,13,2025-11-05,5347.19
1508,79,14,2025-12-05,5347.19
1509,79,15,2026-01-05,5347.19
1510,79,16,2026-02-05,5347.19
1511,79,17,2026-03-05,5347.19
1512,79,18,2026-04-05,5347.19
1513,79,19,2026-05-05,5347.19
1514,79,20,2026-06-05,5347.19
1515,79,21,2026-07-05,5347.19
1516,79,22,2026-08-05,5347.19
1517,79,23,2026-09-05,5347.19
1518,79,24,2026-10-05,5347.19
1519,80,1,2026-01-05,7789.11
1520,80,2,2026-02-05,7789.11
1521,80,3,2026-03-05,7789.11
1522,80,4,2026-04-05,7789.11
1523,80,5,2026-05-05,7789.11
1524,80,6,2026-06-05,7789.11
1525,81,1,2023-07-08,5897.33
1526,81,2,2023-08-08,5897.33
1527,81,3,2023-09-08,5897.33
1528,81,4,2023-10-08,5897.33
1529,81,5,2023-11-08,5897.33
1530,81,6,2023-12-08,5897.33
1531,82,1,2024-12-24,2073.34
1532,82,2,2025-01-24,2073.34
1533,82,3,2025-02-24,2073.34
1534,82,4,2025-03-24,2073.34
1535,82,5,2025-04-24,2073.34
1536,82,6,2025-05-24,2073.34
1537,82,7,2025-06-24,2073.34
1538,82,8,2025-07-24,2073.34
1539,82,9,2025-08-24,2073.34
1540,82,10,2025-09-24,2073.34
1541,82,11,2025-10-24,2073.34
1542,82,12,2025-11-24,2073.34
1543,83,1,2021-01-23,1798.6
1544,83,2,2021-02-23,1798.6
1545,83,3,2021-03-23,1798.6
1546,83,4,2021-04-23,1798.6
1547,83,5,2021-05-23,1798.6
1548,83,6,2021-06-23,1798.6
1549,83,7,2021-07-23,1798.6
1550,83,8,2021-08-23,1798.6
1551,83,9,2021-09-23,1798.6
1552,83,10,2021-10-23,1798.6
1553,83,11,2021-11-23,1798.6
1554,83,12,2021-12-23,1798.6
1555,83,13,2022-01-23,1798.6
1556,83,14,2022-02-23,1798.6
1557,83,15,2022-03-23,1798.6
1558,83,16,2022-04-23,1798.6
1559,83,17,2022-05-23,1798.6
1560,83,18,2022-06-23,1798.6
1561,83,19,2022-07-23,1798.6
1562,83,20,2022-08-23,1798.6
1563,83,21,2022-09-23,1798.6
1564,83,22,2022-10-23,1798.6
1565,83,23,2022-11-23,1798.6
1566,83,24,2022-12-23,1798.6
1567,83,25,2023-01-23,1798.6
1568,83,26,2023-02-23,1798.6
1569,83,27,2023-03-23,1798.6
1570,83,28,2023-04-23,1798.6
1571,83,29,2023-05-23,1798.6
1572,83,30,2023-06-23,1798.6
1573,83,31,2023-07-23,1798.6
1574,83,32,2023-08-23,1798.6
1575,83,33,2023-09-23,1798.6
1576,83,34,2023-10-23,1798.6
1577,83,35,2023-11-23,1798.6
1578,83,36,2023-12-23,1798.6
1579,84,1,2021-12-09,27579.6
1580,84,2,2022-01-09,27579.6
1581,84,3,2022-02-09,27579.6
1582,84,4,2022-03-09,27579.6
1583,84,5,2022-04-09,27579.6
1584,84,6,2022-05-09,27579.6
1585,85,1,2021-01-17,20308.92
1586,85,2,2021-02-17,20308.92
1587,85,3,2021-03-17,20308.92
1588,85,4,2021-04-17,20308.92
1589,85,5,2021-05-17,20308.92
1590,85,6,2021-06-17,20308.92
1591,85,7,2021-07-17,20308.92
1592,85,8,2021-08-17,20308.92
1593,85,9,2021-09-17,20308.92
1594,85,10,2021-10-17,20308.92
1595,85,11,2021-11-17,20308.92
1596,85,12,2021-12-17,20308.92
1597,86,1,2024-04-06,1049.04
1598,86,2,2024-05-06,1049.04
1599,86,3,2024-06-06,1049.04
1600,86,4,2024-07-06,1049.04
1601,86,5,2024-08-06,1049.04
1602,86,6,2024-09-06,1049.04
1603,86,7,2024-10-06,1049.04
1604,86,8,2024-11-06,1049.04
1605,86,9,2024-12-06,1049.04
1606,86,10,2025-01-06,1049.04
1607,86,11,2025-02-06,1049.04
1608,86,12,2025-03-06,1049.04
1609,86,13,2025-04-06,1049.04
1610,86,14,2025-05-06,1049.04
1611,86,15,2025-06-06,1049.04
1612,86,16,2025-07-06,1049.04
1613,86,17,2025-08-06,1049.04
1614,86,18,2025-09-06,1049.04
1615,86,19,2025-10-06,1049.04
1616,86,20,2025-11-06,1049.04
1617,86,21,2025-12-06,1049.04
1618,86,22,2026-01-06,1049.04
1619,86,23,2026-02-06,1049.04
1620,86,24,2026-03-06,1049.04
1621,86,25,2026-04-06,1049.04
1622,86,26,2026-05-06,1049.04
1623,86,27,2026-06-06,1049.04
1624,86,28,2026-07-06,1049.04
1625,86,29,2026-08-06,1049.04
1626,86,30,2026-09-06,1049.04
1627,86,31,2026-10-06,1049.04
1628,86,32,2026-11-06,1049.04
1629,86,33,2026-12-06,1049.04
1630,86,34,2027-01-06,1049.04
1631,86,35,2027-02-06,1049.04
1632,86,36,2027-03-06,1049.04
1633,87,1,2021-10-30,2313.24
1634,87,2,2021-11-30,2313.24
1635,87,3,2021-12-30,2313.24
1636,87,4,2022-01-30,2313.24
1637,87,5,2022-02-28,2313.24
1638,87,6,2022-03-30,2313.24
1639,87,7,2022-04-30,2313.24
1640,87,8,2022-05-30,2313.24
1641,87,9,2022-06-30,2313.24
1642,87,10,2022-07-30,2313.24
1643,87,11,2022-08-30,2313.24
1644,87,12,2022-09-30,2313.24
1645,87,13,2022-10-30,2313.24
1646,87,14,2022-11-30,2313.24
1647,87,15,2022-12-30,2313.24
1648,87,16,2023-01-30,2313.24
1649,87,17,2023-02-28,2313.24
1650,87,18,2023-03-30,2313.24
1651,87,19,2023-04-30,2313.24
1652,87,20,2023-05-30,2313.24
1653,87,21,2023-06-30,2313.24
1654,87,22,2023-07-30,2313.24
1655,87,23,2023-08-30,2313.24
1656,87,24,2023-09-30,2313.24
1657,87,25,2023-10-30,2313.24
1658,87,26,2023-11-30,2313.24
1659,87,27,2023-12-30,2313.24
1660,87,28,2024-01-30,2313.24
1661,87,29,2024-02-29,2313.24
1662,87,30,2024-03-30,2313.24
1663,87,31,2024-04-30,2313.24
1664,87,32,2024-05-30,2313.24
1665,87,33,2024-06-30,2313.24
1666,87,34,2024-07-30,2313.24
1667,87,35,2024-08-30,2313.24
1668,87,36,2024-09-30,2313.24
1669,88,1,2023-03-28,2793.09
1670,88,2,2023-04-28,2793.09
1671,88,3,2023-05-28,2793.09
1672,88,4,2023-06-28,2793.09
1673,88,5,2023-07-28,2793.09
1674,88,6,2023-08-28,2793.09
1675,88,7,2023-09-28,2793.09
1676,88,8,2023-10-28,2793.09
1677,88,9,2023-11-28,2793.09
1678,88,10,2023-12-28,2793.09
1679,88,11,2024-01-28,2793.09
1680,88,12,2024-02-28,2793.09
1681,88,13,2024-03-28,2793.09
1682,88,14,2024-04-28,2793.09
1683,88,15,2024-05-28,2793.09
1684,88,16,2024-06-28,2793.09
1685,88,17,2024-07-28,2793.09
1686,88,18,2024-08-28,2793.09
1687,89,1,2021-07-27,3093.57
1688,89,2,2021-08-27,3093.57
1689,89,3,2021-09-27,3093.57
1690,89,4,2021-10-27,3093.57
1691,89,5,2021-11-27,3093.57
1692,89,6,2021-12-27,3093.57
1693,89,7,2022-01-27,3093.57
1694,89,8,2022-02-27,3093.57
1695,89,9,2022-03-27,3093.57
1696,89,10,2022-04-27,3093.57
1697,89,11,2022-05-27,3093.57
1698,89,12,2022-06-27,3093.57
1699,90,1,2023-11-14,2861.23
1700,90,2,2023-12-14,2861.23
1701,90,3,2024-01-14,2861.23
1702,90,4,2024-02-14,2861.23
1703,90,5,2024-03-14,2861.23
1704,90,6,2024-04-14,2861.23
1705,90,7,2024-05-14,2861.23
1706,90,8,2024-06-14,2861.23
1707,90,9,2024-07-14,2861.23
1708,90,10,2024-08-14,2861.23
1709,90,11,2024-09-14,2861.23
1710,90,12,2024-10-14,2861.23
1711,91,1,2022-01-22,7477.17
1712,91,2,2022-02-22,7477.17
1713,91,3,2022-03-22,7477.17
1714,91,4,2022-04-22,7477.17
1715,91,5,2022-05-22,7477.17
1716,91,6,2022-06-22,7477.17
1717,92,1,2022-12-16,1802.62
1718,92,2,2023-01-16,1802.62
1719,92,3,2023-02-16,1802.62
1720,92,4,2023-03-16,1802.62
1721,92,5,2023-04-16,1802.62
1722,92,6,2023-05-16,1802.62
1723,92,7,2023-06-16,1802.62
1724,92,8,2023-07-16,1802.62
1725,92,9,2023-08-16,1802.62
1726,92,10,2023-09-16,1802.62
1727,92,11,2023-10-16,1802.62
1728,92,12,2023-11-16,1802.62
1729,92,13,2023-12-16,1802.62
1730,92,14,2024-01-16,1802.62
1731,92,15,2024-02-16,1802.62
1732,92,16,2024-03-16,1802.62
1733,92,17,2024-04-16,1802.62
1734,92,18,2024-05-16,1802.62
1735,93,1,2024-07-23,5213.56
1736,93,2,2024-08-23,5213.56
1737,93,3,2024-09-23,5213.56
1738,93,4,2024-10-23,5213.56
1739,93,5,2024-11-23,5213.56
1740,93,6,2024-12-23,5213.56
1741,93,7,2025-01-23,5213.56
1742,93,8,2025-02-23,5213.56
1743,93,9,2025-03-23,5213.56
1744,93,10,2025-04-23,5213.56
1745,93,11,2025-05-23,5213.56
1746,93,12,2025-06-23,5213.56
1747,94,1,2021-06-14,7911.32
1748,94,2,2021-07-14,7911.32
1749,94,3,2021-08-14,7911.32
1750,94,4,2021-09-14,7911.32
1751,94,5,2021-10-14,7911.32
1752,94,6,2021-11-14,7911.32
1753,95,1,2022-05-08,5564.79
1754,95,2,2022-06-08,5564.79
1755,95,3,2022-07-08,5564.79
1756,95,4,2022-08-08,5564.79
1757,95,5,2022-09-08,5564.79
1758,95,6,2022-10-08,5564.79
1759,95,7,2022-11-08,5564.79
1760,95,8,2022-12-08,5564.79
1761,95,9,2023-01-08,5564.79
1762,95,10,2023-02-08,5564.79
1763,95,11,2023-03-08,5564.79
1764,95,12,2023-04-08,5564.79
1765,96,1,2026-08-12,2321.37
1766,96,2,2026-09-12,2321.37
1767,96,3,2026-10-12,2321.37
1768,96,4,2026-11-12,2321.37
1769,96,5,2026-12-12,2321.37
1770,96,6,2027-01-12,2321.37
1771,96,7,2027-02-12,2321.37
1772,96,8,2027-03-12,2321.37
1773,96,9,2027-04-12,2321.37
1774,96,10,2027-05-12,2321.37
1775,96,11,2027-06-12,2321.37
1776,96,12,2027-07-12,2321.37
1777,96,13,2027-08-12,2321.37
1778,96,14,2027-09-12,2321.37
1779,96,15,2027-10-12,2321.37
1780,96,16,2027-11-12,2321.37
1781,96,17,2027-12-12,2321.37
1782,96,18,2028-01-12,2321.37
1783,96,19,2028-02-12,2321.37
1784,96,20,2028-03-12,2321.37
1785,96,21,2028-04-12,2321.37
1786,96,22,2028-05-12,2321.37
1787,96,23,2028-06-12,2321.37
1788,96,24,2028-07-12,2321.37
1789,97,1,2025-03-27,3014.21
1790,97,2,2025-04-27,3014.21
1791,97,3,2025-05-27,3014.21
1792,97,4,2025-06-27,3014.21
1793,97,5,2025-07-27,3014.21
1794,97,6,2025-08-27,3014.21
1795,97,7,2025-09-27,3014.21
1796,97,8,2025-10-27,3014.21
1797,97,9,2025-11-27,3014.21
1798,97,10,2025-12-27,3014.21
1799,97,11,2026-01-27,3014.21
1800,97,12,2026-02-27,3014.21
1801,97,13,2026-03-27,3014.21
1802,97,14,2026-04-27,3014.21
1803,97,15,2026-05-27,3014.21
1804,97,16,2026-06-27,3014.21
1805,97,17,2026-07-27,3014.21
1806,97,18,2026-08-27,3014.21
1807,97,19,2026-09-27,3014.21
1808,97,20,2026-10-27,3014.21
1809,97,21,2026-11-27,3014.21
1810,97,22,2026-12-27,3014.21
1811,97,23,2027-01-27,3014.21
1812,97,24,2027-02-27,3014.21
1813,97,25,2027-03-27,3014.21
1814,97,26,2027-04-27,3014.21
1815,97,27,2027-05-27,3014.21
1816,97,28,2027-06-27,3014.21
1817,97,29,2027-07-27,3014.21
1818,97,30,2027-08-27,3014.21
1819,97,31,2027-09-27,3014.21
1820,97,32,2027-10-27,3014.21
1821,97,33,2027-11-27,3014.21
1822,97,34,2027-12-27,3014.21
1823,97,35,2028-01-27,3014.21
1824,97,36,2028-02-27,3014.21
1825,98,1,2023-07-18,3988.07
1826,98,2,2023-08-18,3988.07
1827,98,3,2023-09-18,3988.07
1828,98,4,2023-10-18,3988.07
1829,98,5,2023-11-18,3988.07
1830,98,6,2023-12-18,3988.07
1831,98,7,2024-01-18,3988.07
1832,98,8,2024-02-18,3988.07
1833,98,9,2024-03-18,3988.07
1834,98,10,2024-04-18,3988.07
1835,98,11,2024-05-18,3988.07
1836,98,12,2024-06-18,3988.07
1837,99,1,2024-12-03,10454.81
1838,99,2,2025-01-03,10454.81
1839,99,3,2025-02-03,10454.81
1840,99,4,2025-03-03,10454.81
1841,99,5,2025-04-03,10454.81
1842,99,6,2025-05-03,10454.81
1843,99,7,2025-06-03,10454.81
1844,99,8,2025-07-03,10454.81
1845,99,9,2025-08-03,10454.81
1846,99,10,2025-09-03,10454.81
1847,99,11,2025-10-03,10454.81
1848,99,12,2025-11-03,10454.81
1849,99,13,2025-12-03,10454.81
1850,99,14,2026-01-03,10454.81
1851,99,15,2026-02-03,10454.81
1852,99,16,2026-03-03,10454.81
1853,99,17,2026-04-03,10454.81
1854,99,18,2026-05-03,10454.81
1855,99,19,2026-06-03,10454.81
1856,99,20,2026-07-03,10454.81
1857,99,21,2026-08-03,10454.81
1858,99,22,2026-09-03,10454.81
1859,99,23,2026-10-03,10454.81
1860,99,24,2026-11-03,10454.81
1861,100,1,2024-05-25,8216.63
1862,100,2,2024-06-25,8216.63
1863,100,3,2024-07-25,8216.63
1864,100,4,2024-08-25,8216.63
1865,100,5,2024-09-25,8216.63
1866,100,6,2024-10-25,8216.63
1867,100,7,2024-11-25,8216.63
1868,100,8,2024-12-25,8216.63
1869,100,9,2025-01-25,8216.63
1870,100,10,2025-02-25,8216.63
1871,100,11,2025-03-25,8216.63
1872,100,12,2025-04-25,8216.63
1873,100,13,2025-05-25,8216.63
1874,100,14,2025-06-25,8216.63
1875,100,15,2025-07-25,8216.63
1876,100,16,2025-08-25,8216.63
1877,100,17,2025-09-25,8216.63
1878,100,18,2025-10-25,8216.63
1879,100,19,2025-11-25,8216.63
1880,100,20,2025-12-25,8216.63
1881,100,21,2026-01-25,8216.63
1882,100,22,2026-02-25,8216.63
1883,100,23,2026-03-25,8216.63
1884,100,24,2026-04-25,8216.63
1885,100,25,2026-05-25,8216.63
1886,100,26,2026-06-25,8216.63
1887,100,27,2026-07-25,8216.63
1888,100,28,2026-08-25,8216.63
1889,100,29,2026-09-25,8216.63
1890,100,30,2026-10-25,8216.63
1891,100,31,2026-11-25,8216.63
1892,100,32,2026-12-25,8216.63
1893,100,33,2027-01-25,8216.63
1894,100,34,2027-02-25,8216.63
1895,100,35,2027-03-25,8216.63
1896,100,36,2027-04-25,8216.63
1897,101,1,2022-11-28,1408.65
1898,101,2,2022-12-28,1408.65
1899,101,3,2023-01-28,1408.65
1900,101,4,2023-02-28,1408.65
1901,101,5,2023-03-28,1408.65
1902,101,6,2023-04-28,1408.65
1903,101,7,2023-05-28,1408.65
1904,101,8,2023-06-28,1408.65
1905,101,9,2023-07-28,1408.65
1906,101,10,2023-08-28,1408.65
1907,101,11,2023-09-28,1408.65
1908,101,12,2023-10-28,1408.65
1909,101,13,2023-11-28,1408.65
1910,101,14,2023-12-28,1408.65
1911,101,15,2024-01-28,1408.65
1912,101,16,2024-02-28,1408.65
1913,101,17,2024-03-28,1408.65
1914,101,18,2024-04-28,1408.65
1915,101,19,2024-05-28,1408.65
1916,101,20,2024-06-28,1408.65
1917,101,21,2024-07-28,1408.65
1918,101,22,2024-08-28,1408.65
1919,101,23,2024-09-28,1408.65
1920,101,24,2024-10-28,1408.65
1921,102,1,2023-09-13,13876.67
1922,102,2,2023-10-13,13876.67
1923,102,3,2023-11-13,13876.67
1924,102,4,2023-12-13,13876.67
1925,102,5,2024-01-13,13876.67
1926,102,6,2024-02-13,13876.67
1927,103,1,2022-04-04,5140.76
1928,103,2,2022-05-04,5140.76
1929,103,3,2022-06-04,5140.76
1930,103,4,2022-07-04,5140.76
1931,103,5,2022-08-04,5140.76
1932,103,6,2022-09-04,5140.76
1933,103,7,2022-10-04,5140.76
1934,103,8,2022-11-04,5140.76
1935,103,9,2022-12-04,5140.76
1936,103,10,2023-01-04,5140.76
1937,103,11,2023-02-04,5140.76
1938,103,12,2023-03-04,5140.76
1939,104,1,2023-12-01,3951.87
1940,104,2,2024-01-01,3951.87
1941,104,3,2024-02-01,3951.87
1942,104,4,2024-03-01,3951.87
1943,104,5,2024-04-01,3951.87
1944,104,6,2024-05-01,3951.87
1945,104,7,2024-06-01,3951.87
1946,104,8,2024-07-01,3951.87
1947,104,9,2024-08-01,3951.87
1948,104,10,2024-09-01,3951.87
1949,104,11,2024-10-01,3951.87
1950,104,12,2024-11-01,3951.87
1951,104,13,2024-12-01,3951.87
1952,104,14,2025-01-01,3951.87
1953,104,15,2025-02-01,3951.87
1954,104,16,2025-03-01,3951.87
1955,104,17,2025-04-01,3951.87
1956,104,18,2025-05-01,3951.87
1957,104,19,2025-06-01,3951.87
1958,104,20,2025-07-01,3951.87
1959,104,21,2025-08-01,3951.87
1960,104,22,2025-09-01,3951.87
1961,104,23,2025-10-01,3951.87
1962,104,24,2025-11-01,3951.87
1963,105,1,2023-10-26,7958.09
1964,105,2,2023-11-26,7958.09
1965,105,3,2023-12-26,7958.09
1966,105,4,2024-01-26,7958.09
1967,105,5,2024-02-26,7958.09
1968,105,6,2024-03-26,7958.09
1969,105,7,2024-04-26,7958.09
1970,105,8,2024-05-26,7958.09
1971,105,9,2024-06-26,7958.09
1972,105,10,2024-07-26,7958.09
1973,105,11,2024-08-26,7958.09
1974,105,12,2024-09-26,7958.09
1975,106,1,2023-04-24,3169.52
1976,106,2,2023-05-24,3169.52
1977,106,3,2023-06-24,3169.52
1978,106,4,2023-07-24,3169.52
1979,106,5,2023-08-24,3169.52
1980,106,6,2023-09-24,3169.52
1981,106,7,2023-10-24,3169.52
1982,106,8,2023-11-24,3169.52
1983,106,9,2023-12-24,3169.52
1984,106,10,2024-01-24,3169.52
1985,106,11,2024-02-24,3169.52
1986,106,12,2024-03-24,3169.52
1987,106,13,2024-04-24,3169.52
1988,106,14,2024-05-24,3169.52
1989,106,15,2024-06-24,3169.52
1990,106,16,2024-07-24,3169.52
1991,106,17,2024-08-24,3169.52
1992,106,18,2024-09-24,3169.52
1993,106,19,2024-10-24,3169.52
1994,106,20,2024-11-24,3169.52
1995,106,21,2024-12-24,3169.52
1996,106,22,2025-01-24,3169.52
1997,106,23,2025-02-24,3169.52
1998,106,24,2025-03-24,3169.52
1999,107,1,2023-06-06,2393.2
2000,107,2,2023-07-06,2393.2
2001,107,3,2023-08-06,2393.2
2002,107,4,2023-09-06,2393.2
2003,107,5,2023-10-06,2393.2
2004,107,6,2023-11-06,2393.2
2005,107,7,2023-12-06,2393.2
2006,107,8,2024-01-06,2393.2
2007,107,9,2024-02-06,2393.2
2008,107,10,2024-03-06,2393.2
2009,107,11,2024-04-06,2393.2
2010,107,12,2024-05-06,2393.2
2011,107,13,2024-06-06,2393.2
2012,107,14,2024-07-06,2393.2
2013,107,15,2024-08-06,2393.2
2014,107,16,2024-09-06,2393.2
2015,107,17,2024-10-06,2393.2
2016,107,18,2024-11-06,2393.2
2017,107,19,2024-12-06,2393.2
2018,107,20,2025-01-06,2393.2
2019,107,21,2025-02-06,2393.2
2020,107,22,2025-03-06,2393.2
2021,107,23,2025-04-06,2393.2
2022,107,24,2025-05-06,2393.2
2023,107,25,2025-06-06,2393.2
2024,107,26,2025-07-06,2393.2
2025,107,27,2025-08-06,2393.2
2026,107,28,2025-09-06,2393.2
2027,107,29,2025-10-06,2393.2
2028,107,30,2025-11-06,2393.2
2029,107,31,2025-12-06,2393.2
2030,107,32,2026-01-06,2393.2
2031,107,33,2026-02-06,2393.2
2032,107,34,2026-03-06,2393.2
2033,107,35,2026-04-06,2393.2
2034,107,36,2026-05-06,2393.2
2035,108,1,2021-06-14,14178.57
2036,108,2,2021-07-14,14178.57
2037,108,3,2021-08-14,14178.57
2038,108,4,2021-09-14,14178.57
2039,108,5,2021-10-14,14178.57
2040,108,6,2021-11-14,14178.57
2041,109,1,2022-06-09,2125.92
2042,109,2,2022-07-09,2125.92
2043,109,3,2022-08-09,2125.92
2044,109,4,2022-09-09,2125.92
2045,109,5,2022-10-09,2125.92
2046,109,6,2022-11-09,2125.92
2047,109,7,2022-12-09,2125.92
2048,109,8,2023-01-09,2125.92
2049,109,9,2023-02-09,2125.92
2050,109,10,2023-03-09,2125.92
2051,109,11,2023-04-09,2125.92
2052,109,12,2023-05-09,2125.92
2053,109,13,2023-06-09,2125.92
2054,109,14,2023-07-09,2125.92
2055,109,15,2023-08-09,2125.92
2056,109,16,2023-09-09,2125.92
2057,109,17,2023-10-09,2125.92
2058,109,18,2023-11-09,2125.92
2059,109,19,2023-12-09,2125.92
2060,109,20,2024-01-09,2125.92
2061,109,21,2024-02-09,2125.92
2062,109,22,2024-03-09,2125.92
2063,109,23,2024-04-09,2125.92
2064,109,24,2024-05-09,2125.92
2065,109,25,2024-06-09,2125.92
2066,109,26,2024-07-09,2125.92
2067,109,27,2024-08-09,2125.92
2068,109,28,2024-09-09,2125.92
2069,109,29,2024-10-09,2125.92
2070,109,30,2024-11-09,2125.92
2071,109,31,2024-12-09,2125.92
2072,109,32,2025-01-09,2125.92
2073,109,33,2025-02-09,2125.92
2074,109,34,2025-03-09,2125.92
2075,109,35,2025-04-09,2125.92
2076,109,36,2025-05-09,2125.92
2077,110,1,2022-03-30,9086.31
2078,110,2,2022-04-30,9086.31
2079,110,3,2022-05-30,9086.31
2080,110,4,2022-06-30,9086.31
2081,110,5,2022-07-30,9086.31
2082,110,6,2022-08-30,9086.31
2083,110,7,2022-09-30,9086.31
2084,110,8,2022-10-30,9086.31
2085,110,9,2022-11-30,9086.31
2086,110,10,2022-12-30,9086.31
2087,110,11,2023-01-30,9086.31
2088,110,12,2023-02-28,9086.31
2089,110,13,2023-03-30,9086.31
2090,110,14,2023-04-30,9086.31
2091,110,15,2023-05-30,9086.31
2092,110,16,2023-06-30,9086.31
2093,110,17,2023-07-30,9086.31
2094,110,18,2023-08-30,9086.31
2095,111,1,2022-02-16,5511.48
2096,111,2,2022-03-16,5511.48
2097,111,3,2022-04-16,5511.48
2098,111,4,2022-05-16,5511.48
2099,111,5,2022-06-16,5511.48
2100,111,6,2022-07-16,5511.48
2101,111,7,2022-08-16,5511.48
2102,111,8,2022-09-16,5511.48
2103,111,9,2022-10-16,5511.48
2104,111,10,2022-11-16,5511.48
2105,111,11,2022-12-16,5511.48
2106,111,12,2023-01-16,5511.48
2107,111,13,2023-02-16,5511.48
2108,111,14,2023-03-16,5511.48
2109,111,15,2023-04-16,5511.48
2110,111,16,2023-05-16,5511.48
2111,111,17,2023-06-16,5511.48
2112,111,18,2023-07-16,5511.48
2113,111,19,2023-08-16,5511.48
2114,111,20,2023-09-16,5511.48
2115,111,21,2023-10-16,5511.48
2116,111,22,2023-11-16,5511.48
2117,111,23,2023-12-16,5511.48
2118,111,24,2024-01-16,5511.48
2119,111,25,2024-02-16,5511.48
2120,111,26,2024-03-16,5511.48
2121,111,27,2024-04-16,5511.48
2122,111,28,2024-05-16,5511.48
2123,111,29,2024-06-16,5511.48
2124,111,30,2024-07-16,5511.48
2125,111,31,2024-08-16,5511.48
2126,111,32,2024-09-16,5511.48
2127,111,33,2024-10-16,5511.48
2128,111,34,2024-11-16,5511.48
2129,111,35,2024-12-16,5511.48
2130,111,36,2025-01-16,5511.48
2131,112,1,2022-08-13,5953.1
2132,112,2,2022-09-13,5953.1
2133,112,3,2022-10-13,5953.1
2134,112,4,2022-11-13,5953.1
2135,112,5,2022-12-13,5953.1
2136,112,6,2023-01-13,5953.1
2137,112,7,2023-02-13,5953.1
2138,112,8,2023-03-13,5953.1
2139,112,9,2023-04-13,5953.1
2140,112,10,2023-05-13,5953.1
2141,112,11,2023-06-13,5953.1
2142,112,12,2023-07-13,5953.1
2143,112,13,2023-08-13,5953.1
2144,112,14,2023-09-13,5953.1
2145,112,15,2023-10-13,5953.1
2146,112,16,2023-11-13,5953.1
2147,112,17,2023-12-13,5953.1
2148,112,18,2024-01-13,5953.1
2149,112,19,2024-02-13,5953.1
2150,112,20,2024-03-13,5953.1
2151,112,21,2024-04-13,5953.1
2152,112,22,2024-05-13,5953.1
2153,112,23,2024-06-13,5953.1
2154,112,24,2024-07-13,5953.1
2155,113,1,2023-09-01,1955.47
2156,113,2,2023-10-01,1955.47
2157,113,3,2023-11-01,1955.47
2158,113,4,2023-12-01,1955.47
2159,113,5,2024-01-01,1955.47
2160,113,6,2024-02-01,1955.47
2161,113,7,2024-03-01,1955.47
2162,113,8,2024-04-01,1955.47
2163,113,9,2024-05-01,1955.47
2164,113,10,2024-06-01,1955.47
2165,113,11,2024-07-01,1955.47
2166,113,12,2024-08-01,1955.47
2167,113,13,2024-09-01,1955.47
2168,113,14,2024-10-01,1955.47
2169,113,15,2024-11-01,1955.47
2170,113,16,2024-12-01,1955.47
2171,113,17,2025-01-01,1955.47
2172,113,18,2025-02-01,1955.47
2173,113,19,2025-03-01,1955.47
2174,113,20,2025-04-01,1955.47
2175,113,21,2025-05-01,1955.47
2176,113,22,2025-06-01,1955.47
2177,113,23,2025-07-01,1955.47
2178,113,24,2025-08-01,1955.47
2179,114,1,2021-04-07,4433.33
2180,114,2,2021-05-07,4433.33
2181,114,3,2021-06-07,4433.33
2182,114,4,2021-07-07,4433.33
2183,114,5,2021-08-07,4433.33
2184,114,6,2021-09-07,4433.33
2185,114,7,2021-10-07,4433.33
2186,114,8,2021-11-07,4433.33
2187,114,9,2021-12-07,4433.33
2188,114,10,2022-01-07,4433.33
2189,114,11,2022-02-07,4433.33
2190,114,12,2022-03-07,4433.33
2191,114,13,2022-04-07,4433.33
2192,114,14,2022-05-07,4433.33
2193,114,15,2022-06-07,4433.33
2194,114,16,2022-07-07,4433.33
2195,114,17,2022-08-07,4433.33
2196,114,18,2022-09-07,4433.33
2197,114,19,2022-10-07,4433.33
2198,114,20,2022-11-07,4433.33
2199,114,21,2022-12-07,4433.33
2200,114,22,2023-01-07,4433.33
2201,114,23,2023-02-07,4433.33
2202,114,24,2023-03-07,4433.33
2203,115,1,2026-06-15,10084.58
2204,115,2,2026-07-15,10084.58
2205,115,3,2026-08-15,10084.58
2206,115,4,2026-09-15,10084.58
2207,115,5,2026-10-15,10084.58
2208,115,6,2026-11-15,10084.58
2209,115,7,2026-12-15,10084.58
2210,115,8,2027-01-15,10084.58
2211,115,9,2027-02-15,10084.58
2212,115,10,2027-03-15,10084.58
2213,115,11,2027-04-15,10084.58
2214,115,12,2027-05-15,10084.58
2215,115,13,2027-06-15,10084.58
2216,115,14,2027-07-15,10084.58
2217,115,15,2027-08-15,10084.58
2218,115,16,2027-09-15,10084.58
2219,115,17,2027-10-15,10084.58
2220,115,18,2027-11-15,10084.58
2221,115,19,2027-12-15,10084.58
2222,115,20,2028-01-15,10084.58
2223,115,21,2028-02-15,10084.58
2224,115,22,2028-03-15,10084.58
2225,115,23,2028-04-15,10084.58
2226,115,24,2028-05-15,10084.58
2227,116,1,2026-01-26,3899.49
2228,116,2,2026-02-26,3899.49
2229,116,3,2026-03-26,3899.49
2230,116,4,2026-04-26,3899.49
2231,116,5,2026-05-26,3899.49
2232,116,6,2026-06-26,3899.49
2233,116,7,2026-07-26,3899.49
2234,116,8,2026-08-26,3899.49
2235,116,9,2026-09-26,3899.49
2236,116,10,2026-10-26,3899.49
2237,116,11,2026-11-26,3899.49
2238,116,12,2026-12-26,3899.49
2239,117,1,2026-02-06,2251.36
2240,117,2,2026-03-06,2251.36
2241,117,3,2026-04-06,2251.36
2242,117,4,2026-05-06,2251.36
2243,117,5,2026-06-06,2251.36
2244,117,6,2026-07-06,2251.36
2245,117,7,2026-08-06,2251.36
2246,117,8,2026-09-06,2251.36
2247,117,9,2026-10-06,2251.36
2248,117,10,2026-11-06,2251.36
2249,117,11,2026-12-06,2251.36
2250,117,12,2027-01-06,2251.36
2251,117,13,2027-02-06,2251.36
2252,117,14,2027-03-06,2251.36
2253,117,15,2027-04-06,2251.36
2254,117,16,2027-05-06,2251.36
2255,117,17,2027-06-06,2251.36
2256,117,18,2027-07-06,2251.36
2257,117,19,2027-08-06,2251.36
2258,117,20,2027-09-06,2251.36
2259,117,21,2027-10-06,2251.36
2260,117,22,2027-11-06,2251.36
2261,117,23,2027-12-06,2251.36
2262,117,24,2028-01-06,2251.36
2263,118,1,2024-05-04,15258.84
2264,118,2,2024-06-04,15258.84
2265,118,3,2024-07-04,15258.84
2266,118,4,2024-08-04,15258.84
2267,118,5,2024-09-04,15258.84
2268,118,6,2024-10-04,15258.84
2269,118,7,2024-11-04,15258.84
2270,118,8,2024-12-04,15258.84
2271,118,9,2025-01-04,15258.84
2272,118,10,2025-02-04,15258.84
2273,118,11,2025-03-04,15258.84
2274,118,12,2025-04-04,15258.84
2275,119,1,2022-12-18,5993.63
2276,119,2,2023-01-18,5993.63
2277,119,3,2023-02-18,5993.63
2278,119,4,2023-03-18,5993.63
2279,119,5,2023-04-18,5993.63
2280,119,6,2023-05-18,5993.63
2281,119,7,2023-06-18,5993.63
2282,119,8,2023-07-18,5993.63
2283,119,9,2023-08-18,5993.63
2284,119,10,2023-09-18,5993.63
2285,119,11,2023-10-18,5993.63
2286,119,12,2023-11-18,5993.63
2287,119,13,2023-12-18,5993.63
2288,119,14,2024-01-18,5993.63
2289,119,15,2024-02-18,5993.63
2290,119,16,2024-03-18,5993.63
2291,119,17,2024-04-18,5993.63
2292,119,18,2024-05-18,5993.63
2293,119,19,2024-06-18,5993.63
2294,119,20,2024-07-18,5993.63
2295,119,21,2024-08-18,5993.63
2296,119,22,2024-09-18,5993.63
2297,119,23,2024-10-18,5993.63
2298,119,24,2024-11-18,5993.63
2299,120,1,2022-04-25,10785.24
2300,120,2,2022-05-25,10785.24
2301,120,3,2022-06-25,10785.24
2302,120,4,2022-07-25,10785.24
2303,120,5,2022-08-25,10785.24
2304,120,6,2022-09-25,10785.24
2305,120,7,2022-10-25,10785.24
2306,120,8,2022-11-25,10785.24
2307,120,9,2022-12-25,10785.24
2308,120,10,2023-01-25,10785.24
2309,120,11,2023-02-25,10785.24
2310,120,12,2023-03-25,10785.24
2311,121,1,2026-04-07,6881.2
2312,121,2,2026-05-07,6881.2
2313,121,3,2026-06-07,6881.2
2314,121,4,2026-07-07,6881.2
2315,121,5,2026-08-07,6881.2
2316,121,6,2026-09-07,6881.2
2317,121,7,2026-10-07,6881.2
2318,121,8,2026-11-07,6881.2
2319,121,9,2026-12-07,6881.2
2320,121,10,2027-01-07,6881.2
2321,121,11,2027-02-07,6881.2
2322,121,12,2027-03-07,6881.2
2323,121,13,2027-04-07,6881.2
2324,121,14,2027-05-07,6881.2
2325,121,15,2027-06-07,6881.2
2326,121,16,2027-07-07,6881.2
2327,121,17,2027-08-07,6881.2
2328,121,18,2027-09-07,6881.2
2329,121,19,2027-10-07,6881.2
2330,121,20,2027-11-07,6881.2
2331,121,21,2027-12-07,6881.2
2332,121,22,2028-01-07,6881.2
2333,121,23,2028-02-07,6881.2
2334,121,24,2028-03-07,6881.2
2335,122,1,2026-02-03,1404.44
2336,122,2,2026-03-03,1404.44
2337,122,3,2026-04-03,1404.44
2338,122,4,2026-05-03,1404.44
2339,122,5,2026-06-03,1404.44
2340,122,6,2026-07-03,1404.44
2341,122,7,2026-08-03,1404.44
2342,122,8,2026-09-03,1404.44
2343,122,9,2026-10-03,1404.44
2344,122,10,2026-11-03,1404.44
2345,122,11,2026-12-03,1404.44
2346,122,12,2027-01-03,1404.44
2347,122,13,2027-02-03,1404.44
2348,122,14,2027-03-03,1404.44
2349,122,15,2027-04-03,1404.44
2350,122,16,2027-05-03,1404.44
2351,122,17,2027-06-03,1404.44
2352,122,18,2027-07-03,1404.44
2353,123,1,2021-08-07,10500.21
2354,123,2,2021-09-07,10500.21
2355,123,3,2021-10-07,10500.21
2356,123,4,2021-11-07,10500.21
2357,123,5,2021-12-07,10500.21
2358,123,6,2022-01-07,10500.21
2359,123,7,2022-02-07,10500.21
2360,123,8,2022-03-07,10500.21
2361,123,9,2022-04-07,10500.21
2362,123,10,2022-05-07,10500.21
2363,123,11,2022-06-07,10500.21
2364,123,12,2022-07-07,10500.21
2365,124,1,2025-12-12,3489.33
2366,124,2,2026-01-12,3489.33
2367,124,3,2026-02-12,3489.33
2368,124,4,2026-03-12,3489.33
2369,124,5,2026-04-12,3489.33
2370,124,6,2026-05-12,3489.33
2371,124,7,2026-06-12,3489.33
2372,124,8,2026-07-12,3489.33
2373,124,9,2026-08-12,3489.33
2374,124,10,2026-09-12,3489.33
2375,124,11,2026-10-12,3489.33
2376,124,12,2026-11-12,3489.33
2377,124,13,2026-12-12,3489.33
2378,124,14,2027-01-12,3489.33
2379,124,15,2027-02-12,3489.33
2380,124,16,2027-03-12,3489.33
2381,124,17,2027-04-12,3489.33
2382,124,18,2027-05-12,3489.33
2383,124,19,2027-06-12,3489.33
2384,124,20,2027-07-12,3489.33
2385,124,21,2027-08-12,3489.33
2386,124,22,2027-09-12,3489.33
2387,124,23,2027-10-12,3489.33
2388,124,24,2027-11-12,3489.33
2389,125,1,2025-05-21,6915.57
2390,125,2,2025-06-21,6915.57
2391,125,3,2025-07-21,6915.57
2392,125,4,2025-08-21,6915.57
2393,125,5,2025-09-21,6915.57
2394,125,6,2025-10-21,6915.57
2395,125,7,2025-11-21,6915.57
2396,125,8,2025-12-21,6915.57
2397,125,9,2026-01-21,6915.57
2398,125,10,2026-02-21,6915.57
2399,125,11,2026-03-21,6915.57
2400,125,12,2026-04-21,6915.57
2401,126,1,2025-05-08,18651.76
2402,126,2,2025-06-08,18651.76
2403,126,3,2025-07-08,18651.76
2404,126,4,2025-08-08,18651.76
2405,126,5,2025-09-08,18651.76
2406,126,6,2025-10-08,18651.76
2407,126,7,2025-11-08,18651.76
2408,126,8,2025-12-08,18651.76
2409,126,9,2026-01-08,18651.76
2410,126,10,2026-02-08,18651.76
2411,126,11,2026-03-08,18651.76
2412,126,12,2026-04-08,18651.76
2413,127,1,2022-04-22,4177.29
2414,127,2,2022-05-22,4177.29
2415,127,3,2022-06-22,4177.29
2416,127,4,2022-07-22,4177.29
2417,127,5,2022-08-22,4177.29
2418,127,6,2022-09-22,4177.29
2419,127,7,2022-10-22,4177.29
2420,127,8,2022-11-22,4177.29
2421,127,9,2022-12-22,4177.29
2422,127,10,2023-01-22,4177.29
2423,127,11,2023-02-22,4177.29
2424,127,12,2023-03-22,4177.29
2425,127,13,2023-04-22,4177.29
2426,127,14,2023-05-22,4177.29
2427,127,15,2023-06-22,4177.29
2428,127,16,2023-07-22,4177.29
2429,127,17,2023-08-22,4177.29
2430,127,18,2023-09-22,4177.29
2431,127,19,2023-10-22,4177.29
2432,127,20,2023-11-22,4177.29
2433,127,21,2023-12-22,4177.29
2434,127,22,2024-01-22,4177.29
2435,127,23,2024-02-22,4177.29
2436,127,24,2024-03-22,4177.29
2437,128,1,2021-10-14,5134.69
2438,128,2,2021-11-14,5134.69
2439,128,3,2021-12-14,5134.69
2440,128,4,2022-01-14,5134.69
2441,128,5,2022-02-14,5134.69
2442,128,6,2022-03-14,5134.69
2443,128,7,2022-04-14,5134.69
2444,128,8,2022-05-14,5134.69
2445,128,9,2022-06-14,5134.69
2446,128,10,2022-07-14,5134.69
2447,128,11,2022-08-14,5134.69
2448,128,12,2022-09-14,5134.69
2449,129,1,2025-07-05,1873.39
2450,129,2,2025-08-05,1873.39
2451,129,3,2025-09-05,1873.39
2452,129,4,2025-10-05,1873.39
2453,129,5,2025-11-05,1873.39
2454,129,6,2025-12-05,1873.39
2455,129,7,2026-01-05,1873.39
2456,129,8,2026-02-05,1873.39
2457,129,9,2026-03-05,1873.39
2458,129,10,2026-04-05,1873.39
2459,129,11,2026-05-05,1873.39
2460,129,12,2026-06-05,1873.39
2461,129,13,2026-07-05,1873.39
2462,129,14,2026-08-05,1873.39
2463,129,15,2026-09-05,1873.39
2464,129,16,2026-10-05,1873.39
2465,129,17,2026-11-05,1873.39
2466,129,18,2026-12-05,1873.39
2467,129,19,2027-01-05,1873.39
2468,129,20,2027-02-05,1873.39
2469,129,21,2027-03-05,1873.39
2470,129,22,2027-04-05,1873.39
2471,129,23,2027-05-05,1873.39
2472,129,24,2027-06-05,1873.39
2473,129,25,2027-07-05,1873.39
2474,129,26,2027-08-05,1873.39
2475,129,27,2027-09-05,1873.39
2476,129,28,2027-10-05,1873.39
2477,129,29,2027-11-05,1873.39
2478,129,30,2027-12-05,1873.39
2479,129,31,2028-01-05,1873.39
2480,129,32,2028-02-05,1873.39
2481,129,33,2028-03-05,1873.39
2482,129,34,2028-04-05,1873.39
2483,129,35,2028-05-05,1873.39
2484,129,36,2028-06-05,1873.39
2485,130,1,2025-07-17,3009.38
2486,130,2,2025-08-17,3009.38
2487,130,3,2025-09-17,3009.38
2488,130,4,2025-10-17,3009.38
2489,130,5,2025-11-17,3009.38
2490,130,6,2025-12-17,3009.38
2491,130,7,2026-01-17,3009.38
2492,130,8,2026-02-17,3009.38
2493,130,9,2026-03-17,3009.38
2494,130,10,2026-04-17,3009.38
2495,130,11,2026-05-17,3009.38
2496,130,12,2026-06-17,3009.38
2497,130,13,2026-07-17,3009.38
2498,130,14,2026-08-17,3009.38
2499,130,15,2026-09-17,3009.38
2500,130,16,2026-10-17,3009.38
2501,130,17,2026-11-17,3009.38
2502,130,18,2026-12-17,3009.38
2503,130,19,2027-01-17,3009.38
2504,130,20,2027-02-17,3009.38
2505,130,21,2027-03-17,3009.38
2506,130,22,2027-04-17,3009.38
2507,130,23,2027-05-17,3009.38
2508,130,24,2027-06-17,3009.38
2509,131,1,2022-05-17,19334.99
2510,131,2,2022-06-17,19334.99
2511,131,3,2022-07-17,19334.99
2512,131,4,2022-08-17,19334.99
2513,131,5,2022-09-17,19334.99
2514,131,6,2022-10-17,19334.99
2515,132,1,2025-11-24,3196.01
2516,132,2,2025-12-24,3196.01
2517,132,3,2026-01-24,3196.01
2518,132,4,2026-02-24,3196.01
2519,132,5,2026-03-24,3196.01
2520,132,6,2026-04-24,3196.01
2521,132,7,2026-05-24,3196.01
2522,132,8,2026-06-24,3196.01
2523,132,9,2026-07-24,3196.01
2524,132,10,2026-08-24,3196.01
2525,132,11,2026-09-24,3196.01
2526,132,12,2026-10-24,3196.01
2527,132,13,2026-11-24,3196.01
2528,132,14,2026-12-24,3196.01
2529,132,15,2027-01-24,3196.01
2530,132,16,2027-02-24,3196.01
2531,132,17,2027-03-24,3196.01
2532,132,18,2027-04-24,3196.01
2533,133,1,2021-02-14,3987.83
2534,133,2,2021-03-14,3987.83
2535,133,3,2021-04-14,3987.83
2536,133,4,2021-05-14,3987.83
2537,133,5,2021-06-14,3987.83
2538,133,6,2021-07-14,3987.83
2539,133,7,2021-08-14,3987.83
2540,133,8,2021-09-14,3987.83
2541,133,9,2021-10-14,3987.83
2542,133,10,2021-11-14,3987.83
2543,133,11,2021-12-14,3987.83
2544,133,12,2022-01-14,3987.83
2545,133,13,2022-02-14,3987.83
2546,133,14,2022-03-14,3987.83
2547,133,15,2022-04-14,3987.83
2548,133,16,2022-05-14,3987.83
2549,133,17,2022-06-14,3987.83
2550,133,18,2022-07-14,3987.83
2551,133,19,2022-08-14,3987.83
2552,133,20,2022-09-14,3987.83
2553,133,21,2022-10-14,3987.83
2554,133,22,2022-11-14,3987.83
2555,133,23,2022-12-14,3987.83
2556,133,24,2023-01-14,3987.83
2557,134,1,2023-03-31,9928.55
2558,134,2,2023-04-30,9928.55
2559,134,3,2023-05-31,9928.55
2560,134,4,2023-06-30,9928.55
2561,134,5,2023-07-31,9928.55
2562,134,6,2023-08-31,9928.55
2563,135,1,2026-07-06,5472.77
2564,135,2,2026-08-06,5472.77
2565,135,3,2026-09-06,5472.77
2566,135,4,2026-10-06,5472.77
2567,135,5,2026-11-06,5472.77
2568,135,6,2026-12-06,5472.77
2569,135,7,2027-01-06,5472.77
2570,135,8,2027-02-06,5472.77
2571,135,9,2027-03-06,5472.77
2572,135,10,2027-04-06,5472.77
2573,135,11,2027-05-06,5472.77
2574,135,12,2027-06-06,5472.77
2575,136,1,2022-11-06,4091.94
2576,136,2,2022-12-06,4091.94
2577,136,3,2023-01-06,4091.94
2578,136,4,2023-02-06,4091.94
2579,136,5,2023-03-06,4091.94
2580,136,6,2023-04-06,4091.94
2581,136,7,2023-05-06,4091.94
2582,136,8,2023-06-06,4091.94
2583,136,9,2023-07-06,4091.94
2584,136,10,2023-08-06,4091.94
2585,136,11,2023-09-06,4091.94
2586,136,12,2023-10-06,4091.94
2587,137,1,2023-11-13,10311.89
2588,137,2,2023-12-13,10311.89
2589,137,3,2024-01-13,10311.89
2590,137,4,2024-02-13,10311.89
2591,137,5,2024-03-13,10311.89
2592,137,6,2024-04-13,10311.89
2593,137,7,2024-05-13,10311.89
2594,137,8,2024-06-13,10311.89
2595,137,9,2024-07-13,10311.89
2596,137,10,2024-08-13,10311.89
2597,137,11,2024-09-13,10311.89
2598,137,12,2024-10-13,10311.89
2599,138,1,2022-02-15,8209.42
2600,138,2,2022-03-15,8209.42
2601,138,3,2022-04-15,8209.42
2602,138,4,2022-05-15,8209.42
2603,138,5,2022-06-15,8209.42
2604,138,6,2022-07-15,8209.42
2605,139,1,2024-01-05,10987.93
2606,139,2,2024-02-05,10987.93
2607,139,3,2024-03-05,10987.93
2608,139,4,2024-04-05,10987.93
2609,139,5,2024-05-05,10987.93
2610,139,6,2024-06-05,10987.93
2611,139,7,2024-07-05,10987.93
2612,139,8,2024-08-05,10987.93
2613,139,9,2024-09-05,10987.93
2614,139,10,2024-10-05,10987.93
2615,139,11,2024-11-05,10987.93
2616,139,12,2024-12-05,10987.93
2617,140,1,2024-11-23,1638.37
2618,140,2,2024-12-23,1638.37
2619,140,3,2025-01-23,1638.37
2620,140,4,2025-02-23,1638.37
2621,140,5,2025-03-23,1638.37
2622,140,6,2025-04-23,1638.37
2623,140,7,2025-05-23,1638.37
2624,140,8,2025-06-23,1638.37
2625,140,9,2025-07-23,1638.37
2626,140,10,2025-08-23,1638.37
2627,140,11,2025-09-23,1638.37
2628,140,12,2025-10-23,1638.37
2629,140,13,2025-11-23,1638.37
2630,140,14,2025-12-23,1638.37
2631,140,15,2026-01-23,1638.37
2632,140,16,2026-02-23,1638.37
2633,140,17,2026-03-23,1638.37
2634,140,18,2026-04-23,1638.37
2635,141,1,2021-11-25,7175.45
2636,141,2,2021-12-25,7175.45
2637,141,3,2022-01-25,7175.45
2638,141,4,2022-02-25,7175.45
2639,141,5,2022-03-25,7175.45
2640,141,6,2022-04-25,7175.45
2641,141,7,2022-05-25,7175.45
2642,141,8,2022-06-25,7175.45
2643,141,9,2022-07-25,7175.45
2644,141,10,2022-08-25,7175.45
2645,141,11,2022-09-25,7175.45
2646,141,12,2022-10-25,7175.45
2647,142,1,2023-06-25,3596.41
2648,142,2,2023-07-25,3596.41
2649,142,3,2023-08-25,3596.41
2650,142,4,2023-09-25,3596.41
2651,142,5,2023-10-25,3596.41
2652,142,6,2023-11-25,3596.41
2653,142,7,2023-12-25,3596.41
2654,142,8,2024-01-25,3596.41
2655,142,9,2024-02-25,3596.41
2656,142,10,2024-03-25,3596.41
2657,142,11,2024-04-25,3596.41
2658,142,12,2024-05-25,3596.41
2659,143,1,2026-08-11,3554.81
2660,143,2,2026-09-11,3554.81
2661,143,3,2026-10-11,3554.81
2662,143,4,2026-11-11,3554.81
2663,143,5,2026-12-11,3554.81
2664,143,6,2027-01-11,3554.81
2665,143,7,2027-02-11,3554.81
2666,143,8,2027-03-11,3554.81
2667,143,9,2027-04-11,3554.81
2668,143,10,2027-05-11,3554.81
2669,143,11,2027-06-11,3554.81
2670,143,12,2027-07-11,3554.81
2671,144,1,2025-12-12,3038.9
2672,144,2,2026-01-12,3038.9
2673,144,3,2026-02-12,3038.9
2674,144,4,2026-03-12,3038.9
2675,144,5,2026-04-12,3038.9
2676,144,6,2026-05-12,3038.9
2677,144,7,2026-06-12,3038.9
2678,144,8,2026-07-12,3038.9
2679,144,9,2026-08-12,3038.9
2680,144,10,2026-09-12,3038.9
2681,144,11,2026-10-12,3038.9
2682,144,12,2026-11-12,3038.9
2683,144,13,2026-12-12,3038.9
2684,144,14,2027-01-12,3038.9
2685,144,15,2027-02-12,3038.9
2686,144,16,2027-03-12,3038.9
2687,144,17,2027-04-12,3038.9
2688,144,18,2027-05-12,3038.9
2689,144,19,2027-06-12,3038.9
2690,144,20,2027-07-12,3038.9
2691,144,21,2027-08-12,3038.9
2692,144,22,2027-09-12,3038.9
2693,144,23,2027-10-12,3038.9
2694,144,24,2027-11-12,3038.9
2695,145,1,2023-06-23,921.51
2696,145,2,2023-07-23,921.51
2697,145,3,2023-08-23,921.51
2698,145,4,2023-09-23,921.51
2699,145,5,2023-10-23,921.51
2700,145,6,2023-11-23,921.51
2701,145,7,2023-12-23,921.51
2702,145,8,2024-01-23,921.51
2703,145,9,2024-02-23,921.51
2704,145,10,2024-03-23,921.51
2705,145,11,2024-04-23,921.51
2706,145,12,2024-05-23,921.51
2707,145,13,2024-06-23,921.51
2708,145,14,2024-07-23,921.51
2709,145,15,2024-08-23,921.51
2710,145,16,2024-09-23,921.51
2711,145,17,2024-10-23,921.51
2712,145,18,2024-11-23,921.51
2713,145,19,2024-12-23,921.51
2714,145,20,2025-01-23,921.51
2715,145,21,2025-02-23,921.51
2716,145,22,2025-03-23,921.51
2717,145,23,2025-04-23,921.51
2718,145,24,2025-05-23,921.51
2719,146,1,2025-05-29,1945.93
2720,146,2,2025-06-29,1945.93
2721,146,3,2025-07-29,1945.93
2722,146,4,2025-08-29,1945.93
2723,146,5,2025-09-29,1945.93
2724,146,6,2025-10-29,1945.93
2725,146,7,2025-11-29,1945.93
2726,146,8,2025-12-29,1945.93
2727,146,9,2026-01-29,1945.93
2728,146,10,2026-02-28,1945.93
2729,146,11,2026-03-29,1945.93
2730,146,12,2026-04-29,1945.93
2731,146,13,2026-05-29,1945.93
2732,146,14,2026-06-29,1945.93
2733,146,15,2026-07-29,1945.93
2734,146,16,2026-08-29,1945.93
2735,146,17,2026-09-29,1945.93
2736,146,18,2026-10-29,1945.93
2737,146,19,2026-11-29,1945.93
2738,146,20,2026-12-29,1945.93
2739,146,21,2027-01-29,1945.93
2740,146,22,2027-02-28,1945.93
2741,146,23,2027-03-29,1945.93
2742,146,24,2027-04-29,1945.93
2743,146,25,2027-05-29,1945.93
2744,146,26,2027-06-29,1945.93
2745,146,27,2027-07-29,1945.93
2746,146,28,2027-08-29,1945.93
2747,146,29,2027-09-29,1945.93
2748,146,30,2027-10-29,1945.93
2749,146,31,2027-11-29,1945.93
2750,146,32,2027-12-29,1945.93
2751,146,33,2028-01-29,1945.93
2752,146,34,2028-02-29,1945.93
2753,146,35,2028-03-29,1945.93
2754,146,36,2028-04-29,1945.93
2755,147,1,2024-04-18,5262.87
2756,147,2,2024-05-18,5262.87
2757,147,3,2024-06-18,5262.87
2758,147,4,2024-07-18,5262.87
2759,147,5,2024-08-18,5262.87
2760,147,6,2024-09-18,5262.87
2761,147,7,2024-10-18,5262.87
2762,147,8,2024-11-18,5262.87
2763,147,9,2024-12-18,5262.87
2764,147,10,2025-01-18,5262.87
2765,147,11,2025-02-18,5262.87
2766,147,12,2025-03-18,5262.87
2767,148,1,2023-11-05,9846.22
2768,148,2,2023-12-05,9846.22
2769,148,3,2024-01-05,9846.22
2770,148,4,2024-02-05,9846.22
2771,148,5,2024-03-05,9846.22
2772,148,6,2024-04-05,9846.22
2773,148,7,2024-05-05,9846.22
2774,148,8,2024-06-05,9846.22
2775,148,9,2024-07-05,9846.22
2776,148,10,2024-08-05,9846.22
2777,148,11,2024-09-05,9846.22
2778,148,12,2024-10-05,9846.22
2779,148,13,2024-11-05,9846.22
2780,148,14,2024-12-05,9846.22
2781,148,15,2025-01-05,9846.22
2782,148,16,2025-02-05,9846.22
2783,148,17,2025-03-05,9846.22
2784,148,18,2025-04-05,9846.22
2785,148,19,2025-05-05,9846.22
2786,148,20,2025-06-05,9846.22
2787,148,21,2025-07-05,9846.22
2788,148,22,2025-08-05,9846.22
2789,148,23,2025-09-05,9846.22
2790,148,24,2025-10-05,9846.22
2791,149,1,2021-06-10,4486.0
2792,149,2,2021-07-10,4486.0
2793,149,3,2021-08-10,4486.0
2794,149,4,2021-09-10,4486.0
2795,149,5,2021-10-10,4486.0
2796,149,6,2021-11-10,4486.0
2797,149,7,2021-12-10,4486.0
2798,149,8,2022-01-10,4486.0
2799,149,9,2022-02-10,4486.0
2800,149,10,2022-03-10,4486.0
2801,149,11,2022-04-10,4486.0
2802,149,12,2022-05-10,4486.0
2803,149,13,2022-06-10,4486.0
2804,149,14,2022-07-10,4486.0
2805,149,15,2022-08-10,4486.0
2806,149,16,2022-09-10,4486.0
2807,149,17,2022-10-10,4486.0
2808,149,18,2022-11-10,4486.0
2809,149,19,2022-12-10,4486.0
2810,149,20,2023-01-10,4486.0
2811,149,21,2023-02-10,4486.0
2812,149,22,2023-03-10,4486.0
2813,149,23,2023-04-10,4486.0
2814,149,24,2023-05-10,4486.0
2815,150,1,2023-11-02,2661.97
2816,150,2,2023-12-02,2661.97
2817,150,3,2024-01-02,2661.97
2818,150,4,2024-02-02,2661.97
2819,150,5,2024-03-02,2661.97
2820,150,6,2024-04-02,2661.97
2821,150,7,2024-05-02,2661.97
2822,150,8,2024-06-02,2661.97
2823,150,9,2024-07-02,2661.97
2824,150,10,2024-08-02,2661.97
2825,150,11,2024-09-02,2661.97
2826,150,12,2024-10-02,2661.97
2827,150,13,2024-11-02,2661.97
2828,150,14,2024-12-02,2661.97
2829,150,15,2025-01-02,2661.97
2830,150,16,2025-02-02,2661.97
2831,150,17,2025-03-02,2661.97
2832,150,18,2025-04-02,2661.97
2833,151,1,2022-10-18,3892.09
2834,151,2,2022-11-18,3892.09
2835,151,3,2022-12-18,3892.09
2836,151,4,2023-01-18,3892.09
2837,151,5,2023-02-18,3892.09
2838,151,6,2023-03-18,3892.09
2839,151,7,2023-04-18,3892.09
2840,151,8,2023-05-18,3892.09
2841,151,9,2023-06-18,3892.09
2842,151,10,2023-07-18,3892.09
2843,151,11,2023-08-18,3892.09
2844,151,12,2023-09-18,3892.09
2845,151,13,2023-10-18,3892.09
2846,151,14,2023-11-18,3892.09
2847,151,15,2023-12-18,3892.09
2848,151,16,2024-01-18,3892.09
2849,151,17,2024-02-18,3892.09
2850,151,18,2024-03-18,3892.09
2851,151,19,2024-04-18,3892.09
2852,151,20,2024-05-18,3892.09
2853,151,21,2024-06-18,3892.09
2854,151,22,2024-07-18,3892.09
2855,151,23,2024-08-18,3892.09
2856,151,24,2024-09-18,3892.09
2857,152,1,2024-05-16,4450.99
2858,152,2,2024-06-16,4450.99
2859,152,3,2024-07-16,4450.99
2860,152,4,2024-08-16,4450.99
2861,152,5,2024-09-16,4450.99
2862,152,6,2024-10-16,4450.99
2863,152,7,2024-11-16,4450.99
2864,152,8,2024-12-16,4450.99
2865,152,9,2025-01-16,4450.99
2866,152,10,2025-02-16,4450.99
2867,152,11,2025-03-16,4450.99
2868,152,12,2025-04-16,4450.99
2869,152,13,2025-05-16,4450.99
2870,152,14,2025-06-16,4450.99
2871,152,15,2025-07-16,4450.99
2872,152,16,2025-08-16,4450.99
2873,152,17,2025-09-16,4450.99
2874,152,18,2025-10-16,4450.99
2875,153,1,2025-11-21,10842.05
2876,153,2,2025-12-21,10842.05
2877,153,3,2026-01-21,10842.05
2878,153,4,2026-02-21,10842.05
2879,153,5,2026-03-21,10842.05
2880,153,6,2026-04-21,10842.05
2881,154,1,2025-11-08,5314.38
2882,154,2,2025-12-08,5314.38
2883,154,3,2026-01-08,5314.38
2884,154,4,2026-02-08,5314.38
2885,154,5,2026-03-08,5314.38
2886,154,6,2026-04-08,5314.38
2887,154,7,2026-05-08,5314.38
2888,154,8,2026-06-08,5314.38
2889,154,9,2026-07-08,5314.38
2890,154,10,2026-08-08,5314.38
2891,154,11,2026-09-08,5314.38
2892,154,12,2026-10-08,5314.38
2893,154,13,2026-11-08,5314.38
2894,154,14,2026-12-08,5314.38
2895,154,15,2027-01-08,5314.38
2896,154,16,2027-02-08,5314.38
2897,154,17,2027-03-08,5314.38
2898,154,18,2027-04-08,5314.38
2899,154,19,2027-05-08,5314.38
2900,154,20,2027-06-08,5314.38
2901,154,21,2027-07-08,5314.38
2902,154,22,2027-08-08,5314.38
2903,154,23,2027-09-08,5314.38
2904,154,24,2027-10-08,5314.38
2905,154,25,2027-11-08,5314.38
2906,154,26,2027-12-08,5314.38
2907,154,27,2028-01-08,5314.38
2908,154,28,2028-02-08,5314.38
2909,154,29,2028-03-08,5314.38
2910,154,30,2028-04-08,5314.38
2911,154,31,2028-05-08,5314.38
2912,154,32,2028-06-08,5314.38
2913,154,33,2028-07-08,5314.38
2914,154,34,2028-08-08,5314.38
2915,154,35,2028-09-08,5314.38
2916,154,36,2028-10-08,5314.38
2917,155,1,2022-05-20,5825.24
2918,155,2,2022-06-20,5825.24
2919,155,3,2022-07-20,5825.24
2920,155,4,2022-08-20,5825.24
2921,155,5,2022-09-20,5825.24
2922,155,6,2022-10-20,5825.24
2923,155,7,2022-11-20,5825.24
2924,155,8,2022-12-20,5825.24
2925,155,9,2023-01-20,5825.24
2926,155,10,2023-02-20,5825.24
2927,155,11,2023-03-20,5825.24
2928,155,12,2023-04-20,5825.24
2929,155,13,2023-05-20,5825.24
2930,155,14,2023-06-20,5825.24
2931,155,15,2023-07-20,5825.24
2932,155,16,2023-08-20,5825.24
2933,155,17,2023-09-20,5825.24
2934,155,18,2023-10-20,5825.24
2935,155,19,2023-11-20,5825.24
2936,155,20,2023-12-20,5825.24
2937,155,21,2024-01-20,5825.24
2938,155,22,2024-02-20,5825.24
2939,155,23,2024-03-20,5825.24
2940,155,24,2024-04-20,5825.24
2941,156,1,2024-11-03,4161.66
2942,156,2,2024-12-03,4161.66
2943,156,3,2025-01-03,4161.66
2944,156,4,2025-02-03,4161.66
2945,156,5,2025-03-03,4161.66
2946,156,6,2025-04-03,4161.66
2947,156,7,2025-05-03,4161.66
2948,156,8,2025-06-03,4161.66
2949,156,9,2025-07-03,4161.66
2950,156,10,2025-08-03,4161.66
2951,156,11,2025-09-03,4161.66
2952,156,12,2025-10-03,4161.66
2953,157,1,2021-08-15,14961.57
2954,157,2,2021-09-15,14961.57
2955,157,3,2021-10-15,14961.57
2956,157,4,2021-11-15,14961.57
2957,157,5,2021-12-15,14961.57
2958,157,6,2022-01-15,14961.57
2959,157,7,2022-02-15,14961.57
2960,157,8,2022-03-15,14961.57
2961,157,9,2022-04-15,14961.57
2962,157,10,2022-05-15,14961.57
2963,157,11,2022-06-15,14961.57
2964,157,12,2022-07-15,14961.57
2965,158,1,2023-07-02,2601.82
2966,158,2,2023-08-02,2601.82
2967,158,3,2023-09-02,2601.82
2968,158,4,2023-10-02,2601.82
2969,158,5,2023-11-02,2601.82
2970,158,6,2023-12-02,2601.82
2971,158,7,2024-01-02,2601.82
2972,158,8,2024-02-02,2601.82
2973,158,9,2024-03-02,2601.82
2974,158,10,2024-04-02,2601.82
2975,158,11,2024-05-02,2601.82
2976,158,12,2024-06-02,2601.82
2977,158,13,2024-07-02,2601.82
2978,158,14,2024-08-02,2601.82
2979,158,15,2024-09-02,2601.82
2980,158,16,2024-10-02,2601.82
2981,158,17,2024-11-02,2601.82
2982,158,18,2024-12-02,2601.82
2983,158,19,2025-01-02,2601.82
2984,158,20,2025-02-02,2601.82
2985,158,21,2025-03-02,2601.82
2986,158,22,2025-04-02,2601.82
2987,158,23,2025-05-02,2601.82
2988,158,24,2025-06-02,2601.82
2989,159,1,2026-07-19,3948.21
2990,159,2,2026-08-19,3948.21
2991,159,3,2026-09-19,3948.21
2992,159,4,2026-10-19,3948.21
2993,159,5,2026-11-19,3948.21
2994,159,6,2026-12-19,3948.21
2995,159,7,2027-01-19,3948.21
2996,159,8,2027-02-19,3948.21
2997,159,9,2027-03-19,3948.21
2998,159,10,2027-04-19,3948.21
2999,159,11,2027-05-19,3948.21
3000,159,12,2027-06-19,3948.21
3001,159,13,2027-07-19,3948.21
3002,159,14,2027-08-19,3948.21
3003,159,15,2027-09-19,3948.21
3004,159,16,2027-10-19,3948.21
3005,159,17,2027-11-19,3948.21
3006,159,18,2027-12-19,3948.21
3007,160,1,2025-12-17,3951.61
3008,160,2,2026-01-17,3951.61
3009,160,3,2026-02-17,3951.61
3010,160,4,2026-03-17,3951.61
3011,160,5,2026-04-17,3951.61
3012,160,6,2026-05-17,3951.61
3013,160,7,2026-06-17,3951.61
3014,160,8,2026-07-17,3951.61
3015,160,9,2026-08-17,3951.61
3016,160,10,2026-09-17,3951.61
3017,160,11,2026-10-17,3951.61
3018,160,12,2026-11-17,3951.61
3019,161,1,2025-04-14,3016.36
3020,161,2,2025-05-14,3016.36
3021,161,3,2025-06-14,3016.36
3022,161,4,2025-07-14,3016.36
3023,161,5,2025-08-14,3016.36
3024,161,6,2025-09-14,3016.36
3025,161,7,2025-10-14,3016.36
3026,161,8,2025-11-14,3016.36
3027,161,9,2025-12-14,3016.36
3028,161,10,2026-01-14,3016.36
3029,161,11,2026-02-14,3016.36
3030,161,12,2026-03-14,3016.36
3031,161,13,2026-04-14,3016.36
3032,161,14,2026-05-14,3016.36
3033,161,15,2026-06-14,3016.36
3034,161,16,2026-07-14,3016.36
3035,161,17,2026-08-14,3016.36
3036,161,18,2026-09-14,3016.36
3037,161,19,2026-10-14,3016.36
3038,161,20,2026-11-14,3016.36
3039,161,21,2026-12-14,3016.36
3040,161,22,2027-01-14,3016.36
3041,161,23,2027-02-14,3016.36
3042,161,24,2027-03-14,3016.36
3043,162,1,2022-03-17,4496.38
3044,162,2,2022-04-17,4496.38
3045,162,3,2022-05-17,4496.38
3046,162,4,2022-06-17,4496.38
3047,162,5,2022-07-17,4496.38
3048,162,6,2022-08-17,4496.38
3049,162,7,2022-09-17,4496.38
3050,162,8,2022-10-17,4496.38
3051,162,9,2022-11-17,4496.38
3052,162,10,2022-12-17,4496.38
3053,162,11,2023-01-17,4496.38
3054,162,12,2023-02-17,4496.38
3055,162,13,2023-03-17,4496.38
3056,162,14,2023-04-17,4496.38
3057,162,15,2023-05-17,4496.38
3058,162,16,2023-06-17,4496.38
3059,162,17,2023-07-17,4496.38
3060,162,18,2023-08-17,4496.38
3061,163,1,2021-03-11,3513.24
3062,163,2,2021-04-11,3513.24
3063,163,3,2021-05-11,3513.24
3064,163,4,2021-06-11,3513.24
3065,163,5,2021-07-11,3513.24
3066,163,6,2021-08-11,3513.24
3067,163,7,2021-09-11,3513.24
3068,163,8,2021-10-11,3513.24
3069,163,9,2021-11-11,3513.24
3070,163,10,2021-12-11,3513.24
3071,163,11,2022-01-11,3513.24
3072,163,12,2022-02-11,3513.24
3073,163,13,2022-03-11,3513.24
3074,163,14,2022-04-11,3513.24
3075,163,15,2022-05-11,3513.24
3076,163,16,2022-06-11,3513.24
3077,163,17,2022-07-11,3513.24
3078,163,18,2022-08-11,3513.24
3079,163,19,2022-09-11,3513.24
3080,163,20,2022-10-11,3513.24
3081,163,21,2022-11-11,3513.24
3082,163,22,2022-12-11,3513.24
3083,163,23,2023-01-11,3513.24
3084,163,24,2023-02-11,3513.24
3085,164,1,2024-11-21,6552.6
3086,164,2,2024-12-21,6552.6
3087,164,3,2025-01-21,6552.6
3088,164,4,2025-02-21,6552.6
3089,164,5,2025-03-21,6552.6
3090,164,6,2025-04-21,6552.6
3091,164,7,2025-05-21,6552.6
3092,164,8,2025-06-21,6552.6
3093,164,9,2025-07-21,6552.6
3094,164,10,2025-08-21,6552.6
3095,164,11,2025-09-21,6552.6
3096,164,12,2025-10-21,6552.6
3097,164,13,2025-11-21,6552.6
3098,164,14,2025-12-21,6552.6
3099,164,15,2026-01-21,6552.6
3100,164,16,2026-02-21,6552.6
3101,164,17,2026-03-21,6552.6
3102,164,18,2026-04-21,6552.6
3103,164,19,2026-05-21,6552.6
3104,164,20,2026-06-21,6552.6
3105,164,21,2026-07-21,6552.6
3106,164,22,2026-08-21,6552.6
3107,164,23,2026-09-21,6552.6
3108,164,24,2026-10-21,6552.6
3109,164,25,2026-11-21,6552.6
3110,164,26,2026-12-21,6552.6
3111,164,27,2027-01-21,6552.6
3112,164,28,2027-02-21,6552.6
3113,164,29,2027-03-21,6552.6
3114,164,30,2027-04-21,6552.6
3115,164,31,2027-05-21,6552.6
3116,164,32,2027-06-21,6552.6
3117,164,33,2027-07-21,6552.6
3118,164,34,2027-08-21,6552.6
3119,164,35,2027-09-21,6552.6
3120,164,36,2027-10-21,6552.6
3121,165,1,2022-10-06,3885.33
3122,165,2,2022-11-06,3885.33
3123,165,3,2022-12-06,3885.33
3124,165,4,2023-01-06,3885.33
3125,165,5,2023-02-06,3885.33
3126,165,6,2023-03-06,3885.33
3127,165,7,2023-04-06,3885.33
3128,165,8,2023-05-06,3885.33
3129,165,9,2023-06-06,3885.33
3130,165,10,2023-07-06,3885.33
3131,165,11,2023-08-06,3885.33
3132,165,12,2023-09-06,3885.33
3133,166,1,2025-10-27,4647.67
3134,166,2,2025-11-27,4647.67
3135,166,3,2025-12-27,4647.67
3136,166,4,2026-01-27,4647.67
3137,166,5,2026-02-27,4647.67
3138,166,6,2026-03-27,4647.67
3139,166,7,2026-04-27,4647.67
3140,166,8,2026-05-27,4647.67
3141,166,9,2026-06-27,4647.67
3142,166,10,2026-07-27,4647.67
3143,166,11,2026-08-27,4647.67
3144,166,12,2026-09-27,4647.67
3145,166,13,2026-10-27,4647.67
3146,166,14,2026-11-27,4647.67
3147,166,15,2026-12-27,4647.67
3148,166,16,2027-01-27,4647.67
3149,166,17,2027-02-27,4647.67
3150,166,18,2027-03-27,4647.67
3151,166,19,2027-04-27,4647.67
3152,166,20,2027-05-27,4647.67
3153,166,21,2027-06-27,4647.67
3154,166,22,2027-07-27,4647.67
3155,166,23,2027-08-27,4647.67
3156,166,24,2027-09-27,4647.67
3157,166,25,2027-10-27,4647.67
3158,166,26,2027-11-27,4647.67
3159,166,27,2027-12-27,4647.67
3160,166,28,2028-01-27,4647.67
3161,166,29,2028-02-27,4647.67
3162,166,30,2028-03-27,4647.67
3163,166,31,2028-04-27,4647.67
3164,166,32,2028-05-27,4647.67
3165,166,33,2028-06-27,4647.67
3166,166,34,2028-07-27,4647.67
3167,166,35,2028-08-27,4647.67
3168,166,36,2028-09-27,4647.67
3169,167,1,2021-05-21,6447.69
3170,167,2,2021-06-21,6447.69
3171,167,3,2021-07-21,6447.69
3172,167,4,2021-08-21,6447.69
3173,167,5,2021-09-21,6447.69
3174,167,6,2021-10-21,6447.69
3175,167,7,2021-11-21,6447.69
3176,167,8,2021-12-21,6447.69
3177,167,9,2022-01-21,6447.69
3178,167,10,2022-02-21,6447.69
3179,167,11,2022-03-21,6447.69
3180,167,12,2022-04-21,6447.69
3181,167,13,2022-05-21,6447.69
3182,167,14,2022-06-21,6447.69
3183,167,15,2022-07-21,6447.69
3184,167,16,2022-08-21,6447.69
3185,167,17,2022-09-21,6447.69
3186,167,18,2022-10-21,6447.69
3187,167,19,2022-11-21,6447.69
3188,167,20,2022-12-21,6447.69
3189,167,21,2023-01-21,6447.69
3190,167,22,2023-02-21,6447.69
3191,167,23,2023-03-21,6447.69
3192,167,24,2023-04-21,6447.69
3193,168,1,2023-12-06,4122.32
3194,168,2,2024-01-06,4122.32
3195,168,3,2024-02-06,4122.32
3196,168,4,2024-03-06,4122.32
3197,168,5,2024-04-06,4122.32
3198,168,6,2024-05-06,4122.32
3199,168,7,2024-06-06,4122.32
3200,168,8,2024-07-06,4122.32
3201,168,9,2024-08-06,4122.32
3202,168,10,2024-09-06,4122.32
3203,168,11,2024-10-06,4122.32
3204,168,12,2024-11-06,4122.32
3205,169,1,2022-09-08,2356.99
3206,169,2,2022-10-08,2356.99
3207,169,3,2022-11-08,2356.99
3208,169,4,2022-12-08,2356.99
3209,169,5,2023-01-08,2356.99
3210,169,6,2023-02-08,2356.99
3211,169,7,2023-03-08,2356.99
3212,169,8,2023-04-08,2356.99
3213,169,9,2023-05-08,2356.99
3214,169,10,2023-06-08,2356.99
3215,169,11,2023-07-08,2356.99
3216,169,12,2023-08-08,2356.99
3217,169,13,2023-09-08,2356.99
3218,169,14,2023-10-08,2356.99
3219,169,15,2023-11-08,2356.99
3220,169,16,2023-12-08,2356.99
3221,169,17,2024-01-08,2356.99
3222,169,18,2024-02-08,2356.99
3223,169,19,2024-03-08,2356.99
3224,169,20,2024-04-08,2356.99
3225,169,21,2024-05-08,2356.99
3226,169,22,2024-06-08,2356.99
3227,169,23,2024-07-08,2356.99
3228,169,24,2024-08-08,2356.99
3229,169,25,2024-09-08,2356.99
3230,169,26,2024-10-08,2356.99
3231,169,27,2024-11-08,2356.99
3232,169,28,2024-12-08,2356.99
3233,169,29,2025-01-08,2356.99
3234,169,30,2025-02-08,2356.99
3235,169,31,2025-03-08,2356.99
3236,169,32,2025-04-08,2356.99
3237,169,33,2025-05-08,2356.99
3238,169,34,2025-06-08,2356.99
3239,169,35,2025-07-08,2356.99
3240,169,36,2025-08-08,2356.99
3241,170,1,2025-11-01,1722.18
3242,170,2,2025-12-01,1722.18
3243,170,3,2026-01-01,1722.18
3244,170,4,2026-02-01,1722.18
3245,170,5,2026-03-01,1722.18
3246,170,6,2026-04-01,1722.18
3247,170,7,2026-05-01,1722.18
3248,170,8,2026-06-01,1722.18
3249,170,9,2026-07-01,1722.18
3250,170,10,2026-08-01,1722.18
3251,170,11,2026-09-01,1722.18
3252,170,12,2026-10-01,1722.18
3253,170,13,2026-11-01,1722.18
3254,170,14,2026-12-01,1722.18
3255,170,15,2027-01-01,1722.18
3256,170,16,2027-02-01,1722.18
3257,170,17,2027-03-01,1722.18
3258,170,18,2027-04-01,1722.18
3259,170,19,2027-05-01,1722.18
3260,170,20,2027-06-01,1722.18
3261,170,21,2027-07-01,1722.18
3262,170,22,2027-08-01,1722.18
3263,170,23,2027-09-01,1722.18
3264,170,24,2027-10-01,1722.18
3265,171,1,2025-12-14,9951.88
3266,171,2,2026-01-14,9951.88
3267,171,3,2026-02-14,9951.88
3268,171,4,2026-03-14,9951.88
3269,171,5,2026-04-14,9951.88
3270,171,6,2026-05-14,9951.88
3271,172,1,2022-08-22,3133.59
3272,172,2,2022-09-22,3133.59
3273,172,3,2022-10-22,3133.59
3274,172,4,2022-11-22,3133.59
3275,172,5,2022-12-22,3133.59
3276,172,6,2023-01-22,3133.59
3277,172,7,2023-02-22,3133.59
3278,172,8,2023-03-22,3133.59
3279,172,9,2023-04-22,3133.59
3280,172,10,2023-05-22,3133.59
3281,172,11,2023-06-22,3133.59
3282,172,12,2023-07-22,3133.59
3283,172,13,2023-08-22,3133.59
3284,172,14,2023-09-22,3133.59
3285,172,15,2023-10-22,3133.59
3286,172,16,2023-11-22,3133.59
3287,172,17,2023-12-22,3133.59
3288,172,18,2024-01-22,3133.59
3289,172,19,2024-02-22,3133.59
3290,172,20,2024-03-22,3133.59
3291,172,21,2024-04-22,3133.59
3292,172,22,2024-05-22,3133.59
3293,172,23,2024-06-22,3133.59
3294,172,24,2024-07-22,3133.59
3295,172,25,2024-08-22,3133.59
3296,172,26,2024-09-22,3133.59
3297,172,27,2024-10-22,3133.59
3298,172,28,2024-11-22,3133.59
3299,172,29,2024-12-22,3133.59
3300,172,30,2025-01-22,3133.59
3301,172,31,2025-02-22,3133.59
3302,172,32,2025-03-22,3133.59
3303,172,33,2025-04-22,3133.59
3304,172,34,2025-05-22,3133.59
3305,172,35,2025-06-22,3133.59
3306,172,36,2025-07-22,3133.59
3307,173,1,2025-08-03,5446.89
3308,173,2,2025-09-03,5446.89
3309,173,3,2025-10-03,5446.89
3310,173,4,2025-11-03,5446.89
3311,173,5,2025-12-03,5446.89
3312,173,6,2026-01-03,5446.89
3313,173,7,2026-02-03,5446.89
3314,173,8,2026-03-03,5446.89
3315,173,9,2026-04-03,5446.89
3316,173,10,2026-05-03,5446.89
3317,173,11,2026-06-03,5446.89
3318,173,12,2026-07-03,5446.89
3319,173,13,2026-08-03,5446.89
3320,173,14,2026-09-03,5446.89
3321,173,15,2026-10-03,5446.89
3322,173,16,2026-11-03,5446.89
3323,173,17,2026-12-03,5446.89
3324,173,18,2027-01-03,5446.89
3325,173,19,2027-02-03,5446.89
3326,173,20,2027-03-03,5446.89
3327,173,21,2027-04-03,5446.89
3328,173,22,2027-05-03,5446.89
3329,173,23,2027-06-03,5446.89
3330,173,24,2027-07-03,5446.89
3331,173,25,2027-08-03,5446.89
3332,173,26,2027-09-03,5446.89
3333,173,27,2027-10-03,5446.89
3334,173,28,2027-11-03,5446.89
3335,173,29,2027-12-03,5446.89
3336,173,30,2028-01-03,5446.89
3337,173,31,2028-02-03,5446.89
3338,173,32,2028-03-03,5446.89
3339,173,33,2028-04-03,5446.89
3340,173,34,2028-05-03,5446.89
3341,173,35,2028-06-03,5446.89
3342,173,36,2028-07-03,5446.89
3343,174,1,2022-09-28,3667.37
3344,174,2,2022-10-28,3667.37
3345,174,3,2022-11-28,3667.37
3346,174,4,2022-12-28,3667.37
3347,174,5,2023-01-28,3667.37
3348,174,6,2023-02-28,3667.37
3349,174,7,2023-03-28,3667.37
3350,174,8,2023-04-28,3667.37
3351,174,9,2023-05-28,3667.37
3352,174,10,2023-06-28,3667.37
3353,174,11,2023-07-28,3667.37
3354,174,12,2023-08-28,3667.37
3355,174,13,2023-09-28,3667.37
3356,174,14,2023-10-28,3667.37
3357,174,15,2023-11-28,3667.37
3358,174,16,2023-12-28,3667.37
3359,174,17,2024-01-28,3667.37
3360,174,18,2024-02-28,3667.37
3361,174,19,2024-03-28,3667.37
3362,174,20,2024-04-28,3667.37
3363,174,21,2024-05-28,3667.37
3364,174,22,2024-06-28,3667.37
3365,174,23,2024-07-28,3667.37
3366,174,24,2024-08-28,3667.37
3367,175,1,2024-09-18,1536.27
3368,175,2,2024-10-18,1536.27
3369,175,3,2024-11-18,1536.27
3370,175,4,2024-12-18,1536.27
3371,175,5,2025-01-18,1536.27
3372,175,6,2025-02-18,1536.27
3373,175,7,2025-03-18,1536.27
3374,175,8,2025-04-18,1536.27
3375,175,9,2025-05-18,1536.27
3376,175,10,2025-06-18,1536.27
3377,175,11,2025-07-18,1536.27
3378,175,12,2025-08-18,1536.27
3379,175,13,2025-09-18,1536.27
3380,175,14,2025-10-18,1536.27
3381,175,15,2025-11-18,1536.27
3382,175,16,2025-12-18,1536.27
3383,175,17,2026-01-18,1536.27
3384,175,18,2026-02-18,1536.27
3385,175,19,2026-03-18,1536.27
3386,175,20,2026-04-18,1536.27
3387,175,21,2026-05-18,1536.27
3388,175,22,2026-06-18,1536.27
3389,175,23,2026-07-18,1536.27
3390,175,24,2026-08-18,1536.27
3391,176,1,2023-01-03,5977.73
3392,176,2,2023-02-03,5977.73
3393,176,3,2023-03-03,5977.73
3394,176,4,2023-04-03,5977.73
3395,176,5,2023-05-03,5977.73
3396,176,6,2023-06-03,5977.73
3397,176,7,2023-07-03,5977.73
3398,176,8,2023-08-03,5977.73
3399,176,9,2023-09-03,5977.73
3400,176,10,2023-10-03,5977.73
3401,176,11,2023-11-03,5977.73
3402,176,12,2023-12-03,5977.73
3403,177,1,2022-09-18,19877.13
3404,177,2,2022-10-18,19877.13
3405,177,3,2022-11-18,19877.13
3406,177,4,2022-12-18,19877.13
3407,177,5,2023-01-18,19877.13
3408,177,6,2023-02-18,19877.13
3409,177,7,2023-03-18,19877.13
3410,177,8,2023-04-18,19877.13
3411,177,9,2023-05-18,19877.13
3412,177,10,2023-06-18,19877.13
3413,177,11,2023-07-18,19877.13
3414,177,12,2023-08-18,19877.13
3415,178,1,2025-03-11,4803.36
3416,178,2,2025-04-11,4803.36
3417,178,3,2025-05-11,4803.36
3418,178,4,2025-06-11,4803.36
3419,178,5,2025-07-11,4803.36
3420,178,6,2025-08-11,4803.36
3421,178,7,2025-09-11,4803.36
3422,178,8,2025-10-11,4803.36
3423,178,9,2025-11-11,4803.36
3424,178,10,2025-12-11,4803.36
3425,178,11,2026-01-11,4803.36
3426,178,12,2026-02-11,4803.36
3427,178,13,2026-03-11,4803.36
3428,178,14,2026-04-11,4803.36
3429,178,15,2026-05-11,4803.36
3430,178,16,2026-06-11,4803.36
3431,178,17,2026-07-11,4803.36
3432,178,18,2026-08-11,4803.36
3433,178,19,2026-09-11,4803.36
3434,178,20,2026-10-11,4803.36
3435,178,21,2026-11-11,4803.36
3436,178,22,2026-12-11,4803.36
3437,178,23,2027-01-11,4803.36
3438,178,24,2027-02-11,4803.36
3439,179,1,2022-07-12,6046.7
3440,179,2,2022-08-12,6046.7
3441,179,3,2022-09-12,6046.7
3442,179,4,2022-10-12,6046.7
3443,179,5,2022-11-12,6046.7
3444,179,6,2022-12-12,6046.7
3445,179,7,2023-01-12,6046.7
3446,179,8,2023-02-12,6046.7
3447,179,9,2023-03-12,6046.7
3448,179,10,2023-04-12,6046.7
3449,179,11,2023-05-12,6046.7
3450,179,12,2023-06-12,6046.7
3451,179,13,2023-07-12,6046.7
3452,179,14,2023-08-12,6046.7
3453,179,15,2023-09-12,6046.7
3454,179,16,2023-10-12,6046.7
3455,179,17,2023-11-12,6046.7
3456,179,18,2023-12-12,6046.7
3457,179,19,2024-01-12,6046.7
3458,179,20,2024-02-12,6046.7
3459,179,21,2024-03-12,6046.7
3460,179,22,2024-04-12,6046.7
3461,179,23,2024-05-12,6046.7
3462,179,24,2024-06-12,6046.7
3463,180,1,2021-12-29,3854.76
3464,180,2,2022-01-29,3854.76
3465,180,3,2022-02-28,3854.76
3466,180,4,2022-03-29,3854.76
3467,180,5,2022-04-29,3854.76
3468,180,6,2022-05-29,3854.76
3469,180,7,2022-06-29,3854.76
3470,180,8,2022-07-29,3854.76
3471,180,9,2022-08-29,3854.76
3472,180,10,2022-09-29,3854.76
3473,180,11,2022-10-29,3854.76
3474,180,12,2022-11-29,3854.76
3475,181,1,2026-07-18,3078.67
3476,181,2,2026-08-18,3078.67
3477,181,3,2026-09-18,3078.67
3478,181,4,2026-10-18,3078.67
3479,181,5,2026-11-18,3078.67
3480,181,6,2026-12-18,3078.67
3481,181,7,2027-01-18,3078.67
3482,181,8,2027-02-18,3078.67
3483,181,9,2027-03-18,3078.67
3484,181,10,2027-04-18,3078.67
3485,181,11,2027-05-18,3078.67
3486,181,12,2027-06-18,3078.67
3487,181,13,2027-07-18,3078.67
3488,181,14,2027-08-18,3078.67
3489,181,15,2027-09-18,3078.67
3490,181,16,2027-10-18,3078.67
3491,181,17,2027-11-18,3078.67
3492,181,18,2027-12-18,3078.67
3493,182,1,2023-07-21,2192.57
3494,182,2,2023-08-21,2192.57
3495,182,3,2023-09-21,2192.57
3496,182,4,2023-10-21,2192.57
3497,182,5,2023-11-21,2192.57
3498,182,6,2023-12-21,2192.57
3499,182,7,2024-01-21,2192.57
3500,182,8,2024-02-21,2192.57
3501,182,9,2024-03-21,2192.57
3502,182,10,2024-04-21,2192.57
3503,182,11,2024-05-21,2192.57
3504,182,12,2024-06-21,2192.57
3505,182,13,2024-07-21,2192.57
3506,182,14,2024-08-21,2192.57
3507,182,15,2024-09-21,2192.57
3508,182,16,2024-10-21,2192.57
3509,182,17,2024-11-21,2192.57
3510,182,18,2024-12-21,2192.57
3511,183,1,2023-10-24,2659.91
3512,183,2,2023-11-24,2659.91
3513,183,3,2023-12-24,2659.91
3514,183,4,2024-01-24,2659.91
3515,183,5,2024-02-24,2659.91
3516,183,6,2024-03-24,2659.91
3517,183,7,2024-04-24,2659.91
3518,183,8,2024-05-24,2659.91
3519,183,9,2024-06-24,2659.91
3520,183,10,2024-07-24,2659.91
3521,183,11,2024-08-24,2659.91
3522,183,12,2024-09-24,2659.91
3523,183,13,2024-10-24,2659.91
3524,183,14,2024-11-24,2659.91
3525,183,15,2024-12-24,2659.91
3526,183,16,2025-01-24,2659.91
3527,183,17,2025-02-24,2659.91
3528,183,18,2025-03-24,2659.91
3529,183,19,2025-04-24,2659.91
3530,183,20,2025-05-24,2659.91
3531,183,21,2025-06-24,2659.91
3532,183,22,2025-07-24,2659.91
3533,183,23,2025-08-24,2659.91
3534,183,24,2025-09-24,2659.91
3535,184,1,2023-09-21,4540.28
3536,184,2,2023-10-21,4540.28
3537,184,3,2023-11-21,4540.28
3538,184,4,2023-12-21,4540.28
3539,184,5,2024-01-21,4540.28
3540,184,6,2024-02-21,4540.28
3541,184,7,2024-03-21,4540.28
3542,184,8,2024-04-21,4540.28
3543,184,9,2024-05-21,4540.28
3544,184,10,2024-06-21,4540.28
3545,184,11,2024-07-21,4540.28
3546,184,12,2024-08-21,4540.28
3547,184,13,2024-09-21,4540.28
3548,184,14,2024-10-21,4540.28
3549,184,15,2024-11-21,4540.28
3550,184,16,2024-12-21,4540.28
3551,184,17,2025-01-21,4540.28
3552,184,18,2025-02-21,4540.28
3553,185,1,2021-07-12,12052.5
3554,185,2,2021-08-12,12052.5
3555,185,3,2021-09-12,12052.5
3556,185,4,2021-10-12,12052.5
3557,185,5,2021-11-12,12052.5
3558,185,6,2021-12-12,12052.5
3559,185,7,2022-01-12,12052.5
3560,185,8,2022-02-12,12052.5
3561,185,9,2022-03-12,12052.5
3562,185,10,2022-04-12,12052.5
3563,185,11,2022-05-12,12052.5
3564,185,12,2022-06-12,12052.5
3565,185,13,2022-07-12,12052.5
3566,185,14,2022-08-12,12052.5
3567,185,15,2022-09-12,12052.5
3568,185,16,2022-10-12,12052.5
3569,185,17,2022-11-12,12052.5
3570,185,18,2022-12-12,12052.5
3571,185,19,2023-01-12,12052.5
3572,185,20,2023-02-12,12052.5
3573,185,21,2023-03-12,12052.5
3574,185,22,2023-04-12,12052.5
3575,185,23,2023-05-12,12052.5
3576,185,24,2023-06-12,12052.5
3577,186,1,2023-04-17,5346.11
3578,186,2,2023-05-17,5346.11
3579,186,3,2023-06-17,5346.11
3580,186,4,2023-07-17,5346.11
3581,186,5,2023-08-17,5346.11
3582,186,6,2023-09-17,5346.11
3583,186,7,2023-10-17,5346.11
3584,186,8,2023-11-17,5346.11
3585,186,9,2023-12-17,5346.11
3586,186,10,2024-01-17,5346.11
3587,186,11,2024-02-17,5346.11
3588,186,12,2024-03-17,5346.11
3589,186,13,2024-04-17,5346.11
3590,186,14,2024-05-17,5346.11
3591,186,15,2024-06-17,5346.11
3592,186,16,2024-07-17,5346.11
3593,186,17,2024-08-17,5346.11
3594,186,18,2024-09-17,5346.11
3595,187,1,2024-12-22,6155.56
3596,187,2,2025-01-22,6155.56
3597,187,3,2025-02-22,6155.56
3598,187,4,2025-03-22,6155.56
3599,187,5,2025-04-22,6155.56
3600,187,6,2025-05-22,6155.56
3601,187,7,2025-06-22,6155.56
3602,187,8,2025-07-22,6155.56
3603,187,9,2025-08-22,6155.56
3604,187,10,2025-09-22,6155.56
3605,187,11,2025-10-22,6155.56
3606,187,12,2025-11-22,6155.56
3607,187,13,2025-12-22,6155.56
3608,187,14,2026-01-22,6155.56
3609,187,15,2026-02-22,6155.56
3610,187,16,2026-03-22,6155.56
3611,187,17,2026-04-22,6155.56
3612,187,18,2026-05-22,6155.56
3613,187,19,2026-06-22,6155.56
3614,187,20,2026-07-22,6155.56
3615,187,21,2026-08-22,6155.56
3616,187,22,2026-09-22,6155.56
3617,187,23,2026-10-22,6155.56
3618,187,24,2026-11-22,6155.56
3619,188,1,2022-11-10,26842.17
3620,188,2,2022-12-10,26842.17
3621,188,3,2023-01-10,26842.17
3622,188,4,2023-02-10,26842.17
3623,188,5,2023-03-10,26842.17
3624,188,6,2023-04-10,26842.17
3625,189,1,2025-04-15,2457.24
3626,189,2,2025-05-15,2457.24
3627,189,3,2025-06-15,2457.24
3628,189,4,2025-07-15,2457.24
3629,189,5,2025-08-15,2457.24
3630,189,6,2025-09-15,2457.24
3631,189,7,2025-10-15,2457.24
3632,189,8,2025-11-15,2457.24
3633,189,9,2025-12-15,2457.24
3634,189,10,2026-01-15,2457.24
3635,189,11,2026-02-15,2457.24
3636,189,12,2026-03-15,2457.24
3637,189,13,2026-04-15,2457.24
3638,189,14,2026-05-15,2457.24
3639,189,15,2026-06-15,2457.24
3640,189,16,2026-07-15,2457.24
3641,189,17,2026-08-15,2457.24
3642,189,18,2026-09-15,2457.24
3643,189,19,2026-10-15,2457.24
3644,189,20,2026-11-15,2457.24
3645,189,21,2026-12-15,2457.24
3646,189,22,2027-01-15,2457.24
3647,189,23,2027-02-15,2457.24
3648,189,24,2027-03-15,2457.24
3649,189,25,2027-04-15,2457.24
3650,189,26,2027-05-15,2457.24
3651,189,27,2027-06-15,2457.24
3652,189,28,2027-07-15,2457.24
3653,189,29,2027-08-15,2457.24
3654,189,30,2027-09-15,2457.24
3655,189,31,2027-10-15,2457.24
3656,189,32,2027-11-15,2457.24
3657,189,33,2027-12-15,2457.24
3658,189,34,2028-01-15,2457.24
3659,189,35,2028-02-15,2457.24
3660,189,36,2028-03-15,2457.24
3661,190,1,2022-02-22,2665.59
3662,190,2,2022-03-22,2665.59
3663,190,3,2022-04-22,2665.59
3664,190,4,2022-05-22,2665.59
3665,190,5,2022-06-22,2665.59
3666,190,6,2022-07-22,2665.59
3667,190,7,2022-08-22,2665.59
3668,190,8,2022-09-22,2665.59
3669,190,9,2022-10-22,2665.59
3670,190,10,2022-11-22,2665.59
3671,190,11,2022-12-22,2665.59
3672,190,12,2023-01-22,2665.59
3673,191,1,2026-04-30,15917.48
3674,191,2,2026-05-30,15917.48
3675,191,3,2026-06-30,15917.48
3676,191,4,2026-07-30,15917.48
3677,191,5,2026-08-30,15917.48
3678,191,6,2026-09-30,15917.48
3679,191,7,2026-10-30,15917.48
3680,191,8,2026-11-30,15917.48
3681,191,9,2026-12-30,15917.48
3682,191,10,2027-01-30,15917.48
3683,191,11,2027-02-28,15917.48
3684,191,12,2027-03-30,15917.48
3685,192,1,2024-04-22,8486.36
3686,192,2,2024-05-22,8486.36
3687,192,3,2024-06-22,8486.36
3688,192,4,2024-07-22,8486.36
3689,192,5,2024-08-22,8486.36
3690,192,6,2024-09-22,8486.36
3691,192,7,2024-10-22,8486.36
3692,192,8,2024-11-22,8486.36
3693,192,9,2024-12-22,8486.36
3694,192,10,2025-01-22,8486.36
3695,192,11,2025-02-22,8486.36
3696,192,12,2025-03-22,8486.36
3697,192,13,2025-04-22,8486.36
3698,192,14,2025-05-22,8486.36
3699,192,15,2025-06-22,8486.36
3700,192,16,2025-07-22,8486.36
3701,192,17,2025-08-22,8486.36
3702,192,18,2025-09-22,8486.36
3703,192,19,2025-10-22,8486.36
3704,192,20,2025-11-22,8486.36
3705,192,21,2025-12-22,8486.36
3706,192,22,2026-01-22,8486.36
3707,192,23,2026-02-22,8486.36
3708,192,24,2026-03-22,8486.36
3709,193,1,2024-01-22,1721.49
3710,193,2,2024-02-22,1721.49
3711,193,3,2024-03-22,1721.49
3712,193,4,2024-04-22,1721.49
3713,193,5,2024-05-22,1721.49
3714,193,6,2024-06-22,1721.49
3715,193,7,2024-07-22,1721.49
3716,193,8,2024-08-22,1721.49
3717,193,9,2024-09-22,1721.49
3718,193,10,2024-10-22,1721.49
3719,193,11,2024-11-22,1721.49
3720,193,12,2024-12-22,1721.49
3721,193,13,2025-01-22,1721.49
3722,193,14,2025-02-22,1721.49
3723,193,15,2025-03-22,1721.49
3724,193,16,2025-04-22,1721.49
3725,193,17,2025-05-22,1721.49
3726,193,18,2025-06-22,1721.49
3727,194,1,2021-07-01,9317.14
3728,194,2,2021-08-01,9317.14
3729,194,3,2021-09-01,9317.14
3730,194,4,2021-10-01,9317.14
3731,194,5,2021-11-01,9317.14
3732,194,6,2021-12-01,9317.14
3733,194,7,2022-01-01,9317.14
3734,194,8,2022-02-01,9317.14
3735,194,9,2022-03-01,9317.14
3736,194,10,2022-04-01,9317.14
3737,194,11,2022-05-01,9317.14
3738,194,12,2022-06-01,9317.14
3739,195,1,2022-12-14,5852.66
3740,195,2,2023-01-14,5852.66
3741,195,3,2023-02-14,5852.66
3742,195,4,2023-03-14,5852.66
3743,195,5,2023-04-14,5852.66
3744,195,6,2023-05-14,5852.66
3745,195,7,2023-06-14,5852.66
3746,195,8,2023-07-14,5852.66
3747,195,9,2023-08-14,5852.66
3748,195,10,2023-09-14,5852.66
3749,195,11,2023-10-14,5852.66
3750,195,12,2023-11-14,5852.66
3751,195,13,2023-12-14,5852.66
3752,195,14,2024-01-14,5852.66
3753,195,15,2024-02-14,5852.66
3754,195,16,2024-03-14,5852.66
3755,195,17,2024-04-14,5852.66
3756,195,18,2024-05-14,5852.66
3757,195,19,2024-06-14,5852.66
3758,195,20,2024-07-14,5852.66
3759,195,21,2024-08-14,5852.66
3760,195,22,2024-09-14,5852.66
3761,195,23,2024-10-14,5852.66
3762,195,24,2024-11-14,5852.66
3763,196,1,2025-06-09,25641.37
3764,196,2,2025-07-09,25641.37
3765,196,3,2025-08-09,25641.37
3766,196,4,2025-09-09,25641.37
3767,196,5,2025-10-09,25641.37
3768,196,6,2025-11-09,25641.37
3769,197,1,2023-06-23,10933.99
3770,197,2,2023-07-23,10933.99
3771,197,3,2023-08-23,10933.99
3772,197,4,2023-09-23,10933.99
3773,197,5,2023-10-23,10933.99
3774,197,6,2023-11-23,10933.99
3775,197,7,2023-12-23,10933.99
3776,197,8,2024-01-23,10933.99
3777,197,9,2024-02-23,10933.99
3778,197,10,2024-03-23,10933.99
3779,197,11,2024-04-23,10933.99
3780,197,12,2024-05-23,10933.99
3781,197,13,2024-06-23,10933.99
3782,197,14,2024-07-23,10933.99
3783,197,15,2024-08-23,10933.99
3784,197,16,2024-09-23,10933.99
3785,197,17,2024-10-23,10933.99
3786,197,18,2024-11-23,10933.99
3787,198,1,2025-08-15,2390.36
3788,198,2,2025-09-15,2390.36
3789,198,3,2025-10-15,2390.36
3790,198,4,2025-11-15,2390.36
3791,198,5,2025-12-15,2390.36
3792,198,6,2026-01-15,2390.36
3793,198,7,2026-02-15,2390.36
3794,198,8,2026-03-15,2390.36
3795,198,9,2026-04-15,2390.36
3796,198,10,2026-05-15,2390.36
3797,198,11,2026-06-15,2390.36
3798,198,12,2026-07-15,2390.36
3799,198,13,2026-08-15,2390.36
3800,198,14,2026-09-15,2390.36
3801,198,15,2026-10-15,2390.36
3802,198,16,2026-11-15,2390.36
3803,198,17,2026-12-15,2390.36
3804,198,18,2027-01-15,2390.36
3805,198,19,2027-02-15,2390.36
3806,198,20,2027-03-15,2390.36
3807,198,21,2027-04-15,2390.36
3808,198,22,2027-05-15,2390.36
3809,198,23,2027-06-15,2390.36
3810,198,24,2027-07-15,2390.36
3811,198,25,2027-08-15,2390.36
3812,198,26,2027-09-15,2390.36
3813,198,27,2027-10-15,2390.36
3814,198,28,2027-11-15,2390.36
3815,198,29,2027-12-15,2390.36
3816,198,30,2028-01-15,2390.36
3817,198,31,2028-02-15,2390.36
3818,198,32,2028-03-15,2390.36
3819,198,33,2028-04-15,2390.36
3820,198,34,2028-05-15,2390.36
3821,198,35,2028-06-15,2390.36
3822,198,36,2028-07-15,2390.36
3823,199,1,2023-01-30,2493.31
3824,199,2,2023-02-28,2493.31
3825,199,3,2023-03-30,2493.31
3826,199,4,2023-04-30,2493.31
3827,199,5,2023-05-30,2493.31
3828,199,6,2023-06-30,2493.31
3829,199,7,2023-07-30,2493.31
3830,199,8,2023-08-30,2493.31
3831,199,9,2023-09-30,2493.31
3832,199,10,2023-10-30,2493.31
3833,199,11,2023-11-30,2493.31
3834,199,12,2023-12-30,2493.31
3835,199,13,2024-01-30,2493.31
3836,199,14,2024-02-29,2493.31
3837,199,15,2024-03-30,2493.31
3838,199,16,2024-04-30,2493.31
3839,199,17,2024-05-30,2493.31
3840,199,18,2024-06-30,2493.31
3841,199,19,2024-07-30,2493.31
3842,199,20,2024-08-30,2493.31
3843,199,21,2024-09-30,2493.31
3844,199,22,2024-10-30,2493.31
3845,199,23,2024-11-30,2493.31
3846,199,24,2024-12-30,2493.31
3847,200,1,2026-04-30,3492.52
3848,200,2,2026-05-30,3492.52
3849,200,3,2026-06-30,3492.52
3850,200,4,2026-07-30,3492.52
3851,200,5,2026-08-30,3492.52
3852,200,6,2026-09-30,3492.52
3853,200,7,2026-10-30,3492.52
3854,200,8,2026-11-30,3492.52
3855,200,9,2026-12-30,3492.52
3856,200,10,2027-01-30,3492.52
3857,200,11,2027-02-28,3492.52
3858,200,12,2027-03-30,3492.52
3859,200,13,2027-04-30,3492.52
3860,200,14,2027-05-30,3492.52
3861,200,15,2027-06-30,3492.52
3862,200,16,2027-07-30,3492.52
3863,200,17,2027-08-30,3492.52
3864,200,18,2027-09-30,3492.52
3865,201,1,2021-10-30,4785.43
3866,201,2,2021-11-30,4785.43
3867,201,3,2021-12-30,4785.43
3868,201,4,2022-01-30,4785.43
3869,201,5,2022-02-28,4785.43
3870,201,6,2022-03-30,4785.43
3871,201,7,2022-04-30,4785.43
3872,201,8,2022-05-30,4785.43
3873,201,9,2022-06-30,4785.43
3874,201,10,2022-07-30,4785.43
3875,201,11,2022-08-30,4785.43
3876,201,12,2022-09-30,4785.43
3877,201,13,2022-10-30,4785.43
3878,201,14,2022-11-30,4785.43
3879,201,15,2022-12-30,4785.43
3880,201,16,2023-01-30,4785.43
3881,201,17,2023-02-28,4785.43
3882,201,18,2023-03-30,4785.43
3883,202,1,2025-12-26,4519.75
3884,202,2,2026-01-26,4519.75
3885,202,3,2026-02-26,4519.75
3886,202,4,2026-03-26,4519.75
3887,202,5,2026-04-26,4519.75
3888,202,6,2026-05-26,4519.75
3889,202,7,2026-06-26,4519.75
3890,202,8,2026-07-26,4519.75
3891,202,9,2026-08-26,4519.75
3892,202,10,2026-09-26,4519.75
3893,202,11,2026-10-26,4519.75
3894,202,12,2026-11-26,4519.75
3895,202,13,2026-12-26,4519.75
3896,202,14,2027-01-26,4519.75
3897,202,15,2027-02-26,4519.75
3898,202,16,2027-03-26,4519.75
3899,202,17,2027-04-26,4519.75
3900,202,18,2027-05-26,4519.75
3901,202,19,2027-06-26,4519.75
3902,202,20,2027-07-26,4519.75
3903,202,21,2027-08-26,4519.75
3904,202,22,2027-09-26,4519.75
3905,202,23,2027-10-26,4519.75
3906,202,24,2027-11-26,4519.75
3907,202,25,2027-12-26,4519.75
3908,202,26,2028-01-26,4519.75
3909,202,27,2028-02-26,4519.75
3910,202,28,2028-03-26,4519.75
3911,202,29,2028-04-26,4519.75
3912,202,30,2028-05-26,4519.75
3913,202,31,2028-06-26,4519.75
3914,202,32,2028-07-26,4519.75
3915,202,33,2028-08-26,4519.75
3916,202,34,2028-09-26,4519.75
3917,202,35,2028-10-26,4519.75
3918,202,36,2028-11-26,4519.75
3919,203,1,2021-08-06,2304.96
3920,203,2,2021-09-06,2304.96
3921,203,3,2021-10-06,2304.96
3922,203,4,2021-11-06,2304.96
3923,203,5,2021-12-06,2304.96
3924,203,6,2022-01-06,2304.96
3925,203,7,2022-02-06,2304.96
3926,203,8,2022-03-06,2304.96
3927,203,9,2022-04-06,2304.96
3928,203,10,2022-05-06,2304.96
3929,203,11,2022-06-06,2304.96
3930,203,12,2022-07-06,2304.96
3931,203,13,2022-08-06,2304.96
3932,203,14,2022-09-06,2304.96
3933,203,15,2022-10-06,2304.96
3934,203,16,2022-11-06,2304.96
3935,203,17,2022-12-06,2304.96
3936,203,18,2023-01-06,2304.96
3937,203,19,2023-02-06,2304.96
3938,203,20,2023-03-06,2304.96
3939,203,21,2023-04-06,2304.96
3940,203,22,2023-05-06,2304.96
3941,203,23,2023-06-06,2304.96
3942,203,24,2023-07-06,2304.96
3943,203,25,2023-08-06,2304.96
3944,203,26,2023-09-06,2304.96
3945,203,27,2023-10-06,2304.96
3946,203,28,2023-11-06,2304.96
3947,203,29,2023-12-06,2304.96
3948,203,30,2024-01-06,2304.96
3949,203,31,2024-02-06,2304.96
3950,203,32,2024-03-06,2304.96
3951,203,33,2024-04-06,2304.96
3952,203,34,2024-05-06,2304.96
3953,203,35,2024-06-06,2304.96
3954,203,36,2024-07-06,2304.96
3955,204,1,2022-03-04,9020.17
3956,204,2,2022-04-04,9020.17
3957,204,3,2022-05-04,9020.17
3958,204,4,2022-06-04,9020.17
3959,204,5,2022-07-04,9020.17
3960,204,6,2022-08-04,9020.17
3961,204,7,2022-09-04,9020.17
3962,204,8,2022-10-04,9020.17
3963,204,9,2022-11-04,9020.17
3964,204,10,2022-12-04,9020.17
3965,204,11,2023-01-04,9020.17
3966,204,12,2023-02-04,9020.17
3967,205,1,2026-03-04,2260.76
3968,205,2,2026-04-04,2260.76
3969,205,3,2026-05-04,2260.76
3970,205,4,2026-06-04,2260.76
3971,205,5,2026-07-04,2260.76
3972,205,6,2026-08-04,2260.76
3973,205,7,2026-09-04,2260.76
3974,205,8,2026-10-04,2260.76
3975,205,9,2026-11-04,2260.76
3976,205,10,2026-12-04,2260.76
3977,205,11,2027-01-04,2260.76
3978,205,12,2027-02-04,2260.76
3979,205,13,2027-03-04,2260.76
3980,205,14,2027-04-04,2260.76
3981,205,15,2027-05-04,2260.76
3982,205,16,2027-06-04,2260.76
3983,205,17,2027-07-04,2260.76
3984,205,18,2027-08-04,2260.76
3985,205,19,2027-09-04,2260.76
3986,205,20,2027-10-04,2260.76
3987,205,21,2027-11-04,2260.76
3988,205,22,2027-12-04,2260.76
3989,205,23,2028-01-04,2260.76
3990,205,24,2028-02-04,2260.76
3991,206,1,2026-06-23,5444.11
3992,206,2,2026-07-23,5444.11
3993,206,3,2026-08-23,5444.11
3994,206,4,2026-09-23,5444.11
3995,206,5,2026-10-23,5444.11
3996,206,6,2026-11-23,5444.11
3997,206,7,2026-12-23,5444.11
3998,206,8,2027-01-23,5444.11
3999,206,9,2027-02-23,5444.11
4000,206,10,2027-03-23,5444.11
4001,206,11,2027-04-23,5444.11
4002,206,12,2027-05-23,5444.11
4003,206,13,2027-06-23,5444.11
4004,206,14,2027-07-23,5444.11
4005,206,15,2027-08-23,5444.11
4006,206,16,2027-09-23,5444.11
4007,206,17,2027-10-23,5444.11
4008,206,18,2027-11-23,5444.11
4009,206,19,2027-12-23,5444.11
4010,206,20,2028-01-23,5444.11
4011,206,21,2028-02-23,5444.11
4012,206,22,2028-03-23,5444.11
4013,206,23,2028-04-23,5444.11
4014,206,24,2028-05-23,5444.11
4015,207,1,2025-11-26,3983.83
4016,207,2,2025-12-26,3983.83
4017,207,3,2026-01-26,3983.83
4018,207,4,2026-02-26,3983.83
4019,207,5,2026-03-26,3983.83
4020,207,6,2026-04-26,3983.83
4021,207,7,2026-05-26,3983.83
4022,207,8,2026-06-26,3983.83
4023,207,9,2026-07-26,3983.83
4024,207,10,2026-08-26,3983.83
4025,207,11,2026-09-26,3983.83
4026,207,12,2026-10-26,3983.83
4027,208,1,2025-12-15,896.3
4028,208,2,2026-01-15,896.3
4029,208,3,2026-02-15,896.3
4030,208,4,2026-03-15,896.3
4031,208,5,2026-04-15,896.3
4032,208,6,2026-05-15,896.3
4033,208,7,2026-06-15,896.3
4034,208,8,2026-07-15,896.3
4035,208,9,2026-08-15,896.3
4036,208,10,2026-09-15,896.3
4037,208,11,2026-10-15,896.3
4038,208,12,2026-11-15,896.3
4039,208,13,2026-12-15,896.3
4040,208,14,2027-01-15,896.3
4041,208,15,2027-02-15,896.3
4042,208,16,2027-03-15,896.3
4043,208,17,2027-04-15,896.3
4044,208,18,2027-05-15,896.3
4045,208,19,2027-06-15,896.3
4046,208,20,2027-07-15,896.3
4047,208,21,2027-08-15,896.3
4048,208,22,2027-09-15,896.3
4049,208,23,2027-10-15,896.3
4050,208,24,2027-11-15,896.3
4051,208,25,2027-12-15,896.3
4052,208,26,2028-01-15,896.3
4053,208,27,2028-02-15,896.3
4054,208,28,2028-03-15,896.3
4055,208,29,2028-04-15,896.3
4056,208,30,2028-05-15,896.3
4057,208,31,2028-06-15,896.3
4058,208,32,2028-07-15,896.3
4059,208,33,2028-08-15,896.3
4060,208,34,2028-09-15,896.3
4061,208,35,2028-10-15,896.3
4062,208,36,2028-11-15,896.3
4063,209,1,2025-02-01,4290.63
4064,209,2,2025-03-01,4290.63
4065,209,3,2025-04-01,4290.63
4066,209,4,2025-05-01,4290.63
4067,209,5,2025-06-01,4290.63
4068,209,6,2025-07-01,4290.63
4069,209,7,2025-08-01,4290.63
4070,209,8,2025-09-01,4290.63
4071,209,9,2025-10-01,4290.63
4072,209,10,2025-11-01,4290.63
4073,209,11,2025-12-01,4290.63
4074,209,12,2026-01-01,4290.63
4075,210,1,2022-01-09,7700.14
4076,210,2,2022-02-09,7700.14
4077,210,3,2022-03-09,7700.14
4078,210,4,2022-04-09,7700.14
4079,210,5,2022-05-09,7700.14
4080,210,6,2022-06-09,7700.14
4081,210,7,2022-07-09,7700.14
4082,210,8,2022-08-09,7700.14
4083,210,9,2022-09-09,7700.14
4084,210,10,2022-10-09,7700.14
4085,210,11,2022-11-09,7700.14
4086,210,12,2022-12-09,7700.14
4087,211,1,2026-01-24,14631.32
4088,211,2,2026-02-24,14631.32
4089,211,3,2026-03-24,14631.32
4090,211,4,2026-04-24,14631.32
4091,211,5,2026-05-24,14631.32
4092,211,6,2026-06-24,14631.32
4093,211,7,2026-07-24,14631.32
4094,211,8,2026-08-24,14631.32
4095,211,9,2026-09-24,14631.32
4096,211,10,2026-10-24,14631.32
4097,211,11,2026-11-24,14631.32
4098,211,12,2026-12-24,14631.32
4099,212,1,2023-09-08,3915.52
4100,212,2,2023-10-08,3915.52
4101,212,3,2023-11-08,3915.52
4102,212,4,2023-12-08,3915.52
4103,212,5,2024-01-08,3915.52
4104,212,6,2024-02-08,3915.52
4105,212,7,2024-03-08,3915.52
4106,212,8,2024-04-08,3915.52
4107,212,9,2024-05-08,3915.52
4108,212,10,2024-06-08,3915.52
4109,212,11,2024-07-08,3915.52
4110,212,12,2024-08-08,3915.52
4111,212,13,2024-09-08,3915.52
4112,212,14,2024-10-08,3915.52
4113,212,15,2024-11-08,3915.52
4114,212,16,2024-12-08,3915.52
4115,212,17,2025-01-08,3915.52
4116,212,18,2025-02-08,3915.52
4117,212,19,2025-03-08,3915.52
4118,212,20,2025-04-08,3915.52
4119,212,21,2025-05-08,3915.52
4120,212,22,2025-06-08,3915.52
4121,212,23,2025-07-08,3915.52
4122,212,24,2025-08-08,3915.52
4123,213,1,2024-06-13,21055.85
4124,213,2,2024-07-13,21055.85
4125,213,3,2024-08-13,21055.85
4126,213,4,2024-09-13,21055.85
4127,213,5,2024-10-13,21055.85
4128,213,6,2024-11-13,21055.85
4129,214,1,2022-05-17,13769.98
4130,214,2,2022-06-17,13769.98
4131,214,3,2022-07-17,13769.98
4132,214,4,2022-08-17,13769.98
4133,214,5,2022-09-17,13769.98
4134,214,6,2022-10-17,13769.98
4135,215,1,2021-10-04,11430.94
4136,215,2,2021-11-04,11430.94
4137,215,3,2021-12-04,11430.94
4138,215,4,2022-01-04,11430.94
4139,215,5,2022-02-04,11430.94
4140,215,6,2022-03-04,11430.94
4141,215,7,2022-04-04,11430.94
4142,215,8,2022-05-04,11430.94
4143,215,9,2022-06-04,11430.94
4144,215,10,2022-07-04,11430.94
4145,215,11,2022-08-04,11430.94
4146,215,12,2022-09-04,11430.94
4147,216,1,2021-09-21,1716.54
4148,216,2,2021-10-21,1716.54
4149,216,3,2021-11-21,1716.54
4150,216,4,2021-12-21,1716.54
4151,216,5,2022-01-21,1716.54
4152,216,6,2022-02-21,1716.54
4153,216,7,2022-03-21,1716.54
4154,216,8,2022-04-21,1716.54
4155,216,9,2022-05-21,1716.54
4156,216,10,2022-06-21,1716.54
4157,216,11,2022-07-21,1716.54
4158,216,12,2022-08-21,1716.54
4159,216,13,2022-09-21,1716.54
4160,216,14,2022-10-21,1716.54
4161,216,15,2022-11-21,1716.54
4162,216,16,2022-12-21,1716.54
4163,216,17,2023-01-21,1716.54
4164,216,18,2023-02-21,1716.54
4165,216,19,2023-03-21,1716.54
4166,216,20,2023-04-21,1716.54
4167,216,21,2023-05-21,1716.54
4168,216,22,2023-06-21,1716.54
4169,216,23,2023-07-21,1716.54
4170,216,24,2023-08-21,1716.54
4171,217,1,2026-01-06,8521.83
4172,217,2,2026-02-06,8521.83
4173,217,3,2026-03-06,8521.83
4174,217,4,2026-04-06,8521.83
4175,217,5,2026-05-06,8521.83
4176,217,6,2026-06-06,8521.83
4177,217,7,2026-07-06,8521.83
4178,217,8,2026-08-06,8521.83
4179,217,9,2026-09-06,8521.83
4180,217,10,2026-10-06,8521.83
4181,217,11,2026-11-06,8521.83
4182,217,12,2026-12-06,8521.83
4183,218,1,2025-11-16,17551.4
4184,218,2,2025-12-16,17551.4
4185,218,3,2026-01-16,17551.4
4186,218,4,2026-02-16,17551.4
4187,218,5,2026-03-16,17551.4
4188,218,6,2026-04-16,17551.4
4189,219,1,2021-09-14,15401.73
4190,219,2,2021-10-14,15401.73
4191,219,3,2021-11-14,15401.73
4192,219,4,2021-12-14,15401.73
4193,219,5,2022-01-14,15401.73
4194,219,6,2022-02-14,15401.73
4195,219,7,2022-03-14,15401.73
4196,219,8,2022-04-14,15401.73
4197,219,9,2022-05-14,15401.73
4198,219,10,2022-06-14,15401.73
4199,219,11,2022-07-14,15401.73
4200,219,12,2022-08-14,15401.73
4201,220,1,2021-04-11,10649.52
4202,220,2,2021-05-11,10649.52
4203,220,3,2021-06-11,10649.52
4204,220,4,2021-07-11,10649.52
4205,220,5,2021-08-11,10649.52
4206,220,6,2021-09-11,10649.52
4207,220,7,2021-10-11,10649.52
4208,220,8,2021-11-11,10649.52
4209,220,9,2021-12-11,10649.52
4210,220,10,2022-01-11,10649.52
4211,220,11,2022-02-11,10649.52
4212,220,12,2022-03-11,10649.52
4213,221,1,2023-05-09,32383.53
4214,221,2,2023-06-09,32383.53
4215,221,3,2023-07-09,32383.53
4216,221,4,2023-08-09,32383.53
4217,221,5,2023-09-09,32383.53
4218,221,6,2023-10-09,32383.53
4219,222,1,2021-07-29,10237.71
4220,222,2,2021-08-29,10237.71
4221,222,3,2021-09-29,10237.71
4222,222,4,2021-10-29,10237.71
4223,222,5,2021-11-29,10237.71
4224,222,6,2021-12-29,10237.71
4225,222,7,2022-01-29,10237.71
4226,222,8,2022-02-28,10237.71
4227,222,9,2022-03-29,10237.71
4228,222,10,2022-04-29,10237.71
4229,222,11,2022-05-29,10237.71
4230,222,12,2022-06-29,10237.71
4231,223,1,2022-10-06,10589.14
4232,223,2,2022-11-06,10589.14
4233,223,3,2022-12-06,10589.14
4234,223,4,2023-01-06,10589.14
4235,223,5,2023-02-06,10589.14
4236,223,6,2023-03-06,10589.14
4237,224,1,2022-08-30,9856.22
4238,224,2,2022-09-30,9856.22
4239,224,3,2022-10-30,9856.22
4240,224,4,2022-11-30,9856.22
4241,224,5,2022-12-30,9856.22
4242,224,6,2023-01-30,9856.22
4243,225,1,2022-06-02,3998.61
4244,225,2,2022-07-02,3998.61
4245,225,3,2022-08-02,3998.61
4246,225,4,2022-09-02,3998.61
4247,225,5,2022-10-02,3998.61
4248,225,6,2022-11-02,3998.61
4249,225,7,2022-12-02,3998.61
4250,225,8,2023-01-02,3998.61
4251,225,9,2023-02-02,3998.61
4252,225,10,2023-03-02,3998.61
4253,225,11,2023-04-02,3998.61
4254,225,12,2023-05-02,3998.61
4255,225,13,2023-06-02,3998.61
4256,225,14,2023-07-02,3998.61
4257,225,15,2023-08-02,3998.61
4258,225,16,2023-09-02,3998.61
4259,225,17,2023-10-02,3998.61
4260,225,18,2023-11-02,3998.61
4261,226,1,2023-05-08,3237.32
4262,226,2,2023-06-08,3237.32
4263,226,3,2023-07-08,3237.32
4264,226,4,2023-08-08,3237.32
4265,226,5,2023-09-08,3237.32
4266,226,6,2023-10-08,3237.32
4267,226,7,2023-11-08,3237.32
4268,226,8,2023-12-08,3237.32
4269,226,9,2024-01-08,3237.32
4270,226,10,2024-02-08,3237.32
4271,226,11,2024-03-08,3237.32
4272,226,12,2024-04-08,3237.32
4273,226,13,2024-05-08,3237.32
4274,226,14,2024-06-08,3237.32
4275,226,15,2024-07-08,3237.32
4276,226,16,2024-08-08,3237.32
4277,226,17,2024-09-08,3237.32
4278,226,18,2024-10-08,3237.32
4279,226,19,2024-11-08,3237.32
4280,226,20,2024-12-08,3237.32
4281,226,21,2025-01-08,3237.32
4282,226,22,2025-02-08,3237.32
4283,226,23,2025-03-08,3237.32
4284,226,24,2025-04-08,3237.32
4285,227,1,2025-08-09,1138.27
4286,227,2,2025-09-09,1138.27
4287,227,3,2025-10-09,1138.27
4288,227,4,2025-11-09,1138.27
4289,227,5,2025-12-09,1138.27
4290,227,6,2026-01-09,1138.27
4291,227,7,2026-02-09,1138.27
4292,227,8,2026-03-09,1138.27
4293,227,9,2026-04-09,1138.27
4294,227,10,2026-05-09,1138.27
4295,227,11,2026-06-09,1138.27
4296,227,12,2026-07-09,1138.27
4297,227,13,2026-08-09,1138.27
4298,227,14,2026-09-09,1138.27
4299,227,15,2026-10-09,1138.27
4300,227,16,2026-11-09,1138.27
4301,227,17,2026-12-09,1138.27
4302,227,18,2027-01-09,1138.27
4303,227,19,2027-02-09,1138.27
4304,227,20,2027-03-09,1138.27
4305,227,21,2027-04-09,1138.27
4306,227,22,2027-05-09,1138.27
4307,227,23,2027-06-09,1138.27
4308,227,24,2027-07-09,1138.27
4309,227,25,2027-08-09,1138.27
4310,227,26,2027-09-09,1138.27
4311,227,27,2027-10-09,1138.27
4312,227,28,2027-11-09,1138.27
4313,227,29,2027-12-09,1138.27
4314,227,30,2028-01-09,1138.27
4315,227,31,2028-02-09,1138.27
4316,227,32,2028-03-09,1138.27
4317,227,33,2028-04-09,1138.27
4318,227,34,2028-05-09,1138.27
4319,227,35,2028-06-09,1138.27
4320,227,36,2028-07-09,1138.27
4321,228,1,2025-12-01,2226.21
4322,228,2,2026-01-01,2226.21
4323,228,3,2026-02-01,2226.21
4324,228,4,2026-03-01,2226.21
4325,228,5,2026-04-01,2226.21
4326,228,6,2026-05-01,2226.21
4327,228,7,2026-06-01,2226.21
4328,228,8,2026-07-01,2226.21
4329,228,9,2026-08-01,2226.21
4330,228,10,2026-09-01,2226.21
4331,228,11,2026-10-01,2226.21
4332,228,12,2026-11-01,2226.21
4333,228,13,2026-12-01,2226.21
4334,228,14,2027-01-01,2226.21
4335,228,15,2027-02-01,2226.21
4336,228,16,2027-03-01,2226.21
4337,228,17,2027-04-01,2226.21
4338,228,18,2027-05-01,2226.21
4339,228,19,2027-06-01,2226.21
4340,228,20,2027-07-01,2226.21
4341,228,21,2027-08-01,2226.21
4342,228,22,2027-09-01,2226.21
4343,228,23,2027-10-01,2226.21
4344,228,24,2027-11-01,2226.21
4345,229,1,2025-06-11,11331.35
4346,229,2,2025-07-11,11331.35
4347,229,3,2025-08-11,11331.35
4348,229,4,2025-09-11,11331.35
4349,229,5,2025-10-11,11331.35
4350,229,6,2025-11-11,11331.35
4351,229,7,2025-12-11,11331.35
4352,229,8,2026-01-11,11331.35
4353,229,9,2026-02-11,11331.35
4354,229,10,2026-03-11,11331.35
4355,229,11,2026-04-11,11331.35
4356,229,12,2026-05-11,11331.35
4357,229,13,2026-06-11,11331.35
4358,229,14,2026-07-11,11331.35
4359,229,15,2026-08-11,11331.35
4360,229,16,2026-09-11,11331.35
4361,229,17,2026-10-11,11331.35
4362,229,18,2026-11-11,11331.35
4363,229,19,2026-12-11,11331.35
4364,229,20,2027-01-11,11331.35
4365,229,21,2027-02-11,11331.35
4366,229,22,2027-03-11,11331.35
4367,229,23,2027-04-11,11331.35
4368,229,24,2027-05-11,11331.35
4369,230,1,2021-09-15,2581.09
4370,230,2,2021-10-15,2581.09
4371,230,3,2021-11-15,2581.09
4372,230,4,2021-12-15,2581.09
4373,230,5,2022-01-15,2581.09
4374,230,6,2022-02-15,2581.09
4375,230,7,2022-03-15,2581.09
4376,230,8,2022-04-15,2581.09
4377,230,9,2022-05-15,2581.09
4378,230,10,2022-06-15,2581.09
4379,230,11,2022-07-15,2581.09
4380,230,12,2022-08-15,2581.09
4381,230,13,2022-09-15,2581.09
4382,230,14,2022-10-15,2581.09
4383,230,15,2022-11-15,2581.09
4384,230,16,2022-12-15,2581.09
4385,230,17,2023-01-15,2581.09
4386,230,18,2023-02-15,2581.09
4387,230,19,2023-03-15,2581.09
4388,230,20,2023-04-15,2581.09
4389,230,21,2023-05-15,2581.09
4390,230,22,2023-06-15,2581.09
4391,230,23,2023-07-15,2581.09
4392,230,24,2023-08-15,2581.09
4393,231,1,2021-09-10,1893.05
4394,231,2,2021-10-10,1893.05
4395,231,3,2021-11-10,1893.05
4396,231,4,2021-12-10,1893.05
4397,231,5,2022-01-10,1893.05
4398,231,6,2022-02-10,1893.05
4399,231,7,2022-03-10,1893.05
4400,231,8,2022-04-10,1893.05
4401,231,9,2022-05-10,1893.05
4402,231,10,2022-06-10,1893.05
4403,231,11,2022-07-10,1893.05
4404,231,12,2022-08-10,1893.05
4405,232,1,2023-03-18,5289.6
4406,232,2,2023-04-18,5289.6
4407,232,3,2023-05-18,5289.6
4408,232,4,2023-06-18,5289.6
4409,232,5,2023-07-18,5289.6
4410,232,6,2023-08-18,5289.6
4411,232,7,2023-09-18,5289.6
4412,232,8,2023-10-18,5289.6
4413,232,9,2023-11-18,5289.6
4414,232,10,2023-12-18,5289.6
4415,232,11,2024-01-18,5289.6
4416,232,12,2024-02-18,5289.6
4417,232,13,2024-03-18,5289.6
4418,232,14,2024-04-18,5289.6
4419,232,15,2024-05-18,5289.6
4420,232,16,2024-06-18,5289.6
4421,232,17,2024-07-18,5289.6
4422,232,18,2024-08-18,5289.6
4423,233,1,2022-06-03,3591.75
4424,233,2,2022-07-03,3591.75
4425,233,3,2022-08-03,3591.75
4426,233,4,2022-09-03,3591.75
4427,233,5,2022-10-03,3591.75
4428,233,6,2022-11-03,3591.75
4429,233,7,2022-12-03,3591.75
4430,233,8,2023-01-03,3591.75
4431,233,9,2023-02-03,3591.75
4432,233,10,2023-03-03,3591.75
4433,233,11,2023-04-03,3591.75
4434,233,12,2023-05-03,3591.75
4435,234,1,2023-08-04,3360.89
4436,234,2,2023-09-04,3360.89
4437,234,3,2023-10-04,3360.89
4438,234,4,2023-11-04,3360.89
4439,234,5,2023-12-04,3360.89
4440,234,6,2024-01-04,3360.89
4441,234,7,2024-02-04,3360.89
4442,234,8,2024-03-04,3360.89
4443,234,9,2024-04-04,3360.89
4444,234,10,2024-05-04,3360.89
4445,234,11,2024-06-04,3360.89
4446,234,12,2024-07-04,3360.89
4447,235,1,2021-02-11,2740.58
4448,235,2,2021-03-11,2740.58
4449,235,3,2021-04-11,2740.58
4450,235,4,2021-05-11,2740.58
4451,235,5,2021-06-11,2740.58
4452,235,6,2021-07-11,2740.58
4453,236,1,2022-04-14,1729.71
4454,236,2,2022-05-14,1729.71
4455,236,3,2022-06-14,1729.71
4456,236,4,2022-07-14,1729.71
4457,236,5,2022-08-14,1729.71
4458,236,6,2022-09-14,1729.71
4459,236,7,2022-10-14,1729.71
4460,236,8,2022-11-14,1729.71
4461,236,9,2022-12-14,1729.71
4462,236,10,2023-01-14,1729.71
4463,236,11,2023-02-14,1729.71
4464,236,12,2023-03-14,1729.71
4465,236,13,2023-04-14,1729.71
4466,236,14,2023-05-14,1729.71
4467,236,15,2023-06-14,1729.71
4468,236,16,2023-07-14,1729.71
4469,236,17,2023-08-14,1729.71
4470,236,18,2023-09-14,1729.71
4471,236,19,2023-10-14,1729.71
4472,236,20,2023-11-14,1729.71
4473,236,21,2023-12-14,1729.71
4474,236,22,2024-01-14,1729.71
4475,236,23,2024-02-14,1729.71
4476,236,24,2024-03-14,1729.71
4477,237,1,2025-07-02,3892.54
4478,237,2,2025-08-02,3892.54
4479,237,3,2025-09-02,3892.54
4480,237,4,2025-10-02,3892.54
4481,237,5,2025-11-02,3892.54
4482,237,6,2025-12-02,3892.54
4483,237,7,2026-01-02,3892.54
4484,237,8,2026-02-02,3892.54
4485,237,9,2026-03-02,3892.54
4486,237,10,2026-04-02,3892.54
4487,237,11,2026-05-02,3892.54
4488,237,12,2026-06-02,3892.54
4489,237,13,2026-07-02,3892.54
4490,237,14,2026-08-02,3892.54
4491,237,15,2026-09-02,3892.54
4492,237,16,2026-10-02,3892.54
4493,237,17,2026-11-02,3892.54
4494,237,18,2026-12-02,3892.54
4495,238,1,2022-01-14,9058.95
4496,238,2,2022-02-14,9058.95
4497,238,3,2022-03-14,9058.95
4498,238,4,2022-04-14,9058.95
4499,238,5,2022-05-14,9058.95
4500,238,6,2022-06-14,9058.95
4501,238,7,2022-07-14,9058.95
4502,238,8,2022-08-14,9058.95
4503,238,9,2022-09-14,9058.95
4504,238,10,2022-10-14,9058.95
4505,238,11,2022-11-14,9058.95
4506,238,12,2022-12-14,9058.95
4507,239,1,2021-12-06,3669.65
4508,239,2,2022-01-06,3669.65
4509,239,3,2022-02-06,3669.65
4510,239,4,2022-03-06,3669.65
4511,239,5,2022-04-06,3669.65
4512,239,6,2022-05-06,3669.65
4513,239,7,2022-06-06,3669.65
4514,239,8,2022-07-06,3669.65
4515,239,9,2022-08-06,3669.65
4516,239,10,2022-09-06,3669.65
4517,239,11,2022-10-06,3669.65
4518,239,12,2022-11-06,3669.65
4519,239,13,2022-12-06,3669.65
4520,239,14,2023-01-06,3669.65
4521,239,15,2023-02-06,3669.65
4522,239,16,2023-03-06,3669.65
4523,239,17,2023-04-06,3669.65
4524,239,18,2023-05-06,3669.65
4525,239,19,2023-06-06,3669.65
4526,239,20,2023-07-06,3669.65
4527,239,21,2023-08-06,3669.65
4528,239,22,2023-09-06,3669.65
4529,239,23,2023-10-06,3669.65
4530,239,24,2023-11-06,3669.65
4531,239,25,2023-12-06,3669.65
4532,239,26,2024-01-06,3669.65
4533,239,27,2024-02-06,3669.65
4534,239,28,2024-03-06,3669.65
4535,239,29,2024-04-06,3669.65
4536,239,30,2024-05-06,3669.65
4537,239,31,2024-06-06,3669.65
4538,239,32,2024-07-06,3669.65
4539,239,33,2024-08-06,3669.65
4540,239,34,2024-09-06,3669.65
4541,239,35,2024-10-06,3669.65
4542,239,36,2024-11-06,3669.65
4543,240,1,2023-02-21,9933.4
4544,240,2,2023-03-21,9933.4
4545,240,3,2023-04-21,9933.4
4546,240,4,2023-05-21,9933.4
4547,240,5,2023-06-21,9933.4
4548,240,6,2023-07-21,9933.4
4549,240,7,2023-08-21,9933.4
4550,240,8,2023-09-21,9933.4
4551,240,9,2023-10-21,9933.4
4552,240,10,2023-11-21,9933.4
4553,240,11,2023-12-21,9933.4
4554,240,12,2024-01-21,9933.4
4555,240,13,2024-02-21,9933.4
4556,240,14,2024-03-21,9933.4
4557,240,15,2024-04-21,9933.4
4558,240,16,2024-05-21,9933.4
4559,240,17,2024-06-21,9933.4
4560,240,18,2024-07-21,9933.4
4561,241,1,2024-11-09,5274.94
4562,241,2,2024-12-09,5274.94
4563,241,3,2025-01-09,5274.94
4564,241,4,2025-02-09,5274.94
4565,241,5,2025-03-09,5274.94
4566,241,6,2025-04-09,5274.94
4567,241,7,2025-05-09,5274.94
4568,241,8,2025-06-09,5274.94
4569,241,9,2025-07-09,5274.94
4570,241,10,2025-08-09,5274.94
4571,241,11,2025-09-09,5274.94
4572,241,12,2025-10-09,5274.94
4573,241,13,2025-11-09,5274.94
4574,241,14,2025-12-09,5274.94
4575,241,15,2026-01-09,5274.94
4576,241,16,2026-02-09,5274.94
4577,241,17,2026-03-09,5274.94
4578,241,18,2026-04-09,5274.94
4579,242,1,2025-12-12,7688.09
4580,242,2,2026-01-12,7688.09
4581,242,3,2026-02-12,7688.09
4582,242,4,2026-03-12,7688.09
4583,242,5,2026-04-12,7688.09
4584,242,6,2026-05-12,7688.09
4585,242,7,2026-06-12,7688.09
4586,242,8,2026-07-12,7688.09
4587,242,9,2026-08-12,7688.09
4588,242,10,2026-09-12,7688.09
4589,242,11,2026-10-12,7688.09
4590,242,12,2026-11-12,7688.09
4591,242,13,2026-12-12,7688.09
4592,242,14,2027-01-12,7688.09
4593,242,15,2027-02-12,7688.09
4594,242,16,2027-03-12,7688.09
4595,242,17,2027-04-12,7688.09
4596,242,18,2027-05-12,7688.09
4597,242,19,2027-06-12,7688.09
4598,242,20,2027-07-12,7688.09
4599,242,21,2027-08-12,7688.09
4600,242,22,2027-09-12,7688.09
4601,242,23,2027-10-12,7688.09
4602,242,24,2027-11-12,7688.09
4603,242,25,2027-12-12,7688.09
4604,242,26,2028-01-12,7688.09
4605,242,27,2028-02-12,7688.09
4606,242,28,2028-03-12,7688.09
4607,242,29,2028-04-12,7688.09
4608,242,30,2028-05-12,7688.09
4609,242,31,2028-06-12,7688.09
4610,242,32,2028-07-12,7688.09
4611,242,33,2028-08-12,7688.09
4612,242,34,2028-09-12,7688.09
4613,242,35,2028-10-12,7688.09
4614,242,36,2028-11-12,7688.09
4615,243,1,2022-07-09,2218.31
4616,243,2,2022-08-09,2218.31
4617,243,3,2022-09-09,2218.31
4618,243,4,2022-10-09,2218.31
4619,243,5,2022-11-09,2218.31
4620,243,6,2022-12-09,2218.31
4621,243,7,2023-01-09,2218.31
4622,243,8,2023-02-09,2218.31
4623,243,9,2023-03-09,2218.31
4624,243,10,2023-04-09,2218.31
4625,243,11,2023-05-09,2218.31
4626,243,12,2023-06-09,2218.31
4627,243,13,2023-07-09,2218.31
4628,243,14,2023-08-09,2218.31
4629,243,15,2023-09-09,2218.31
4630,243,16,2023-10-09,2218.31
4631,243,17,2023-11-09,2218.31
4632,243,18,2023-12-09,2218.31
4633,243,19,2024-01-09,2218.31
4634,243,20,2024-02-09,2218.31
4635,243,21,2024-03-09,2218.31
4636,243,22,2024-04-09,2218.31
4637,243,23,2024-05-09,2218.31
4638,243,24,2024-06-09,2218.31
4639,243,25,2024-07-09,2218.31
4640,243,26,2024-08-09,2218.31
4641,243,27,2024-09-09,2218.31
4642,243,28,2024-10-09,2218.31
4643,243,29,2024-11-09,2218.31
4644,243,30,2024-12-09,2218.31
4645,243,31,2025-01-09,2218.31
4646,243,32,2025-02-09,2218.31
4647,243,33,2025-03-09,2218.31
4648,243,34,2025-04-09,2218.31
4649,243,35,2025-05-09,2218.31
4650,243,36,2025-06-09,2218.31
4651,244,1,2026-06-10,11166.78
4652,244,2,2026-07-10,11166.78
4653,244,3,2026-08-10,11166.78
4654,244,4,2026-09-10,11166.78
4655,244,5,2026-10-10,11166.78
4656,244,6,2026-11-10,11166.78
4657,244,7,2026-12-10,11166.78
4658,244,8,2027-01-10,11166.78
4659,244,9,2027-02-10,11166.78
4660,244,10,2027-03-10,11166.78
4661,244,11,2027-04-10,11166.78
4662,244,12,2027-05-10,11166.78
4663,245,1,2021-05-24,6205.38
4664,245,2,2021-06-24,6205.38
4665,245,3,2021-07-24,6205.38
4666,245,4,2021-08-24,6205.38
4667,245,5,2021-09-24,6205.38
4668,245,6,2021-10-24,6205.38
4669,245,7,2021-11-24,6205.38
4670,245,8,2021-12-24,6205.38
4671,245,9,2022-01-24,6205.38
4672,245,10,2022-02-24,6205.38
4673,245,11,2022-03-24,6205.38
4674,245,12,2022-04-24,6205.38
4675,246,1,2022-08-18,5653.32
4676,246,2,2022-09-18,5653.32
4677,246,3,2022-10-18,5653.32
4678,246,4,2022-11-18,5653.32
4679,246,5,2022-12-18,5653.32
4680,246,6,2023-01-18,5653.32
4681,246,7,2023-02-18,5653.32
4682,246,8,2023-03-18,5653.32
4683,246,9,2023-04-18,5653.32
4684,246,10,2023-05-18,5653.32
4685,246,11,2023-06-18,5653.32
4686,246,12,2023-07-18,5653.32
4687,246,13,2023-08-18,5653.32
4688,246,14,2023-09-18,5653.32
4689,246,15,2023-10-18,5653.32
4690,246,16,2023-11-18,5653.32
4691,246,17,2023-12-18,5653.32
4692,246,18,2024-01-18,5653.32
4693,247,1,2024-12-26,2440.58
4694,247,2,2025-01-26,2440.58
4695,247,3,2025-02-26,2440.58
4696,247,4,2025-03-26,2440.58
4697,247,5,2025-04-26,2440.58
4698,247,6,2025-05-26,2440.58
4699,247,7,2025-06-26,2440.58
4700,247,8,2025-07-26,2440.58
4701,247,9,2025-08-26,2440.58
4702,247,10,2025-09-26,2440.58
4703,247,11,2025-10-26,2440.58
4704,247,12,2025-11-26,2440.58
4705,248,1,2026-06-27,9941.88
4706,248,2,2026-07-27,9941.88
4707,248,3,2026-08-27,9941.88
4708,248,4,2026-09-27,9941.88
4709,248,5,2026-10-27,9941.88
4710,248,6,2026-11-27,9941.88
4711,249,1,2025-02-09,6628.27
4712,249,2,2025-03-09,6628.27
4713,249,3,2025-04-09,6628.27
4714,249,4,2025-05-09,6628.27
4715,249,5,2025-06-09,6628.27
4716,249,6,2025-07-09,6628.27
4717,249,7,2025-08-09,6628.27
4718,249,8,2025-09-09,6628.27
4719,249,9,2025-10-09,6628.27
4720,249,10,2025-11-09,6628.27
4721,249,11,2025-12-09,6628.27
4722,249,12,2026-01-09,6628.27
4723,249,13,2026-02-09,6628.27
4724,249,14,2026-03-09,6628.27
4725,249,15,2026-04-09,6628.27
4726,249,16,2026-05-09,6628.27
4727,249,17,2026-06-09,6628.27
4728,249,18,2026-07-09,6628.27
4729,249,19,2026-08-09,6628.27
4730,249,20,2026-09-09,6628.27
4731,249,21,2026-10-09,6628.27
4732,249,22,2026-11-09,6628.27
4733,249,23,2026-12-09,6628.27
4734,249,24,2027-01-09,6628.27
4735,250,1,2021-04-22,1536.88
4736,250,2,2021-05-22,1536.88
4737,250,3,2021-06-22,1536.88
4738,250,4,2021-07-22,1536.88
4739,250,5,2021-08-22,1536.88
4740,250,6,2021-09-22,1536.88
4741,250,7,2021-10-22,1536.88
4742,250,8,2021-11-22,1536.88
4743,250,9,2021-12-22,1536.88
4744,250,10,2022-01-22,1536.88
4745,250,11,2022-02-22,1536.88
4746,250,12,2022-03-22,1536.88
4747,250,13,2022-04-22,1536.88
4748,250,14,2022-05-22,1536.88
4749,250,15,2022-06-22,1536.88
4750,250,16,2022-07-22,1536.88
4751,250,17,2022-08-22,1536.88
4752,250,18,2022-09-22,1536.88
4753,250,19,2022-10-22,1536.88
4754,250,20,2022-11-22,1536.88
4755,250,21,2022-12-22,1536.88
4756,250,22,2023-01-22,1536.88
4757,250,23,2023-02-22,1536.88
4758,250,24,2023-03-22,1536.88
4759,251,1,2026-06-05,2081.1
4760,251,2,2026-07-05,2081.1
4761,251,3,2026-08-05,2081.1
4762,251,4,2026-09-05,2081.1
4763,251,5,2026-10-05,2081.1
4764,251,6,2026-11-05,2081.1
4765,251,7,2026-12-05,2081.1
4766,251,8,2027-01-05,2081.1
4767,251,9,2027-02-05,2081.1
4768,251,10,2027-03-05,2081.1
4769,251,11,2027-04-05,2081.1
4770,251,12,2027-05-05,2081.1
4771,251,13,2027-06-05,2081.1
4772,251,14,2027-07-05,2081.1
4773,251,15,2027-08-05,2081.1
4774,251,16,2027-09-05,2081.1
4775,251,17,2027-10-05,2081.1
4776,251,18,2027-11-05,2081.1
4777,252,1,2024-10-26,2792.65
4778,252,2,2024-11-26,2792.65
4779,252,3,2024-12-26,2792.65
4780,252,4,2025-01-26,2792.65
4781,252,5,2025-02-26,2792.65
4782,252,6,2025-03-26,2792.65
4783,252,7,2025-04-26,2792.65
4784,252,8,2025-05-26,2792.65
4785,252,9,2025-06-26,2792.65
4786,252,10,2025-07-26,2792.65
4787,252,11,2025-08-26,2792.65
4788,252,12,2025-09-26,2792.65
4789,252,13,2025-10-26,2792.65
4790,252,14,2025-11-26,2792.65
4791,252,15,2025-12-26,2792.65
4792,252,16,2026-01-26,2792.65
4793,252,17,2026-02-26,2792.65
4794,252,18,2026-03-26,2792.65
4795,252,19,2026-04-26,2792.65
4796,252,20,2026-05-26,2792.65
4797,252,21,2026-06-26,2792.65
4798,252,22,2026-07-26,2792.65
4799,252,23,2026-08-26,2792.65
4800,252,24,2026-09-26,2792.65
4801,253,1,2021-03-26,9369.59
4802,253,2,2021-04-26,9369.59
4803,253,3,2021-05-26,9369.59
4804,253,4,2021-06-26,9369.59
4805,253,5,2021-07-26,9369.59
4806,253,6,2021-08-26,9369.59
4807,253,7,2021-09-26,9369.59
4808,253,8,2021-10-26,9369.59
4809,253,9,2021-11-26,9369.59
4810,253,10,2021-12-26,9369.59
4811,253,11,2022-01-26,9369.59
4812,253,12,2022-02-26,9369.59
4813,254,1,2021-11-28,3871.63
4814,254,2,2021-12-28,3871.63
4815,254,3,2022-01-28,3871.63
4816,254,4,2022-02-28,3871.63
4817,254,5,2022-03-28,3871.63
4818,254,6,2022-04-28,3871.63
4819,254,7,2022-05-28,3871.63
4820,254,8,2022-06-28,3871.63
4821,254,9,2022-07-28,3871.63
4822,254,10,2022-08-28,3871.63
4823,254,11,2022-09-28,3871.63
4824,254,12,2022-10-28,3871.63
4825,254,13,2022-11-28,3871.63
4826,254,14,2022-12-28,3871.63
4827,254,15,2023-01-28,3871.63
4828,254,16,2023-02-28,3871.63
4829,254,17,2023-03-28,3871.63
4830,254,18,2023-04-28,3871.63
4831,254,19,2023-05-28,3871.63
4832,254,20,2023-06-28,3871.63
4833,254,21,2023-07-28,3871.63
4834,254,22,2023-08-28,3871.63
4835,254,23,2023-09-28,3871.63
4836,254,24,2023-10-28,3871.63
4837,255,1,2022-04-04,6643.11
4838,255,2,2022-05-04,6643.11
4839,255,3,2022-06-04,6643.11
4840,255,4,2022-07-04,6643.11
4841,255,5,2022-08-04,6643.11
4842,255,6,2022-09-04,6643.11
4843,255,7,2022-10-04,6643.11
4844,255,8,2022-11-04,6643.11
4845,255,9,2022-12-04,6643.11
4846,255,10,2023-01-04,6643.11
4847,255,11,2023-02-04,6643.11
4848,255,12,2023-03-04,6643.11
4849,256,1,2025-04-09,2062.63
4850,256,2,2025-05-09,2062.63
4851,256,3,2025-06-09,2062.63
4852,256,4,2025-07-09,2062.63
4853,256,5,2025-08-09,2062.63
4854,256,6,2025-09-09,2062.63
4855,256,7,2025-10-09,2062.63
4856,256,8,2025-11-09,2062.63
4857,256,9,2025-12-09,2062.63
4858,256,10,2026-01-09,2062.63
4859,256,11,2026-02-09,2062.63
4860,256,12,2026-03-09,2062.63
4861,256,13,2026-04-09,2062.63
4862,256,14,2026-05-09,2062.63
4863,256,15,2026-06-09,2062.63
4864,256,16,2026-07-09,2062.63
4865,256,17,2026-08-09,2062.63
4866,256,18,2026-09-09,2062.63
4867,256,19,2026-10-09,2062.63
4868,256,20,2026-11-09,2062.63
4869,256,21,2026-12-09,2062.63
4870,256,22,2027-01-09,2062.63
4871,256,23,2027-02-09,2062.63
4872,256,24,2027-03-09,2062.63
4873,256,25,2027-04-09,2062.63
4874,256,26,2027-05-09,2062.63
4875,256,27,2027-06-09,2062.63
4876,256,28,2027-07-09,2062.63
4877,256,29,2027-08-09,2062.63
4878,256,30,2027-09-09,2062.63
4879,256,31,2027-10-09,2062.63
4880,256,32,2027-11-09,2062.63
4881,256,33,2027-12-09,2062.63
4882,256,34,2028-01-09,2062.63
4883,256,35,2028-02-09,2062.63
4884,256,36,2028-03-09,2062.63
4885,257,1,2021-05-30,6114.41
4886,257,2,2021-06-30,6114.41
4887,257,3,2021-07-30,6114.41
4888,257,4,2021-08-30,6114.41
4889,257,5,2021-09-30,6114.41
4890,257,6,2021-10-30,6114.41
4891,257,7,2021-11-30,6114.41
4892,257,8,2021-12-30,6114.41
4893,257,9,2022-01-30,6114.41
4894,257,10,2022-02-28,6114.41
4895,257,11,2022-03-30,6114.41
4896,257,12,2022-04-30,6114.41
4897,258,1,2024-03-13,3608.0
4898,258,2,2024-04-13,3608.0
4899,258,3,2024-05-13,3608.0
4900,258,4,2024-06-13,3608.0
4901,258,5,2024-07-13,3608.0
4902,258,6,2024-08-13,3608.0
4903,258,7,2024-09-13,3608.0
4904,258,8,2024-10-13,3608.0
4905,258,9,2024-11-13,3608.0
4906,258,10,2024-12-13,3608.0
4907,258,11,2025-01-13,3608.0
4908,258,12,2025-02-13,3608.0
4909,259,1,2025-11-29,3069.01
4910,259,2,2025-12-29,3069.01
4911,259,3,2026-01-29,3069.01
4912,259,4,2026-02-28,3069.01
4913,259,5,2026-03-29,3069.01
4914,259,6,2026-04-29,3069.01
4915,259,7,2026-05-29,3069.01
4916,259,8,2026-06-29,3069.01
4917,259,9,2026-07-29,3069.01
4918,259,10,2026-08-29,3069.01
4919,259,11,2026-09-29,3069.01
4920,259,12,2026-10-29,3069.01
4921,259,13,2026-11-29,3069.01
4922,259,14,2026-12-29,3069.01
4923,259,15,2027-01-29,3069.01
4924,259,16,2027-02-28,3069.01
4925,259,17,2027-03-29,3069.01
4926,259,18,2027-04-29,3069.01
4927,259,19,2027-05-29,3069.01
4928,259,20,2027-06-29,3069.01
4929,259,21,2027-07-29,3069.01
4930,259,22,2027-08-29,3069.01
4931,259,23,2027-09-29,3069.01
4932,259,24,2027-10-29,3069.01
4933,260,1,2023-10-10,6726.11
4934,260,2,2023-11-10,6726.11
4935,260,3,2023-12-10,6726.11
4936,260,4,2024-01-10,6726.11
4937,260,5,2024-02-10,6726.11
4938,260,6,2024-03-10,6726.11
4939,260,7,2024-04-10,6726.11
4940,260,8,2024-05-10,6726.11
4941,260,9,2024-06-10,6726.11
4942,260,10,2024-07-10,6726.11
4943,260,11,2024-08-10,6726.11
4944,260,12,2024-09-10,6726.11
4945,261,1,2022-02-27,3846.76
4946,261,2,2022-03-27,3846.76
4947,261,3,2022-04-27,3846.76
4948,261,4,2022-05-27,3846.76
4949,261,5,2022-06-27,3846.76
4950,261,6,2022-07-27,3846.76
4951,261,7,2022-08-27,3846.76
4952,261,8,2022-09-27,3846.76
4953,261,9,2022-10-27,3846.76
4954,261,10,2022-11-27,3846.76
4955,261,11,2022-12-27,3846.76
4956,261,12,2023-01-27,3846.76
4957,261,13,2023-02-27,3846.76
4958,261,14,2023-03-27,3846.76
4959,261,15,2023-04-27,3846.76
4960,261,16,2023-05-27,3846.76
4961,261,17,2023-06-27,3846.76
4962,261,18,2023-07-27,3846.76
4963,261,19,2023-08-27,3846.76
4964,261,20,2023-09-27,3846.76
4965,261,21,2023-10-27,3846.76
4966,261,22,2023-11-27,3846.76
4967,261,23,2023-12-27,3846.76
4968,261,24,2024-01-27,3846.76
4969,261,25,2024-02-27,3846.76
4970,261,26,2024-03-27,3846.76
4971,261,27,2024-04-27,3846.76
4972,261,28,2024-05-27,3846.76
4973,261,29,2024-06-27,3846.76
4974,261,30,2024-07-27,3846.76
4975,261,31,2024-08-27,3846.76
4976,261,32,2024-09-27,3846.76
4977,261,33,2024-10-27,3846.76
4978,261,34,2024-11-27,3846.76
4979,261,35,2024-12-27,3846.76
4980,261,36,2025-01-27,3846.76
4981,262,1,2024-12-03,7048.25
4982,262,2,2025-01-03,7048.25
4983,262,3,2025-02-03,7048.25
4984,262,4,2025-03-03,7048.25
4985,262,5,2025-04-03,7048.25
4986,262,6,2025-05-03,7048.25
4987,262,7,2025-06-03,7048.25
4988,262,8,2025-07-03,7048.25
4989,262,9,2025-08-03,7048.25
4990,262,10,2025-09-03,7048.25
4991,262,11,2025-10-03,7048.25
4992,262,12,2025-11-03,7048.25
4993,263,1,2024-06-09,8194.35
4994,263,2,2024-07-09,8194.35
4995,263,3,2024-08-09,8194.35
4996,263,4,2024-09-09,8194.35
4997,263,5,2024-10-09,8194.35
4998,263,6,2024-11-09,8194.35
4999,263,7,2024-12-09,8194.35
5000,263,8,2025-01-09,8194.35
5001,263,9,2025-02-09,8194.35
5002,263,10,2025-03-09,8194.35
5003,263,11,2025-04-09,8194.35
5004,263,12,2025-05-09,8194.35
5005,263,13,2025-06-09,8194.35
5006,263,14,2025-07-09,8194.35
5007,263,15,2025-08-09,8194.35
5008,263,16,2025-09-09,8194.35
5009,263,17,2025-10-09,8194.35
5010,263,18,2025-11-09,8194.35
5011,263,19,2025-12-09,8194.35
5012,263,20,2026-01-09,8194.35
5013,263,21,2026-02-09,8194.35
5014,263,22,2026-03-09,8194.35
5015,263,23,2026-04-09,8194.35
5016,263,24,2026-05-09,8194.35
