payment_id,installment_id,payment_date,principal_amount,interest_amount,fine_amount,total_paid_amount
1,2,2026-05-24,9667.25,444.69,193.34,10305.28
2,3,2026-03-22,9667.25,0.0,0.0,9667.25
3,4,2026-04-22,9667.25,0.0,0.0,9667.25
4,6,2026-06-21,9667.25,0.0,0.0,9667.25
5,7,2024-05-21,6030.62,0.0,0.0,6030.62
6,8,2024-06-21,6030.62,0.0,0.0,6030.62
7,9,2024-07-20,6030.62,0.0,0.0,6030.62
8,10,2024-08-20,6030.62,0.0,0.0,6030.62
9,12,2024-10-28,6030.62,24.12,120.61,6175.35
10,13,2026-03-12,9651.58,0.0,0.0,9651.58
11,14,2026-04-11,9651.58,0.0,0.0,9651.58
12,15,2026-05-12,9651.58,0.0,0.0,9651.58
13,16,2026-06-12,9651.58,0.0,0.0,9651.58
14,17,2026-07-11,9651.58,0.0,0.0,9651.58
15,18,2026-08-11,9651.58,0.0,0.0,9651.58
16,19,2026-09-12,9651.58,0.0,0.0,9651.58
17,20,2026-10-11,9651.58,0.0,0.0,9651.58
18,21,2026-11-12,9651.58,0.0,0.0,9651.58
19,23,2027-01-12,9651.58,0.0,0.0,9651.58
20,24,2027-02-11,9651.58,0.0,0.0,9651.58
21,25,2025-09-22,4857.07,0.0,0.0,4857.07
22,26,2025-11-01,4857.07,26.71,97.14,4980.92
23,27,2025-12-07,4857.07,38.86,97.14,4993.07
24,28,2025-12-22,4857.07,0.0,0.0,4857.07
25,29,2026-01-16,4857.07,0.0,0.0,4857.07
26,30,2026-02-19,4857.07,0.0,0.0,4857.07
27,31,2026-03-18,4857.07,0.0,0.0,4857.07
28,33,2026-08-19,4857.07,218.57,97.14,5172.78
29,35,2026-07-22,4857.07,0.0,0.0,4857.07
30,36,2026-08-17,4857.07,0.0,0.0,4857.07
31,37,2026-11-04,4857.07,106.86,97.14,5061.07
32,38,2026-10-21,4857.07,0.0,0.0,4857.07
33,39,2026-11-17,4857.07,0.0,0.0,4857.07
34,40,2026-12-22,4857.07,0.0,0.0,4857.07
35,41,2027-05-06,4857.07,255.0,97.14,5209.21
36,42,2027-02-21,4857.07,0.0,0.0,4857.07
37,43,2027-03-21,4857.07,0.0,0.0,4857.07
38,44,2027-08-14,4857.07,279.28,97.14,5233.49
39,45,2027-05-16,4857.07,0.0,0.0,4857.07
40,47,2027-08-28,4857.07,92.28,97.14,5046.49
41,48,2027-08-21,4857.07,0.0,0.0,4857.07
42,49,2026-01-25,7616.19,0.0,0.0,7616.19
43,50,2026-02-22,7616.19,0.0,0.0,7616.19
44,51,2026-03-30,7616.19,0.0,0.0,7616.19
45,52,2026-04-29,7616.19,0.0,0.0,7616.19
46,53,2026-08-01,7616.19,243.72,152.32,8012.23
47,54,2026-06-29,7616.19,0.0,0.0,7616.19
48,55,2026-11-20,7616.19,434.12,152.32,8202.63
49,56,2026-08-29,7616.19,0.0,0.0,7616.19
50,57,2026-09-30,7616.19,0.0,0.0,7616.19
51,58,2026-10-29,7616.19,0.0,0.0,7616.19
52,59,2026-11-29,7616.19,0.0,0.0,7616.19
53,60,2026-12-30,7616.19,0.0,0.0,7616.19
54,62,2027-02-27,7616.19,0.0,0.0,7616.19
55,64,2027-08-04,7616.19,369.39,152.32,8137.9
56,66,2027-06-29,7616.19,0.0,0.0,7616.19
57,67,2024-02-20,2024.91,0.0,0.0,2024.91
58,68,2024-03-21,2024.91,0.0,0.0,2024.91
59,69,2024-04-21,2024.91,0.0,0.0,2024.91
60,70,2024-05-15,2024.91,0.0,0.0,2024.91
61,71,2024-06-20,2024.91,0.0,0.0,2024.91
62,72,2024-08-30,2024.91,41.51,40.5,2106.92
63,74,2024-09-21,2024.91,0.0,0.0,2024.91
64,76,2025-03-15,2024.91,116.43,40.5,2181.84
65,77,2024-12-19,2024.91,0.0,0.0,2024.91
66,78,2025-01-21,2024.91,0.0,0.0,2024.91
67,79,2025-02-28,2024.91,8.1,40.5,2073.51
68,80,2025-06-28,2024.91,101.25,40.5,2166.66
69,81,2025-06-19,2024.91,60.75,40.5,2126.16
70,82,2025-05-20,2024.91,0.0,0.0,2024.91
71,83,2025-06-20,2024.91,0.0,0.0,2024.91
72,85,2025-08-19,2024.91,0.0,0.0,2024.91
73,86,2025-09-21,2024.91,0.0,0.0,2024.91
74,87,2025-10-31,2024.91,11.14,40.5,2076.55
75,88,2026-02-02,2024.91,74.92,40.5,2140.33
76,89,2025-12-21,2024.91,0.0,0.0,2024.91
77,90,2026-01-21,2024.91,0.0,0.0,2024.91
78,91,2024-06-23,957.27,0.0,0.0,957.27
79,92,2024-07-22,957.27,0.0,0.0,957.27
80,94,2024-11-03,957.27,20.1,19.15,996.52
81,95,2024-10-21,957.27,0.0,0.0,957.27
82,96,2024-11-23,957.27,0.0,0.0,957.27
83,97,2024-12-23,957.27,0.0,0.0,957.27
84,98,2025-01-21,957.27,0.0,0.0,957.27
85,99,2025-02-23,957.27,0.0,0.0,957.27
86,100,2025-03-23,957.27,0.0,0.0,957.27
87,101,2025-04-23,957.27,0.0,0.0,957.27
88,102,2025-09-16,957.27,56.0,19.15,1032.42
89,103,2025-06-22,957.27,0.0,0.0,957.27
90,104,2025-07-23,957.27,0.0,0.0,957.27
91,105,2025-10-26,957.27,31.11,19.15,1007.53
92,106,2025-09-17,957.27,0.0,0.0,957.27
93,108,2025-11-22,957.27,0.0,0.0,957.27
94,109,2025-12-22,957.27,0.0,0.0,957.27
95,110,2026-01-22,957.27,0.0,0.0,957.27
96,111,2026-04-05,957.27,20.1,19.15,996.52
97,112,2026-03-22,957.27,0.0,0.0,957.27
98,113,2026-04-23,957.27,0.0,0.0,957.27
99,114,2026-06-28,957.27,17.71,19.15,994.13
100,116,2026-07-22,957.27,0.0,0.0,957.27
101,117,2026-08-21,957.27,0.0,0.0,957.27
102,118,2026-09-22,957.27,0.0,0.0,957.27
103,119,2027-01-19,957.27,42.6,19.15,1019.02
104,120,2026-11-19,957.27,0.0,0.0,957.27
105,121,2026-12-23,957.27,0.0,0.0,957.27
106,122,2027-01-23,957.27,0.0,0.0,957.27
107,123,2027-02-15,957.27,0.0,0.0,957.27
108,124,2027-03-23,957.27,0.0,0.0,957.27
109,125,2027-04-22,957.27,0.0,0.0,957.27
110,126,2027-05-23,957.27,0.0,0.0,957.27
111,127,2026-02-14,5055.59,0.0,0.0,5055.59
112,128,2026-03-15,5055.59,0.0,0.0,5055.59
113,129,2026-04-15,5055.59,0.0,0.0,5055.59
114,130,2026-05-14,5055.59,0.0,0.0,5055.59
115,131,2026-06-14,5055.59,0.0,0.0,5055.59
116,132,2026-10-25,5055.59,260.36,101.11,5417.06
117,133,2026-08-08,5055.59,0.0,0.0,5055.59
118,134,2026-09-14,5055.59,0.0,0.0,5055.59
119,135,2026-10-15,5055.59,0.0,0.0,5055.59
120,136,2026-11-15,5055.59,0.0,0.0,5055.59
121,137,2026-12-15,5055.59,0.0,0.0,5055.59
122,138,2027-01-15,5055.59,0.0,0.0,5055.59
123,139,2027-02-15,5055.59,0.0,0.0,5055.59
124,140,2027-04-08,5055.59,63.19,101.11,5219.89
125,141,2027-06-08,5055.59,139.03,101.11,5295.73
126,142,2027-05-15,5055.59,0.0,0.0,5055.59
127,143,2027-06-15,5055.59,0.0,0.0,5055.59
128,144,2027-07-14,5055.59,0.0,0.0,5055.59
129,146,2023-06-14,2175.21,121.81,43.5,2340.52
130,147,2023-03-22,2175.21,0.0,0.0,2175.21
131,148,2023-04-22,2175.21,0.0,0.0,2175.21
132,149,2023-05-22,2175.21,0.0,0.0,2175.21
133,150,2023-10-03,2175.21,112.02,43.5,2330.73
134,152,2023-10-09,2175.21,52.21,43.5,2270.92
135,153,2023-09-22,2175.21,0.0,0.0,2175.21
136,154,2024-02-11,2175.21,121.81,43.5,2340.52
137,155,2023-11-23,2175.21,0.0,0.0,2175.21
138,156,2023-12-23,2175.21,0.0,0.0,2175.21
139,157,2024-01-21,2175.21,0.0,0.0,2175.21
140,158,2024-02-23,2175.21,0.0,0.0,2175.21
141,159,2024-03-15,2175.21,0.0,0.0,2175.21
142,160,2024-04-23,2175.21,0.0,0.0,2175.21
143,161,2024-05-23,2175.21,0.0,0.0,2175.21
144,162,2024-06-23,2175.21,0.0,0.0,2175.21
145,163,2024-10-24,2175.21,102.23,43.5,2320.94
146,164,2024-08-22,2175.21,0.0,0.0,2175.21
147,166,2024-10-23,2175.21,0.0,0.0,2175.21
148,167,2024-11-22,2175.21,0.0,0.0,2175.21
149,169,2024-04-20,6002.57,0.0,0.0,6002.57
150,170,2024-09-05,6002.57,309.13,120.05,6431.75
151,171,2024-06-25,6002.57,0.0,0.0,6002.57
152,172,2024-10-29,6002.57,288.12,120.05,6410.74
153,173,2024-12-18,6002.57,345.15,120.05,6467.77
154,174,2024-09-25,6002.57,0.0,0.0,6002.57
155,175,2024-12-02,6002.57,114.05,120.05,6236.67
156,176,2024-11-22,6002.57,0.0,0.0,6002.57
157,177,2024-12-26,6002.57,0.0,0.0,6002.57
158,178,2025-01-25,6002.57,0.0,0.0,6002.57
159,179,2025-02-25,6002.57,0.0,0.0,6002.57
160,180,2025-03-26,6002.57,0.0,0.0,6002.57
161,181,2025-01-22,3409.85,0.0,0.0,3409.85
162,182,2025-05-10,3409.85,131.28,68.2,3609.33
163,183,2025-03-23,3409.85,0.0,0.0,3409.85
164,184,2025-06-12,3409.85,86.95,68.2,3565.0
165,185,2025-05-22,3409.85,0.0,0.0,3409.85
166,186,2025-08-15,3409.85,92.07,68.2,3570.12
167,187,2025-09-28,3409.85,115.93,68.2,3593.98
168,188,2025-08-23,3409.85,0.0,0.0,3409.85
169,190,2025-10-23,3409.85,0.0,0.0,3409.85
170,191,2025-11-22,3409.85,0.0,0.0,3409.85
171,192,2025-12-23,3409.85,0.0,0.0,3409.85
172,193,2026-01-22,3409.85,0.0,0.0,3409.85
173,194,2026-02-23,3409.85,0.0,0.0,3409.85
174,196,2026-04-19,3409.85,0.0,0.0,3409.85
175,198,2026-06-22,3409.85,0.0,0.0,3409.85
176,199,2026-07-22,3409.85,0.0,0.0,3409.85
177,200,2026-08-23,3409.85,0.0,0.0,3409.85
178,201,2026-11-05,3409.85,75.02,68.2,3553.07
179,202,2026-10-22,3409.85,0.0,0.0,3409.85
180,203,2026-11-22,3409.85,0.0,0.0,3409.85
181,204,2026-12-19,3409.85,0.0,0.0,3409.85
182,205,2026-03-25,8726.1,266.15,174.52,9166.77
183,206,2026-02-23,8726.1,0.0,0.0,8726.1
184,208,2026-08-02,8726.1,440.67,174.52,9341.29
185,209,2026-05-23,8726.1,0.0,0.0,8726.1
186,210,2026-06-23,8726.1,0.0,0.0,8726.1
187,211,2026-07-24,8726.1,0.0,0.0,8726.1
188,213,2026-09-23,8726.1,0.0,0.0,8726.1
189,214,2026-10-24,8726.1,0.0,0.0,8726.1
190,215,2027-03-06,8726.1,449.39,174.52,9350.01
191,216,2026-12-24,8726.1,0.0,0.0,8726.1
192,217,2026-04-09,1804.61,0.0,0.0,1804.61
193,218,2026-05-12,1804.61,3.61,36.09,1844.31
194,219,2026-06-08,1804.61,0.0,0.0,1804.61
195,222,2026-09-09,1804.61,0.0,0.0,1804.61
196,223,2026-10-08,1804.61,0.0,0.0,1804.61
197,225,2027-01-27,1804.61,45.12,36.09,1885.82
198,226,2027-01-08,1804.61,0.0,0.0,1804.61
199,227,2027-02-08,1804.61,0.0,0.0,1804.61
200,228,2027-05-16,1804.61,62.26,36.09,1902.96
201,229,2027-07-22,1804.61,94.74,36.09,1935.44
202,230,2027-05-22,1804.61,12.63,36.09,1853.33
203,231,2027-09-25,1804.61,98.35,36.09,1939.05
204,232,2027-07-05,1804.61,0.0,0.0,1804.61
205,233,2027-11-09,1804.61,83.91,36.09,1924.61
206,234,2027-09-08,1804.61,0.0,0.0,1804.61
207,235,2027-10-09,1804.61,0.0,0.0,1804.61
208,236,2027-11-08,1804.61,0.0,0.0,1804.61
209,237,2027-12-09,1804.61,0.0,0.0,1804.61
210,238,2028-01-09,1804.61,0.0,0.0,1804.61
211,239,2028-02-03,1804.61,0.0,0.0,1804.61
212,240,2028-03-09,1804.61,0.0,0.0,1804.61
213,241,2028-04-09,1804.61,0.0,0.0,1804.61
214,242,2028-05-08,1804.61,0.0,0.0,1804.61
215,243,2028-06-04,1804.61,0.0,0.0,1804.61
216,245,2028-08-09,1804.61,0.0,0.0,1804.61
217,246,2028-09-08,1804.61,0.0,0.0,1804.61
218,248,2029-02-12,1804.61,86.62,36.09,1927.32
219,249,2028-12-08,1804.61,0.0,0.0,1804.61
220,250,2029-01-08,1804.61,0.0,0.0,1804.61
221,252,2029-03-09,1804.61,0.0,0.0,1804.61
222,253,2025-05-11,3097.19,131.63,61.94,3290.76
223,255,2025-04-16,3097.19,0.0,0.0,3097.19
224,256,2025-05-16,3097.19,0.0,0.0,3097.19
225,257,2025-08-20,3097.19,102.21,61.94,3261.34
226,259,2025-08-16,3097.19,0.0,0.0,3097.19
227,260,2025-09-28,3097.19,20.13,61.94,3179.26
228,261,2025-10-15,3097.19,0.0,0.0,3097.19
229,262,2025-12-10,3097.19,38.71,61.94,3197.84
230,263,2026-02-11,3097.19,89.82,61.94,3248.95
231,264,2026-01-11,3097.19,0.0,0.0,3097.19
232,265,2026-02-16,3097.19,0.0,0.0,3097.19
233,266,2026-03-15,3097.19,0.0,0.0,3097.19
234,268,2026-05-12,3097.19,0.0,0.0,3097.19
235,269,2026-06-15,3097.19,0.0,0.0,3097.19
236,270,2026-07-10,3097.19,0.0,0.0,3097.19
237,272,2026-09-16,3097.19,0.0,0.0,3097.19
238,274,2026-11-15,3097.19,0.0,0.0,3097.19
239,275,2026-12-13,3097.19,0.0,0.0,3097.19
240,276,2027-01-16,3097.19,0.0,0.0,3097.19
241,278,2027-03-15,3097.19,0.0,0.0,3097.19
242,280,2027-05-16,3097.19,0.0,0.0,3097.19
243,281,2027-06-16,3097.19,0.0,0.0,3097.19
244,282,2027-07-16,3097.19,0.0,0.0,3097.19
245,283,2027-08-15,3097.19,0.0,0.0,3097.19
246,284,2027-09-15,3097.19,0.0,0.0,3097.19
247,285,2027-10-15,3097.19,0.0,0.0,3097.19
248,286,2028-02-25,3097.19,157.96,61.94,3317.09
249,287,2027-12-15,3097.19,0.0,0.0,3097.19
250,288,2028-01-16,3097.19,0.0,0.0,3097.19
251,289,2025-03-04,7093.32,0.0,0.0,7093.32
252,290,2025-03-30,7093.32,0.0,0.0,7093.32
253,291,2025-06-07,7093.32,117.04,141.87,7352.23
254,292,2025-06-05,7093.32,0.0,0.0,7093.32
255,293,2025-06-30,7093.32,0.0,0.0,7093.32
256,295,2025-09-06,7093.32,0.0,0.0,7093.32
257,296,2025-10-06,7093.32,0.0,0.0,7093.32
258,297,2025-11-06,7093.32,0.0,0.0,7093.32
259,298,2026-01-08,7093.32,120.59,141.87,7355.78
260,299,2026-01-03,7093.32,0.0,0.0,7093.32
261,300,2026-02-06,7093.32,0.0,0.0,7093.32
262,301,2026-07-03,7093.32,425.6,141.87,7660.79
263,304,2026-06-05,7093.32,0.0,0.0,7093.32
264,305,2026-07-05,7093.32,0.0,0.0,7093.32
265,306,2026-09-10,7093.32,127.68,141.87,7362.87
266,307,2026-09-05,7093.32,0.0,0.0,7093.32
267,309,2026-11-06,7093.32,0.0,0.0,7093.32
268,310,2026-12-05,7093.32,0.0,0.0,7093.32
269,311,2027-02-22,7093.32,170.24,141.87,7405.43
270,312,2027-02-05,7093.32,0.0,0.0,7093.32
271,313,2026-07-16,4006.66,0.0,0.0,4006.66
272,314,2026-08-22,4006.66,0.0,0.0,4006.66
273,315,2026-09-22,4006.66,0.0,0.0,4006.66
274,316,2026-10-21,4006.66,0.0,0.0,4006.66
275,317,2026-11-21,4006.66,0.0,0.0,4006.66
276,319,2027-04-26,4006.66,190.32,80.13,4277.11
277,320,2027-02-22,4006.66,0.0,0.0,4006.66
278,321,2027-03-22,4006.66,0.0,0.0,4006.66
279,322,2027-04-21,4006.66,0.0,0.0,4006.66
280,323,2027-09-07,4006.66,218.36,80.13,4305.15
281,324,2027-07-25,4006.66,68.11,80.13,4154.9
282,325,2022-02-10,3535.03,0.0,0.0,3535.03
283,327,2022-04-11,3535.03,0.0,0.0,3535.03
284,330,2022-07-07,3535.03,0.0,0.0,3535.03
285,333,2022-11-28,3535.03,86.61,70.7,3692.34
286,334,2022-11-10,3535.03,0.0,0.0,3535.03
287,335,2022-12-11,3535.03,0.0,0.0,3535.03
288,337,2023-02-10,3535.03,0.0,0.0,3535.03
289,338,2023-03-03,3535.03,0.0,0.0,3535.03
290,339,2023-04-10,3535.03,0.0,0.0,3535.03
291,341,2023-06-10,3535.03,0.0,0.0,3535.03
292,342,2023-07-10,3535.03,0.0,0.0,3535.03
293,343,2023-11-10,3535.03,162.61,70.7,3768.34
294,344,2023-09-11,3535.03,0.0,0.0,3535.03
295,345,2023-10-10,3535.03,0.0,0.0,3535.03
296,346,2023-11-11,3535.03,0.0,0.0,3535.03
297,348,2024-01-11,3535.03,0.0,0.0,3535.03
298,349,2024-04-03,3535.03,93.68,70.7,3699.41
299,351,2024-04-11,3535.03,0.0,0.0,3535.03
300,352,2024-09-05,3535.03,208.57,70.7,3814.3
301,353,2024-06-11,3535.03,0.0,0.0,3535.03
302,354,2024-07-11,3535.03,0.0,0.0,3535.03
303,356,2024-09-11,3535.03,0.0,0.0,3535.03
304,358,2024-11-10,3535.03,0.0,0.0,3535.03
305,359,2024-12-10,3535.03,0.0,0.0,3535.03
306,360,2025-01-09,3535.03,0.0,0.0,3535.03
307,363,2021-10-19,11720.61,0.0,0.0,11720.61
308,364,2021-11-23,11720.61,0.0,0.0,11720.61
309,365,2021-12-23,11720.61,0.0,0.0,11720.61
310,366,2022-02-21,11720.61,169.95,234.41,12124.97
311,367,2022-02-24,11720.61,0.0,0.0,11720.61
312,368,2022-03-23,11720.61,0.0,0.0,11720.61
313,369,2022-04-23,11720.61,0.0,0.0,11720.61
314,370,2022-05-20,11720.61,0.0,0.0,11720.61
315,371,2022-06-24,11720.61,0.0,0.0,11720.61
316,372,2022-09-01,11720.61,234.41,234.41,12189.43
317,373,2022-08-23,11720.61,0.0,0.0,11720.61
318,374,2022-09-26,11720.61,17.58,234.41,11972.6
319,376,2022-11-23,11720.61,0.0,0.0,11720.61
320,378,2023-01-23,11720.61,0.0,0.0,11720.61
321,379,2023-02-23,11720.61,0.0,0.0,11720.61
322,380,2023-03-24,11720.61,0.0,0.0,11720.61
323,381,2023-04-24,11720.61,0.0,0.0,11720.61
324,382,2023-05-24,11720.61,0.0,0.0,11720.61
325,383,2023-06-24,11720.61,0.0,0.0,11720.61
326,384,2023-07-24,11720.61,0.0,0.0,11720.61
327,385,2025-03-27,4725.08,170.1,94.5,4989.68
328,386,2025-02-15,4725.08,0.0,0.0,4725.08
329,387,2025-03-14,4725.08,0.0,0.0,4725.08
330,388,2025-04-11,4725.08,0.0,0.0,4725.08
331,390,2025-06-15,4725.08,0.0,0.0,4725.08
332,391,2025-07-14,4725.08,0.0,0.0,4725.08
333,392,2025-08-15,4725.08,0.0,0.0,4725.08
334,395,2025-11-14,4725.08,0.0,0.0,4725.08
335,396,2025-12-14,4725.08,0.0,0.0,4725.08
336,397,2026-01-11,4725.08,0.0,0.0,4725.08
337,398,2026-03-04,4725.08,42.53,94.5,4862.11
338,399,2026-03-14,4725.08,0.0,0.0,4725.08
339,401,2026-05-13,4725.08,0.0,0.0,4725.08
340,402,2026-06-14,4725.08,0.0,0.0,4725.08
341,403,2026-07-15,4725.08,0.0,0.0,4725.08
342,405,2026-11-13,4725.08,141.75,94.5,4961.33
343,406,2026-10-09,4725.08,0.0,0.0,4725.08
344,407,2026-11-15,4725.08,0.0,0.0,4725.08
345,408,2026-12-15,4725.08,0.0,0.0,4725.08
346,409,2022-10-09,6940.31,0.0,0.0,6940.31
347,410,2022-11-09,6940.31,0.0,0.0,6940.31
348,411,2022-12-12,6940.31,13.88,138.81,7093.0
349,412,2023-01-03,6940.31,0.0,0.0,6940.31
350,415,2023-07-29,6940.31,388.66,138.81,7467.78
351,416,2023-05-08,6940.31,0.0,0.0,6940.31
352,417,2023-06-08,6940.31,0.0,0.0,6940.31
353,418,2023-09-17,6940.31,246.38,138.81,7325.5
354,419,2023-08-09,6940.31,0.0,0.0,6940.31
355,421,2025-05-08,2029.19,0.0,0.0,2029.19
356,422,2025-06-09,2029.19,0.0,0.0,2029.19
357,424,2025-08-08,2029.19,0.0,0.0,2029.19
358,426,2025-10-08,2029.19,0.0,0.0,2029.19
359,428,2025-12-04,2029.19,0.0,0.0,2029.19
360,429,2026-01-09,2029.19,0.0,0.0,2029.19
361,430,2026-02-08,2029.19,0.0,0.0,2029.19
362,431,2026-03-28,2029.19,20.29,40.58,2090.06
363,432,2026-04-08,2029.19,0.0,0.0,2029.19
364,434,2026-06-08,2029.19,0.0,0.0,2029.19
365,435,2026-07-08,2029.19,0.0,0.0,2029.19
366,437,2026-09-08,2029.19,0.0,0.0,2029.19
367,438,2026-10-08,2029.19,0.0,0.0,2029.19
368,439,2026-12-04,2029.19,26.38,40.58,2096.15
369,440,2027-02-21,2029.19,76.09,40.58,2145.86
370,441,2027-01-09,2029.19,0.0,0.0,2029.19
371,443,2027-03-17,2029.19,9.13,40.58,2078.9
372,444,2027-07-10,2029.19,94.36,40.58,2164.13
373,445,2021-11-18,2187.4,0.0,0.0,2187.4
374,447,2022-01-19,2187.4,0.0,0.0,2187.4
375,449,2022-03-19,2187.4,0.0,0.0,2187.4
376,451,2022-05-19,2187.4,0.0,0.0,2187.4
377,453,2022-11-04,2187.4,119.21,43.75,2350.36
378,456,2022-10-18,2187.4,0.0,0.0,2187.4
379,457,2022-11-19,2187.4,0.0,0.0,2187.4
380,458,2022-12-19,2187.4,0.0,0.0,2187.4
381,461,2023-03-18,2187.4,0.0,0.0,2187.4
382,462,2023-04-19,2187.4,0.0,0.0,2187.4
383,463,2023-05-19,2187.4,0.0,0.0,2187.4
384,464,2023-06-18,2187.4,0.0,0.0,2187.4
385,465,2023-07-19,2187.4,0.0,0.0,2187.4
386,466,2023-08-18,2187.4,0.0,0.0,2187.4
387,468,2023-10-18,2187.4,0.0,0.0,2187.4
388,470,2023-08-06,5382.12,0.0,0.0,5382.12
389,471,2023-09-12,5382.12,0.0,0.0,5382.12
390,472,2023-12-07,5382.12,150.7,107.64,5640.46
391,473,2023-11-13,5382.12,0.0,0.0,5382.12
392,474,2023-12-12,5382.12,0.0,0.0,5382.12
393,475,2024-01-11,5382.12,0.0,0.0,5382.12
394,476,2024-02-13,5382.12,0.0,0.0,5382.12
395,477,2024-03-12,5382.12,0.0,0.0,5382.12
396,478,2024-05-01,5382.12,51.13,107.64,5540.89
397,479,2024-05-12,5382.12,0.0,0.0,5382.12
398,480,2024-07-19,5382.12,99.57,107.64,5589.33
399,481,2024-07-12,5382.12,0.0,0.0,5382.12
400,482,2024-08-11,5382.12,0.0,0.0,5382.12
401,483,2024-09-12,5382.12,0.0,0.0,5382.12
402,485,2024-11-12,5382.12,0.0,0.0,5382.12
403,486,2024-12-12,5382.12,0.0,0.0,5382.12
404,487,2025-01-12,5382.12,0.0,0.0,5382.12
405,489,2025-03-13,5382.12,0.0,0.0,5382.12
406,490,2025-07-20,5382.12,266.41,107.64,5756.17
407,491,2025-05-12,5382.12,0.0,0.0,5382.12
408,492,2025-09-12,5382.12,247.58,107.64,5737.34
409,493,2024-11-05,11826.32,0.0,0.0,11826.32
410,494,2025-01-12,11826.32,224.7,236.53,12287.55
411,495,2025-01-05,11826.32,0.0,0.0,11826.32
412,497,2025-03-06,11826.32,0.0,0.0,11826.32
413,498,2025-04-05,11826.32,0.0,0.0,11826.32
414,499,2025-05-05,11826.32,0.0,0.0,11826.32
415,500,2025-06-05,11826.32,0.0,0.0,11826.32
416,501,2025-07-05,11826.32,0.0,0.0,11826.32
417,502,2025-11-11,11826.32,579.49,236.53,12642.34
418,503,2025-12-15,11826.32,597.23,236.53,12660.08
419,505,2024-10-24,8920.68,240.86,178.41,9339.95
420,506,2024-10-01,8920.68,0.0,0.0,8920.68
421,508,2024-11-30,8920.68,0.0,0.0,8920.68
422,509,2024-12-31,8920.68,0.0,0.0,8920.68
423,510,2025-02-01,8920.68,0.0,0.0,8920.68
424,511,2025-02-28,8920.68,0.0,0.0,8920.68
425,514,2025-05-31,8920.68,0.0,0.0,8920.68
426,515,2025-06-30,8920.68,0.0,0.0,8920.68
427,516,2025-07-31,8920.68,0.0,0.0,8920.68
428,517,2022-02-15,5328.14,0.0,0.0,5328.14
429,519,2022-08-02,5328.14,290.38,106.56,5725.08
430,520,2022-05-16,5328.14,0.0,0.0,5328.14
431,521,2022-09-12,5328.14,237.1,106.56,5671.8
432,522,2022-07-15,5328.14,0.0,0.0,5328.14
433,524,2022-09-15,5328.14,0.0,0.0,5328.14
434,525,2023-01-07,5328.14,223.78,106.56,5658.48
435,526,2022-11-16,5328.14,0.0,0.0,5328.14
436,527,2022-12-15,5328.14,0.0,0.0,5328.14
437,529,2023-02-15,5328.14,0.0,0.0,5328.14
438,530,2023-06-28,5328.14,279.73,106.56,5714.43
439,531,2023-06-07,5328.14,141.2,106.56,5575.9
440,533,2023-07-10,5328.14,66.6,106.56,5501.3
441,534,2023-07-15,5328.14,0.0,0.0,5328.14
442,535,2023-08-16,5328.14,0.0,0.0,5328.14
443,538,2023-11-13,5328.14,0.0,0.0,5328.14
444,539,2024-04-12,5328.14,317.02,106.56,5751.72
445,540,2024-01-15,5328.14,0.0,0.0,5328.14
446,543,2023-12-23,7130.67,377.93,142.61,7651.21
447,545,2024-01-05,7130.67,206.79,142.61,7480.07
448,546,2023-12-08,7130.67,0.0,0.0,7130.67
449,548,2026-03-25,2821.79,0.0,0.0,2821.79
450,549,2026-04-25,2821.79,0.0,0.0,2821.79
451,551,2026-06-26,2821.79,0.0,0.0,2821.79
452,552,2026-07-18,2821.79,0.0,0.0,2821.79
453,553,2026-08-20,2821.79,0.0,0.0,2821.79
454,554,2026-09-25,2821.79,0.0,0.0,2821.79
455,557,2026-12-26,2821.79,0.0,0.0,2821.79
456,558,2027-01-25,2821.79,0.0,0.0,2821.79
457,559,2027-02-25,2821.79,0.0,0.0,2821.79
458,560,2027-03-25,2821.79,0.0,0.0,2821.79
459,562,2027-05-26,2821.79,0.0,0.0,2821.79
460,563,2027-06-25,2821.79,0.0,0.0,2821.79
461,565,2027-11-25,2821.79,129.8,56.44,3008.03
462,566,2027-09-26,2821.79,0.0,0.0,2821.79
463,567,2027-10-26,2821.79,0.0,0.0,2821.79
464,568,2027-11-22,2821.79,0.0,0.0,2821.79
465,569,2028-03-22,2821.79,124.16,56.44,3002.39
466,570,2028-04-19,2821.79,119.93,56.44,2998.16
467,572,2026-03-14,1810.93,0.0,0.0,1810.93
468,573,2026-04-11,1810.93,0.0,0.0,1810.93
469,574,2026-05-14,1810.93,0.0,0.0,1810.93
470,575,2026-06-15,1810.93,0.0,0.0,1810.93
471,576,2026-07-15,1810.93,0.0,0.0,1810.93
472,577,2026-08-15,1810.93,0.0,0.0,1810.93
473,578,2026-09-15,1810.93,0.0,0.0,1810.93
474,579,2026-10-14,1810.93,0.0,0.0,1810.93
475,581,2026-12-15,1810.93,0.0,0.0,1810.93
476,583,2027-02-15,1810.93,0.0,0.0,1810.93
477,584,2027-03-14,1810.93,0.0,0.0,1810.93
478,586,2027-05-15,1810.93,0.0,0.0,1810.93
479,587,2027-06-15,1810.93,0.0,0.0,1810.93
480,588,2027-07-11,1810.93,0.0,0.0,1810.93
481,589,2027-08-15,1810.93,0.0,0.0,1810.93
482,590,2027-09-15,1810.93,0.0,0.0,1810.93
483,591,2027-10-14,1810.93,0.0,0.0,1810.93
484,593,2027-12-15,1810.93,0.0,0.0,1810.93
485,596,2024-02-25,37029.7,0.0,0.0,37029.7
486,597,2024-03-25,37029.7,0.0,0.0,37029.7
487,598,2024-04-24,37029.7,0.0,0.0,37029.7
488,599,2024-05-25,37029.7,0.0,0.0,37029.7
489,600,2024-06-25,37029.7,0.0,0.0,37029.7
490,601,2023-09-04,1392.14,12.53,27.84,1432.51
491,603,2023-10-18,1392.14,0.0,0.0,1392.14
492,604,2023-11-15,1392.14,0.0,0.0,1392.14
493,607,2024-02-18,1392.14,0.0,0.0,1392.14
494,608,2024-06-11,1392.14,59.86,27.84,1479.84
495,609,2024-04-17,1392.14,0.0,0.0,1392.14
496,610,2024-08-23,1392.14,68.21,27.84,1488.19
497,611,2024-06-14,1392.14,0.0,0.0,1392.14
498,612,2024-07-16,1392.14,0.0,0.0,1392.14
499,614,2024-09-17,1392.14,0.0,0.0,1392.14
500,616,2024-11-18,1392.14,0.0,0.0,1392.14
501,617,2024-12-17,1392.14,0.0,0.0,1392.14
502,618,2025-01-17,1392.14,0.0,0.0,1392.14
503,619,2023-07-24,2102.7,0.0,0.0,2102.7
504,620,2023-08-30,2102.7,0.0,0.0,2102.7
505,623,2023-11-29,2102.7,0.0,0.0,2102.7
506,625,2024-01-29,2102.7,0.0,0.0,2102.7
507,627,2024-03-26,2102.7,0.0,0.0,2102.7
508,629,2024-05-30,2102.7,0.0,0.0,2102.7
509,630,2024-06-30,2102.7,0.0,0.0,2102.7
510,631,2024-07-30,2102.7,0.0,0.0,2102.7
511,632,2024-08-30,2102.7,0.0,0.0,2102.7
512,633,2024-09-30,2102.7,0.0,0.0,2102.7
513,635,2024-11-29,2102.7,0.0,0.0,2102.7
514,636,2025-04-20,2102.7,117.75,42.05,2262.5
515,637,2021-06-01,2242.57,0.0,0.0,2242.57
516,638,2021-07-02,2242.57,0.0,0.0,2242.57
517,639,2021-08-02,2242.57,0.0,0.0,2242.57
518,641,2021-10-01,2242.57,0.0,0.0,2242.57
519,642,2021-12-07,2242.57,40.37,44.85,2327.79
520,643,2022-01-18,2242.57,53.82,44.85,2341.24
521,644,2022-04-06,2242.57,106.52,44.85,2393.94
522,645,2022-02-05,2242.57,4.49,44.85,2291.91
523,646,2022-03-02,2242.57,0.0,0.0,2242.57
524,648,2022-07-06,2242.57,74.0,44.85,2361.42
525,649,2022-09-15,2242.57,118.86,44.85,2406.28
526,650,2022-07-01,2242.57,0.0,0.0,2242.57
527,651,2022-09-30,2242.57,67.28,44.85,2354.7
528,653,2022-12-01,2242.57,68.4,44.85,2355.82
529,655,2021-07-25,2313.39,62.46,46.27,2422.12
530,656,2021-07-02,2313.39,0.0,0.0,2313.39
531,657,2021-08-02,2313.39,0.0,0.0,2313.39
532,658,2021-08-31,2313.39,0.0,0.0,2313.39
533,659,2021-10-01,2313.39,0.0,0.0,2313.39
534,660,2021-12-25,2313.39,62.46,46.27,2422.12
535,662,2022-01-02,2313.39,0.0,0.0,2313.39
536,663,2022-02-01,2313.39,0.0,0.0,2313.39
537,664,2022-03-09,2313.39,9.25,46.27,2368.91
538,666,2022-05-01,2313.39,0.0,0.0,2313.39
539,667,2021-10-13,14427.9,216.42,288.56,14932.88
540,668,2021-10-14,14427.9,0.0,0.0,14427.9
541,669,2021-11-08,14427.9,0.0,0.0,14427.9
542,670,2021-12-14,14427.9,0.0,0.0,14427.9
543,671,2022-01-07,14427.9,0.0,0.0,14427.9
544,673,2022-03-14,14427.9,0.0,0.0,14427.9
545,675,2022-05-09,14427.9,0.0,0.0,14427.9
546,676,2022-06-12,14427.9,0.0,0.0,14427.9
547,677,2022-07-13,14427.9,0.0,0.0,14427.9
548,678,2022-08-14,14427.9,0.0,0.0,14427.9
549,679,2024-06-15,4655.8,0.0,0.0,4655.8
550,680,2024-07-14,4655.8,0.0,0.0,4655.8
551,681,2024-08-15,4655.8,0.0,0.0,4655.8
552,682,2024-10-05,4655.8,48.89,93.12,4797.81
553,683,2024-10-09,4655.8,0.0,0.0,4655.8
554,684,2024-11-14,4655.8,0.0,0.0,4655.8
555,685,2025-02-27,4655.8,174.59,93.12,4923.51
556,686,2025-05-03,4655.8,253.74,93.12,5002.66
557,687,2025-02-08,4655.8,0.0,0.0,4655.8
558,688,2025-03-15,4655.8,0.0,0.0,4655.8
559,689,2025-04-15,4655.8,0.0,0.0,4655.8
560,690,2025-07-04,4655.8,118.72,93.12,4867.64
561,691,2025-09-29,4655.8,249.09,93.12,4998.01
562,692,2025-07-15,4655.8,0.0,0.0,4655.8
563,693,2025-08-14,4655.8,0.0,0.0,4655.8
564,694,2025-09-15,4655.8,0.0,0.0,4655.8
565,695,2025-10-11,4655.8,0.0,0.0,4655.8
566,696,2026-01-26,4655.8,169.94,93.12,4918.86
567,697,2025-12-10,4655.8,0.0,0.0,4655.8
568,700,2026-03-14,4655.8,0.0,0.0,4655.8
569,701,2026-06-03,4655.8,116.4,93.12,4865.32
570,703,2026-07-11,2524.78,0.0,0.0,2524.78
571,704,2026-10-19,2524.78,87.1,50.5,2662.38
572,707,2026-11-12,2524.78,0.0,0.0,2524.78
573,710,2027-02-11,2524.78,0.0,0.0,2524.78
574,711,2027-03-11,2524.78,0.0,0.0,2524.78
575,712,2027-04-11,2524.78,0.0,0.0,2524.78
576,713,2027-05-11,2524.78,0.0,0.0,2524.78
577,714,2027-06-12,2524.78,0.0,0.0,2524.78
578,715,2027-07-12,2524.78,0.0,0.0,2524.78
579,716,2027-08-12,2524.78,0.0,0.0,2524.78
580,717,2027-09-06,2524.78,0.0,0.0,2524.78
581,718,2027-10-11,2524.78,0.0,0.0,2524.78
582,720,2027-12-04,2524.78,0.0,0.0,2524.78
583,721,2028-01-12,2524.78,0.0,0.0,2524.78
584,722,2028-02-12,2524.78,0.0,0.0,2524.78
585,723,2028-05-21,2524.78,89.63,50.5,2664.91
586,724,2028-04-12,2524.78,0.0,0.0,2524.78
587,725,2028-05-12,2524.78,0.0,0.0,2524.78
588,726,2028-06-12,2524.78,0.0,0.0,2524.78
589,727,2021-02-08,5162.39,0.0,0.0,5162.39
590,728,2021-05-31,5162.39,216.82,103.25,5482.46
591,729,2021-04-02,5162.39,0.0,0.0,5162.39
592,730,2021-05-09,5162.39,0.0,0.0,5162.39
593,732,2021-07-27,5162.39,49.04,103.25,5314.68
594,734,2021-09-08,5162.39,0.0,0.0,5162.39
595,735,2021-10-08,5162.39,0.0,0.0,5162.39
596,736,2021-11-09,5162.39,0.0,0.0,5162.39
597,737,2021-12-15,5162.39,18.07,103.25,5283.71
598,738,2022-01-08,5162.39,0.0,0.0,5162.39
599,740,2022-03-09,5162.39,0.0,0.0,5162.39
600,742,2022-05-09,5162.39,0.0,0.0,5162.39
601,743,2022-06-01,5162.39,0.0,0.0,5162.39
602,745,2024-10-26,8315.03,0.0,0.0,8315.03
603,746,2024-11-25,8315.03,0.0,0.0,8315.03
604,747,2024-12-26,8315.03,0.0,0.0,8315.03
605,748,2025-01-25,8315.03,0.0,0.0,8315.03
606,749,2025-03-27,8315.03,124.73,166.3,8606.06
607,751,2023-09-18,1502.85,0.0,0.0,1502.85
608,752,2023-10-13,1502.85,0.0,0.0,1502.85
609,755,2024-04-06,1502.85,60.11,30.06,1593.02
610,757,2024-04-26,1502.85,30.06,30.06,1562.97
611,758,2024-04-18,1502.85,0.0,0.0,1502.85
612,759,2024-05-18,1502.85,0.0,0.0,1502.85
613,760,2024-06-17,1502.85,0.0,0.0,1502.85
614,761,2024-07-18,1502.85,0.0,0.0,1502.85
615,762,2024-08-11,1502.85,0.0,0.0,1502.85
616,763,2024-09-17,1502.85,0.0,0.0,1502.85
617,765,2024-12-05,1502.85,13.53,30.06,1546.44
618,767,2025-01-18,1502.85,0.0,0.0,1502.85
619,768,2025-06-15,1502.85,88.67,30.06,1621.58
620,769,2025-03-17,1502.85,0.0,0.0,1502.85
621,770,2025-07-15,1502.85,66.88,30.06,1599.79
622,772,2025-06-18,1502.85,0.0,0.0,1502.85
623,773,2025-07-18,1502.85,0.0,0.0,1502.85
624,775,2025-09-17,1502.85,0.0,0.0,1502.85
625,777,2025-11-14,1502.85,0.0,0.0,1502.85
626,778,2025-12-18,1502.85,0.0,0.0,1502.85
627,779,2026-01-18,1502.85,0.0,0.0,1502.85
628,780,2026-02-17,1502.85,0.0,0.0,1502.85
629,782,2026-04-17,1502.85,0.0,0.0,1502.85
630,784,2026-06-25,1502.85,6.01,30.06,1538.92
631,785,2026-07-17,1502.85,0.0,0.0,1502.85
632,786,2026-08-17,1502.85,0.0,0.0,1502.85
633,788,2023-01-17,5849.23,0.0,0.0,5849.23
634,789,2023-02-18,5849.23,0.0,0.0,5849.23
635,790,2023-03-17,5849.23,0.0,0.0,5849.23
636,791,2023-04-18,5849.23,0.0,0.0,5849.23
637,792,2023-05-18,5849.23,0.0,0.0,5849.23
638,794,2023-07-18,5849.23,0.0,0.0,5849.23
639,795,2023-10-14,5849.23,169.63,116.98,6135.84
640,796,2023-09-17,5849.23,0.0,0.0,5849.23
641,800,2023-07-21,2148.61,31.15,42.97,2222.73
642,801,2023-10-04,2148.61,79.5,42.97,2271.08
643,803,2023-09-23,2148.61,0.0,0.0,2148.61
644,804,2023-10-16,2148.61,0.0,0.0,2148.61
645,806,2023-12-22,2148.61,0.0,0.0,2148.61
646,807,2024-01-22,2148.61,0.0,0.0,2148.61
647,808,2024-02-21,2148.61,0.0,0.0,2148.61
648,809,2024-03-23,2148.61,0.0,0.0,2148.61
649,810,2024-04-23,2148.61,0.0,0.0,2148.61
650,813,2023-09-11,10155.48,0.0,0.0,10155.48
651,814,2023-10-11,10155.48,0.0,0.0,10155.48
652,815,2023-11-11,10155.48,0.0,0.0,10155.48
653,819,2024-03-10,10155.48,0.0,0.0,10155.48
654,820,2024-04-10,10155.48,0.0,0.0,10155.48
655,821,2024-05-09,10155.48,0.0,0.0,10155.48
656,822,2024-10-01,10155.48,573.78,203.11,10932.37
657,824,2024-09-10,10155.48,157.41,203.11,10516.0
658,827,2024-11-11,10155.48,0.0,0.0,10155.48
659,828,2024-12-07,10155.48,0.0,0.0,10155.48
660,829,2022-07-15,7070.44,346.45,141.41,7558.3
661,830,2022-06-19,7070.44,148.48,141.41,7360.33
662,831,2022-06-29,7070.44,74.24,141.41,7286.09
663,832,2022-07-23,7070.44,53.03,141.41,7264.88
664,834,2022-09-09,7070.44,0.0,0.0,7070.44
665,835,2022-10-28,7070.44,70.7,141.41,7282.55
666,836,2023-01-07,7070.44,212.11,141.41,7423.96
667,837,2022-12-08,7070.44,0.0,0.0,7070.44
668,838,2023-01-09,7070.44,0.0,0.0,7070.44
669,839,2023-02-09,7070.44,0.0,0.0,7070.44
670,840,2023-03-08,7070.44,0.0,0.0,7070.44
671,841,2023-04-01,7070.44,0.0,0.0,7070.44
672,842,2023-06-02,7070.44,88.38,141.41,7300.23
673,844,2023-09-12,7070.44,233.32,141.41,7445.17
674,845,2023-08-08,7070.44,0.0,0.0,7070.44
675,846,2023-09-02,7070.44,0.0,0.0,7070.44
676,849,2023-12-08,7070.44,0.0,0.0,7070.44
677,850,2024-01-08,7070.44,0.0,0.0,7070.44
678,851,2024-02-09,7070.44,0.0,0.0,7070.44
679,852,2024-03-09,7070.44,0.0,0.0,7070.44
680,853,2024-04-08,7070.44,0.0,0.0,7070.44
681,854,2024-05-09,7070.44,0.0,0.0,7070.44
682,856,2024-10-01,7070.44,300.49,141.41,7512.34
683,857,2024-08-08,7070.44,0.0,0.0,7070.44
684,858,2024-09-08,7070.44,0.0,0.0,7070.44
685,859,2024-11-02,7070.44,88.38,141.41,7300.23
686,860,2024-11-01,7070.44,0.0,0.0,7070.44
687,861,2024-12-08,7070.44,0.0,0.0,7070.44
688,863,2025-02-09,7070.44,0.0,0.0,7070.44
689,864,2025-03-08,7070.44,0.0,0.0,7070.44
690,865,2026-02-03,2186.91,0.0,0.0,2186.91
691,866,2026-03-04,2186.91,0.0,0.0,2186.91
692,867,2026-07-19,2186.91,117.0,43.74,2347.65
693,868,2026-05-04,2186.91,0.0,0.0,2186.91
694,869,2026-06-03,2186.91,0.0,0.0,2186.91
695,870,2026-09-07,2186.91,72.17,43.74,2302.82
696,871,2026-08-04,2186.91,0.0,0.0,2186.91
697,873,2026-10-03,2186.91,0.0,0.0,2186.91
698,874,2026-11-04,2186.91,0.0,0.0,2186.91
699,875,2026-11-30,2186.91,0.0,0.0,2186.91
700,877,2025-07-25,4917.81,172.12,98.36,5188.29
701,878,2025-06-16,4917.81,0.0,0.0,4917.81
702,879,2025-07-16,4917.81,0.0,0.0,4917.81
703,880,2025-08-16,4917.81,0.0,0.0,4917.81
704,883,2025-11-17,4917.81,0.0,0.0,4917.81
705,884,2025-12-16,4917.81,0.0,0.0,4917.81
706,885,2026-01-17,4917.81,0.0,0.0,4917.81
707,886,2026-02-17,4917.81,0.0,0.0,4917.81
708,888,2026-04-16,4917.81,0.0,0.0,4917.81
709,889,2021-02-25,3531.74,0.0,0.0,3531.74
710,891,2021-04-21,3531.74,0.0,0.0,3531.74
711,892,2021-05-19,3531.74,0.0,0.0,3531.74
712,894,2021-07-26,3531.74,0.0,0.0,3531.74
713,895,2021-09-07,3531.74,22.96,70.63,3625.33
714,896,2021-09-26,3531.74,0.0,0.0,3531.74
715,899,2021-12-25,3531.74,0.0,0.0,3531.74
716,900,2022-01-25,3531.74,0.0,0.0,3531.74
717,901,2022-02-25,3531.74,0.0,0.0,3531.74
718,902,2022-03-26,3531.74,0.0,0.0,3531.74
719,903,2022-04-25,3531.74,0.0,0.0,3531.74
720,904,2022-08-28,3531.74,167.76,70.63,3770.13
721,909,2024-03-14,7885.78,74.91,157.72,8118.41
722,910,2024-05-08,7885.78,177.43,157.72,8220.93
723,911,2024-04-24,7885.78,0.0,0.0,7885.78
724,912,2024-06-24,7885.78,122.23,157.72,8165.73
725,913,2024-06-22,7885.78,0.0,0.0,7885.78
726,914,2024-07-24,7885.78,0.0,0.0,7885.78
727,915,2024-12-06,7885.78,410.06,157.72,8453.56
728,916,2024-09-24,7885.78,0.0,0.0,7885.78
729,917,2025-01-31,7885.78,390.35,157.72,8433.85
730,918,2024-11-24,7885.78,0.0,0.0,7885.78
731,919,2024-12-24,7885.78,0.0,0.0,7885.78
732,920,2025-01-22,7885.78,0.0,0.0,7885.78
733,921,2025-02-21,7885.78,0.0,0.0,7885.78
734,923,2025-04-19,7885.78,0.0,0.0,7885.78
735,924,2025-05-25,7885.78,0.0,0.0,7885.78
736,926,2025-07-23,7885.78,0.0,0.0,7885.78
737,927,2025-08-25,7885.78,0.0,0.0,7885.78
738,928,2025-09-25,7885.78,0.0,0.0,7885.78
739,929,2025-12-30,7885.78,264.17,157.72,8307.67
740,932,2023-06-28,1146.96,0.0,0.0,1146.96
741,933,2023-09-11,1146.96,25.81,22.94,1195.71
742,934,2023-08-28,1146.96,0.0,0.0,1146.96
743,935,2023-09-28,1146.96,0.0,0.0,1146.96
744,937,2024-02-20,1146.96,48.17,22.94,1218.07
745,938,2023-12-28,1146.96,0.0,0.0,1146.96
746,940,2024-02-28,1146.96,0.0,0.0,1146.96
747,942,2024-04-28,1146.96,0.0,0.0,1146.96
748,943,2024-05-28,1146.96,0.0,0.0,1146.96
749,944,2024-06-28,1146.96,0.0,0.0,1146.96
750,947,2024-09-28,1146.96,0.0,0.0,1146.96
751,948,2024-10-29,1146.96,0.0,0.0,1146.96
752,949,2025-01-08,1146.96,23.51,22.94,1193.41
753,950,2024-12-28,1146.96,0.0,0.0,1146.96
754,951,2025-01-29,1146.96,0.0,0.0,1146.96
755,952,2025-05-07,1146.96,39.0,22.94,1208.9
756,953,2025-03-29,1146.96,0.0,0.0,1146.96
757,954,2025-04-28,1146.96,0.0,0.0,1146.96
758,955,2025-05-25,1146.96,0.0,0.0,1146.96
759,956,2025-06-29,1146.96,0.0,0.0,1146.96
760,957,2025-07-28,1146.96,0.0,0.0,1146.96
761,958,2025-10-05,1146.96,21.79,22.94,1191.69
762,959,2025-09-28,1146.96,0.0,0.0,1146.96
763,961,2025-11-29,1146.96,0.0,0.0,1146.96
764,963,2026-04-07,1146.96,39.57,22.94,1209.47
765,965,2026-03-29,1146.96,0.0,0.0,1146.96
766,966,2026-04-29,1146.96,0.0,0.0,1146.96
767,967,2021-03-18,2581.42,0.0,0.0,2581.42
768,970,2021-06-18,2581.42,0.0,0.0,2581.42
769,971,2021-07-19,2581.42,0.0,0.0,2581.42
770,972,2021-12-15,2581.42,153.59,51.63,2786.64
771,973,2021-09-15,2581.42,0.0,0.0,2581.42
772,974,2021-10-19,2581.42,0.0,0.0,2581.42
773,975,2021-11-18,2581.42,0.0,0.0,2581.42
774,976,2021-12-19,2581.42,0.0,0.0,2581.42
775,977,2022-01-18,2581.42,0.0,0.0,2581.42
776,978,2022-04-28,2581.42,89.06,51.63,2722.11
777,979,2025-03-06,10288.92,0.0,0.0,10288.92
778,980,2025-04-07,10288.92,0.0,0.0,10288.92
779,982,2025-08-06,10288.92,313.81,205.78,10808.51
780,984,2025-08-07,10288.92,0.0,0.0,10288.92
781,985,2025-09-07,10288.92,0.0,0.0,10288.92
782,986,2025-10-07,10288.92,0.0,0.0,10288.92
783,989,2026-02-02,10288.92,138.9,205.78,10633.6
784,991,2026-03-07,10288.92,0.0,0.0,10288.92
785,992,2026-04-06,10288.92,0.0,0.0,10288.92
786,993,2026-05-06,10288.92,0.0,0.0,10288.92
787,994,2026-06-06,10288.92,0.0,0.0,10288.92
788,995,2026-07-06,10288.92,0.0,0.0,10288.92
789,996,2026-08-06,10288.92,0.0,0.0,10288.92
790,997,2026-10-03,10288.92,138.9,205.78,10633.6
791,998,2026-10-07,10288.92,0.0,0.0,10288.92
792,999,2026-11-07,10288.92,0.0,0.0,10288.92
793,1001,2027-03-29,10288.92,421.85,205.78,10916.55
794,1002,2027-02-07,10288.92,0.0,0.0,10288.92
795,1003,2023-09-19,5809.59,0.0,0.0,5809.59
796,1004,2023-12-30,5809.59,212.05,116.19,6137.83
797,1005,2024-03-15,5809.59,342.77,116.19,6268.55
798,1006,2023-12-19,5809.59,0.0,0.0,5809.59
799,1007,2024-01-18,5809.59,0.0,0.0,5809.59
800,1008,2024-04-08,5809.59,145.24,116.19,6071.02
801,1009,2024-06-04,5809.59,226.57,116.19,6152.35
802,1010,2024-05-04,5809.59,46.48,116.19,5972.26
803,1011,2024-05-18,5809.59,0.0,0.0,5809.59
804,1012,2024-06-18,5809.59,0.0,0.0,5809.59
805,1013,2024-07-18,5809.59,0.0,0.0,5809.59
806,1014,2024-09-22,5809.59,101.67,116.19,6027.45
807,1016,2025-01-07,5809.59,235.29,116.19,6161.07
808,1017,2024-11-18,5809.59,0.0,0.0,5809.59
809,1018,2024-12-18,5809.59,0.0,0.0,5809.59
810,1020,2025-02-19,5809.59,0.0,0.0,5809.59
811,1021,2025-04-04,5809.59,49.38,116.19,5975.16
812,1022,2025-04-18,5809.59,0.0,0.0,5809.59
813,1024,2025-07-04,5809.59,46.48,116.19,5972.26
814,1025,2025-07-19,5809.59,0.0,0.0,5809.59
815,1027,2025-12-08,5809.59,235.29,116.19,6161.07
816,1028,2025-10-19,5809.59,0.0,0.0,5809.59
817,1029,2025-11-18,5809.59,0.0,0.0,5809.59
818,1030,2025-12-18,5809.59,0.0,0.0,5809.59
819,1031,2026-01-19,5809.59,0.0,0.0,5809.59
820,1032,2026-02-18,5809.59,0.0,0.0,5809.59
821,1033,2026-03-19,5809.59,0.0,0.0,5809.59
822,1034,2026-04-18,5809.59,0.0,0.0,5809.59
823,1035,2026-05-19,5809.59,0.0,0.0,5809.59
824,1036,2026-07-17,5809.59,84.24,116.19,6010.02
825,1037,2026-07-18,5809.59,0.0,0.0,5809.59
826,1038,2026-08-27,5809.59,26.14,116.19,5951.92
827,1039,2026-02-15,6260.01,0.0,0.0,6260.01
828,1040,2026-03-14,6260.01,0.0,0.0,6260.01
829,1041,2026-07-10,6260.01,272.31,125.2,6657.52
830,1042,2026-05-15,6260.01,0.0,0.0,6260.01
831,1044,2026-07-15,6260.01,0.0,0.0,6260.01
832,1045,2026-08-09,6260.01,0.0,0.0,6260.01
833,1047,2026-10-15,6260.01,0.0,0.0,6260.01
834,1048,2026-11-23,6260.01,28.17,125.2,6413.38
835,1049,2027-04-10,6260.01,366.21,125.2,6751.42
836,1050,2027-04-12,6260.01,275.44,125.2,6660.65
837,1051,2027-02-15,6260.01,0.0,0.0,6260.01
838,1052,2027-03-15,6260.01,0.0,0.0,6260.01
839,1053,2027-07-07,6260.01,262.92,125.2,6648.13
840,1054,2027-05-14,6260.01,0.0,0.0,6260.01
841,1055,2027-07-11,6260.01,84.51,125.2,6469.72
842,1056,2027-07-15,6260.01,0.0,0.0,6260.01
843,1057,2027-08-14,6260.01,0.0,0.0,6260.01
844,1058,2027-09-15,6260.01,0.0,0.0,6260.01
845,1059,2028-01-19,6260.01,303.61,125.2,6688.82
846,1060,2027-11-14,6260.01,0.0,0.0,6260.01
847,1062,2028-03-06,6260.01,162.76,125.2,6547.97
848,1063,2022-07-25,2649.3,0.0,0.0,2649.3
849,1064,2022-08-26,2649.3,0.0,0.0,2649.3
850,1065,2022-09-26,2649.3,0.0,0.0,2649.3
851,1066,2023-01-29,2649.3,127.17,52.99,2829.46
852,1067,2022-11-26,2649.3,0.0,0.0,2649.3
853,1068,2022-12-25,2649.3,0.0,0.0,2649.3
854,1069,2023-04-30,2649.3,125.84,52.99,2828.13
855,1070,2023-03-31,2649.3,45.04,52.99,2747.33
856,1071,2023-03-26,2649.3,0.0,0.0,2649.3
857,1074,2023-06-26,2649.3,0.0,0.0,2649.3
858,1075,2024-02-22,20068.44,0.0,0.0,20068.44
859,1077,2024-04-22,20068.44,0.0,0.0,20068.44
860,1079,2024-09-29,20068.44,993.39,401.37,21463.2
861,1080,2024-10-27,20068.44,973.32,401.37,21443.13
862,1081,2024-09-10,20068.44,190.65,401.37,20660.46
863,1082,2024-12-11,20068.44,802.74,401.37,21272.55
864,1083,2024-12-25,20068.44,642.19,401.37,21112.0
865,1085,2024-12-16,20068.44,0.0,0.0,20068.44
866,1086,2025-01-19,20068.44,0.0,0.0,20068.44
867,1087,2025-12-21,8273.84,343.36,165.48,8782.68
868,1088,2025-11-19,8273.84,86.88,165.48,8526.2
869,1090,2025-12-25,8273.84,0.0,0.0,8273.84
870,1092,2026-05-17,8273.84,322.68,165.48,8762.0
871,1093,2026-06-02,8273.84,268.9,165.48,8708.22
872,1094,2026-05-12,8273.84,53.78,165.48,8493.1
873,1095,2026-05-29,8273.84,0.0,0.0,8273.84
874,1096,2026-06-30,8273.84,0.0,0.0,8273.84
875,1097,2026-07-29,8273.84,0.0,0.0,8273.84
876,1098,2026-08-29,8273.84,0.0,0.0,8273.84
877,1100,2021-09-18,2544.65,0.0,0.0,2544.65
878,1101,2021-10-18,2544.65,0.0,0.0,2544.65
879,1102,2021-11-18,2544.65,0.0,0.0,2544.65
880,1104,2022-01-16,2544.65,0.0,0.0,2544.65
881,1105,2022-02-18,2544.65,0.0,0.0,2544.65
882,1106,2022-03-16,2544.65,0.0,0.0,2544.65
883,1107,2022-04-18,2544.65,0.0,0.0,2544.65
884,1108,2022-05-18,2544.65,0.0,0.0,2544.65
885,1109,2022-06-26,2544.65,11.45,50.89,2606.99
886,1110,2022-07-18,2544.65,0.0,0.0,2544.65
887,1111,2024-09-06,6413.64,0.0,0.0,6413.64
888,1112,2024-10-05,6413.64,0.0,0.0,6413.64
889,1113,2025-01-23,6413.64,253.34,128.27,6795.25
890,1114,2024-12-06,6413.64,0.0,0.0,6413.64
891,1116,2025-01-30,6413.64,0.0,0.0,6413.64
892,1117,2025-03-06,6413.64,0.0,0.0,6413.64
893,1118,2025-04-05,6413.64,0.0,0.0,6413.64
894,1119,2025-05-06,6413.64,0.0,0.0,6413.64
895,1121,2025-07-06,6413.64,0.0,0.0,6413.64
896,1123,2022-09-04,1581.18,0.0,0.0,1581.18
897,1125,2022-11-04,1581.18,0.0,0.0,1581.18
898,1126,2022-12-03,1581.18,0.0,0.0,1581.18
899,1128,2023-03-07,1581.18,25.3,31.62,1638.1
900,1129,2023-03-04,1581.18,0.0,0.0,1581.18
901,1130,2023-04-13,1581.18,7.91,31.62,1620.71
902,1131,2023-05-03,1581.18,0.0,0.0,1581.18
903,1132,2023-06-17,1581.18,11.07,31.62,1623.87
904,1133,2023-10-31,1581.18,94.87,31.62,1707.67
905,1134,2023-08-03,1581.18,0.0,0.0,1581.18
906,1135,2023-11-29,1581.18,68.78,31.62,1681.58
907,1136,2023-10-04,1581.18,0.0,0.0,1581.18
908,1138,2023-12-03,1581.18,0.0,0.0,1581.18
909,1140,2024-02-03,1581.18,0.0,0.0,1581.18
910,1142,2024-07-26,1581.18,90.13,31.62,1702.93
911,1143,2024-07-21,1581.18,62.46,31.62,1675.26
912,1144,2024-06-03,1581.18,0.0,0.0,1581.18
913,1145,2024-07-04,1581.18,0.0,0.0,1581.18
914,1146,2024-08-04,1581.18,0.0,0.0,1581.18
915,1147,2024-12-15,1581.18,81.43,31.62,1694.23
916,1148,2024-10-03,1581.18,0.0,0.0,1581.18
917,1150,2024-12-03,1581.18,0.0,0.0,1581.18
918,1151,2025-01-04,1581.18,0.0,0.0,1581.18
919,1152,2025-02-02,1581.18,0.0,0.0,1581.18
920,1153,2025-03-03,1581.18,0.0,0.0,1581.18
921,1155,2025-05-03,1581.18,0.0,0.0,1581.18
922,1156,2025-09-18,1581.18,84.59,31.62,1697.39
923,1157,2025-07-04,1581.18,0.0,0.0,1581.18
924,1158,2025-08-04,1581.18,0.0,0.0,1581.18
925,1159,2025-11-26,17956.16,0.0,0.0,17956.16
926,1160,2025-12-25,17956.16,0.0,0.0,17956.16
927,1161,2026-01-26,17956.16,0.0,0.0,17956.16
928,1162,2026-06-04,17956.16,888.83,359.12,19204.11
929,1163,2026-03-26,17956.16,0.0,0.0,17956.16
930,1164,2026-04-26,17956.16,0.0,0.0,17956.16
931,1166,2023-11-30,2691.71,0.0,0.0,2691.71
932,1170,2024-03-31,2691.71,0.0,0.0,2691.71
933,1171,2024-05-01,2691.71,0.0,0.0,2691.71
934,1173,2024-06-30,2691.71,0.0,0.0,2691.71
935,1174,2024-07-30,2691.71,0.0,0.0,2691.71
936,1175,2024-08-30,2691.71,0.0,0.0,2691.71
937,1177,2024-10-30,2691.71,0.0,0.0,2691.71
938,1178,2024-12-01,2691.71,0.0,0.0,2691.71
939,1180,2025-01-31,2691.71,0.0,0.0,2691.71
940,1181,2025-03-09,2691.71,12.11,53.83,2757.65
941,1184,2025-05-30,2691.71,0.0,0.0,2691.71
942,1185,2025-07-01,2691.71,0.0,0.0,2691.71
943,1188,2025-09-30,2691.71,0.0,0.0,2691.71
944,1189,2024-12-03,6027.73,0.0,0.0,6027.73
945,1191,2025-02-02,6027.73,0.0,0.0,6027.73
946,1192,2025-03-03,6027.73,0.0,0.0,6027.73
947,1193,2025-04-02,6027.73,0.0,0.0,6027.73
948,1195,2025-05-31,6027.73,0.0,0.0,6027.73
949,1196,2025-06-28,6027.73,0.0,0.0,6027.73
950,1197,2025-08-03,6027.73,0.0,0.0,6027.73
951,1198,2025-09-03,6027.73,0.0,0.0,6027.73
952,1199,2025-11-23,6027.73,156.72,120.55,6305.0
953,1200,2026-02-07,6027.73,292.34,120.55,6440.62
954,1201,2022-02-27,10516.78,0.0,0.0,10516.78
955,1202,2022-03-27,10516.78,0.0,0.0,10516.78
956,1205,2022-06-27,10516.78,0.0,0.0,10516.78
957,1206,2022-07-27,10516.78,0.0,0.0,10516.78
958,1208,2022-09-28,10516.78,0.0,0.0,10516.78
959,1209,2022-12-14,10516.78,252.4,210.34,10979.52
960,1210,2023-01-02,10516.78,189.3,210.34,10916.42
961,1211,2022-12-27,10516.78,0.0,0.0,10516.78
962,1212,2023-05-20,10516.78,594.2,210.34,11321.32
963,1213,2024-04-29,3097.21,0.0,0.0,3097.21
964,1215,2024-06-30,3097.21,0.0,0.0,3097.21
965,1216,2024-07-30,3097.21,0.0,0.0,3097.21
966,1217,2024-12-15,3097.21,167.25,61.94,3326.4
967,1218,2024-09-29,3097.21,0.0,0.0,3097.21
968,1219,2024-10-29,3097.21,0.0,0.0,3097.21
969,1220,2024-11-29,3097.21,0.0,0.0,3097.21
970,1221,2024-12-29,3097.21,0.0,0.0,3097.21
971,1222,2025-01-30,3097.21,0.0,0.0,3097.21
972,1223,2025-03-01,3097.21,0.0,0.0,3097.21
973,1224,2025-03-29,3097.21,0.0,0.0,3097.21
974,1225,2022-05-25,13555.74,0.0,0.0,13555.74
975,1226,2022-07-24,13555.74,169.45,271.11,13996.3
976,1227,2022-09-06,13555.74,264.34,271.11,14091.19
977,1228,2022-08-30,13555.74,0.0,0.0,13555.74
978,1229,2022-09-30,13555.74,0.0,0.0,13555.74
979,1230,2022-10-29,13555.74,0.0,0.0,13555.74
980,1231,2022-11-29,13555.74,0.0,0.0,13555.74
981,1232,2022-12-29,13555.74,0.0,0.0,13555.74
982,1235,2023-03-29,13555.74,0.0,0.0,13555.74
983,1236,2023-06-22,13555.74,366.0,271.11,14192.85
984,1237,2024-05-06,5694.45,307.5,113.89,6115.84
985,1238,2024-02-20,5694.45,0.0,0.0,5694.45
986,1239,2024-03-19,5694.45,0.0,0.0,5694.45
987,1241,2024-07-02,5694.45,125.28,113.89,5933.62
988,1242,2024-06-13,5694.45,0.0,0.0,5694.45
989,1243,2024-07-19,5694.45,0.0,0.0,5694.45
990,1244,2024-12-02,5694.45,298.96,113.89,6107.3
991,1246,2024-10-20,5694.45,0.0,0.0,5694.45
992,1247,2024-12-13,5694.45,68.33,113.89,5876.67
993,1249,2025-01-20,5694.45,0.0,0.0,5694.45
994,1250,2025-06-13,5694.45,324.58,113.89,6132.92
995,1252,2025-06-06,5694.45,136.67,113.89,5945.01
996,1254,2025-06-20,5694.45,0.0,0.0,5694.45
997,1256,2023-06-11,4390.62,0.0,0.0,4390.62
998,1257,2023-07-12,4390.62,0.0,0.0,4390.62
999,1259,2023-09-12,4390.62,0.0,0.0,4390.62
1000,1260,2023-12-22,4390.62,158.06,87.81,4636.49
1001,1261,2023-11-11,4390.62,0.0,0.0,4390.62
1002,1263,2024-04-25,4390.62,230.51,87.81,4708.94
1003,1265,2024-03-12,4390.62,0.0,0.0,4390.62
1004,1266,2024-04-12,4390.62,0.0,0.0,4390.62
1005,1268,2024-06-12,4390.62,0.0,0.0,4390.62
1006,1269,2024-07-11,4390.62,0.0,0.0,4390.62
1007,1270,2024-11-25,4390.62,232.7,87.81,4711.13
1008,1271,2025-01-04,4390.62,252.46,87.81,4730.89
1009,1272,2024-10-12,4390.62,0.0,0.0,4390.62
1010,1273,2024-11-11,4390.62,0.0,0.0,4390.62
1011,1274,2024-12-29,4390.62,39.52,87.81,4517.95
1012,1275,2025-01-12,4390.62,0.0,0.0,4390.62
1013,1276,2025-02-11,4390.62,0.0,0.0,4390.62
1014,1277,2025-03-11,4390.62,0.0,0.0,4390.62
1015,1278,2025-04-12,4390.62,0.0,0.0,4390.62
1016,1279,2025-05-11,4390.62,0.0,0.0,4390.62
1017,1280,2025-07-16,4390.62,76.84,87.81,4555.27
1018,1281,2025-11-05,4390.62,256.85,87.81,4735.28
1019,1282,2025-08-12,4390.62,0.0,0.0,4390.62
1020,1283,2025-12-07,4390.62,190.99,87.81,4669.42
1021,1284,2025-10-11,4390.62,0.0,0.0,4390.62
1022,1285,2025-12-01,4390.62,43.91,87.81,4522.34
1023,1287,2026-01-08,4390.62,0.0,0.0,4390.62
1024,1288,2026-02-12,4390.62,0.0,0.0,4390.62
1025,1289,2026-03-12,4390.62,0.0,0.0,4390.62
1026,1291,2023-02-25,1059.61,0.0,0.0,1059.61
1027,1292,2023-03-24,1059.61,0.0,0.0,1059.61
1028,1295,2023-06-23,1059.61,0.0,0.0,1059.61
1029,1296,2023-07-25,1059.61,0.0,0.0,1059.61
1030,1297,2023-08-24,1059.61,0.0,0.0,1059.61
1031,1298,2023-09-24,1059.61,0.0,0.0,1059.61
1032,1299,2023-11-10,1059.61,9.01,21.19,1089.81
1033,1301,2024-02-20,1059.61,30.73,21.19,1111.53
1034,1302,2024-03-30,1059.61,34.97,21.19,1115.77
1035,1303,2024-02-25,1059.61,0.0,0.0,1059.61
1036,1304,2024-03-24,1059.61,0.0,0.0,1059.61
1037,1305,2024-04-25,1059.61,0.0,0.0,1059.61
1038,1306,2024-05-20,1059.61,0.0,0.0,1059.61
1039,1307,2024-06-25,1059.61,0.0,0.0,1059.61
1040,1309,2024-08-24,1059.61,0.0,0.0,1059.61
1041,1310,2024-09-24,1059.61,0.0,0.0,1059.61
1042,1311,2024-10-24,1059.61,0.0,0.0,1059.61
1043,1312,2024-11-25,1059.61,0.0,0.0,1059.61
1044,1314,2025-03-21,1059.61,29.67,21.19,1110.47
1045,1315,2025-02-25,1059.61,0.0,0.0,1059.61
1046,1316,2025-03-25,1059.61,0.0,0.0,1059.61
1047,1317,2025-04-24,1059.61,0.0,0.0,1059.61
1048,1318,2025-06-20,1059.61,14.3,21.19,1095.1
1049,1319,2025-06-24,1059.61,0.0,0.0,1059.61
1050,1320,2025-11-08,1059.61,56.69,21.19,1137.49
1051,1323,2025-10-25,1059.61,0.0,0.0,1059.61
1052,1324,2025-11-25,1059.61,0.0,0.0,1059.61
1053,1325,2026-02-22,1059.61,31.79,21.19,1112.59
1054,1327,2022-05-08,10358.67,0.0,0.0,10358.67
1055,1328,2022-06-08,10358.67,0.0,0.0,10358.67
1056,1331,2022-12-31,10358.67,595.62,207.17,11161.46
1057,1332,2022-10-08,10358.67,0.0,0.0,10358.67
1058,1333,2022-11-07,10358.67,0.0,0.0,10358.67
1059,1334,2023-02-01,10358.67,290.04,207.17,10855.88
1060,1336,2023-02-07,10358.67,0.0,0.0,10358.67
1061,1338,2023-04-08,10358.67,0.0,0.0,10358.67
1062,1339,2023-05-08,10358.67,0.0,0.0,10358.67
1063,1340,2023-06-08,10358.67,0.0,0.0,10358.67
1064,1341,2023-07-08,10358.67,0.0,0.0,10358.67
1065,1342,2023-10-12,10358.67,341.84,207.17,10907.68
1066,1343,2023-11-04,10358.67,300.4,207.17,10866.24
1067,1345,2023-11-08,10358.67,0.0,0.0,10358.67
1068,1346,2023-12-08,10358.67,0.0,0.0,10358.67
1069,1347,2024-01-07,10358.67,0.0,0.0,10358.67
1070,1349,2024-03-14,10358.67,36.26,207.17,10602.1
1071,1351,2021-02-23,3363.38,0.0,0.0,3363.38
1072,1352,2021-03-23,3363.38,0.0,0.0,3363.38
1073,1353,2021-04-22,3363.38,0.0,0.0,3363.38
1074,1356,2021-10-03,3363.38,122.76,67.27,3553.41
1075,1358,2021-09-23,3363.38,0.0,0.0,3363.38
1076,1359,2021-10-22,3363.38,0.0,0.0,3363.38
1077,1361,2021-12-18,3363.38,0.0,0.0,3363.38
1078,1362,2022-04-06,3363.38,124.45,67.27,3555.1
1079,1363,2022-02-23,3363.38,0.0,0.0,3363.38
1080,1364,2022-03-23,3363.38,0.0,0.0,3363.38
1081,1365,2022-07-04,3363.38,122.76,67.27,3553.41
1082,1366,2022-09-04,3363.38,176.58,67.27,3607.23
1083,1367,2022-06-22,3363.38,0.0,0.0,3363.38
1084,1368,2022-07-26,3363.38,6.73,67.27,3437.38
1085,1369,2022-11-17,3363.38,146.31,67.27,3576.96
1086,1371,2022-12-03,3363.38,70.63,67.27,3501.28
1087,1372,2022-11-23,3363.38,0.0,0.0,3363.38
1088,1373,2023-03-30,3363.38,164.81,67.27,3595.46
1089,1374,2023-01-18,3363.38,0.0,0.0,3363.38
1090,1375,2026-07-30,3120.3,0.0,0.0,3120.3
1091,1376,2026-08-25,3120.3,0.0,0.0,3120.3
1092,1377,2026-09-30,3120.3,0.0,0.0,3120.3
1093,1378,2026-10-29,3120.3,0.0,0.0,3120.3
1094,1379,2027-03-12,3120.3,160.7,62.41,3343.41
1095,1381,2027-03-26,3120.3,87.37,62.41,3270.08
1096,1382,2027-03-01,3120.3,0.0,0.0,3120.3
1097,1383,2027-03-29,3120.3,0.0,0.0,3120.3
1098,1384,2027-04-29,3120.3,0.0,0.0,3120.3
1099,1385,2027-05-30,3120.3,0.0,0.0,3120.3
1100,1386,2027-06-22,3120.3,0.0,0.0,3120.3
1101,1387,2027-07-30,3120.3,0.0,0.0,3120.3
1102,1388,2027-11-05,3120.3,106.09,62.41,3288.8
1103,1389,2027-09-24,3120.3,0.0,0.0,3120.3
1104,1390,2027-10-30,3120.3,0.0,0.0,3120.3
1105,1391,2027-11-30,3120.3,0.0,0.0,3120.3
1106,1392,2027-12-26,3120.3,0.0,0.0,3120.3
1107,1393,2028-01-30,3120.3,0.0,0.0,3120.3
1108,1394,2028-02-29,3120.3,0.0,0.0,3120.3
1109,1395,2028-03-29,3120.3,0.0,0.0,3120.3
1110,1398,2028-06-29,3120.3,0.0,0.0,3120.3
1111,1399,2025-02-04,6626.12,0.0,0.0,6626.12
1112,1401,2025-04-05,6626.12,0.0,0.0,6626.12
1113,1402,2025-05-07,6626.12,9.94,132.52,6768.58
1114,1403,2025-06-05,6626.12,0.0,0.0,6626.12
1115,1404,2025-09-07,6626.12,215.35,132.52,6973.99
1116,1405,2025-08-05,6626.12,0.0,0.0,6626.12
1117,1406,2025-09-05,6626.12,0.0,0.0,6626.12
1118,1407,2025-10-04,6626.12,0.0,0.0,6626.12
1119,1408,2025-11-04,6626.12,0.0,0.0,6626.12
1120,1410,2026-01-04,6626.12,0.0,0.0,6626.12
1121,1411,2026-07-20,3738.24,0.0,0.0,3738.24
1122,1412,2026-09-07,3738.24,20.56,74.76,3833.56
1123,1413,2026-09-28,3738.24,0.0,0.0,3738.24
1124,1414,2026-11-11,3738.24,28.04,74.76,3841.04
1125,1415,2026-11-27,3738.24,0.0,0.0,3738.24
1126,1417,2027-03-10,3738.24,78.5,74.76,3891.5
1127,1418,2027-04-05,3738.24,69.16,74.76,3882.16
1128,1419,2027-03-28,3738.24,0.0,0.0,3738.24
1129,1420,2027-04-21,3738.24,0.0,0.0,3738.24
1130,1421,2027-05-27,3738.24,0.0,0.0,3738.24
1131,1422,2027-06-28,3738.24,0.0,0.0,3738.24
1132,1423,2024-09-27,2853.81,0.0,0.0,2853.81
1133,1424,2025-01-15,2853.81,115.58,57.08,3026.47
1134,1426,2024-12-27,2853.81,0.0,0.0,2853.81
1135,1428,2025-05-10,2853.81,104.16,57.08,3015.05
1136,1429,2025-03-26,2853.81,0.0,0.0,2853.81
1137,1430,2025-04-26,2853.81,0.0,0.0,2853.81
1138,1431,2025-05-26,2853.81,0.0,0.0,2853.81
1139,1432,2025-06-26,2853.81,0.0,0.0,2853.81
1140,1433,2025-07-27,2853.81,0.0,0.0,2853.81
1141,1434,2025-08-26,2853.81,0.0,0.0,2853.81
1142,1436,2025-10-27,2853.81,0.0,0.0,2853.81
1143,1437,2025-11-20,2853.81,0.0,0.0,2853.81
1144,1438,2025-12-26,2853.81,0.0,0.0,2853.81
1145,1440,2026-02-27,2853.81,0.0,0.0,2853.81
1146,1441,2026-03-26,2853.81,0.0,0.0,2853.81
1147,1442,2026-06-20,2853.81,78.48,57.08,2989.37
1148,1444,2026-07-30,2853.81,48.51,57.08,2959.4
1149,1445,2026-07-27,2853.81,0.0,0.0,2853.81
1150,1447,2026-10-09,2853.81,18.55,57.08,2929.44
1151,1448,2026-11-21,2853.81,37.1,57.08,2947.99
1152,1449,2026-11-27,2853.81,0.0,0.0,2853.81
1153,1450,2027-03-09,2853.81,104.16,57.08,3015.05
1154,1451,2027-03-16,2853.81,69.92,57.08,2980.81
1155,1452,2027-02-26,2853.81,0.0,0.0,2853.81
1156,1453,2027-03-26,2853.81,0.0,0.0,2853.81
1157,1454,2027-07-22,2853.81,124.14,57.08,3035.03
1158,1456,2027-10-01,2853.81,138.41,57.08,3049.3
1159,1457,2027-07-26,2853.81,0.0,0.0,2853.81
1160,1458,2027-08-27,2853.81,0.0,0.0,2853.81
1161,1459,2023-05-08,6852.76,0.0,0.0,6852.76
1162,1460,2023-06-04,6852.76,0.0,0.0,6852.76
1163,1461,2023-07-08,6852.76,0.0,0.0,6852.76
1164,1462,2023-08-08,6852.76,0.0,0.0,6852.76
1165,1463,2023-09-08,6852.76,0.0,0.0,6852.76
1166,1464,2024-01-19,6852.76,352.92,137.06,7342.74
1167,1465,2024-06-28,3146.32,0.0,0.0,3146.32
1168,1468,2024-09-28,3146.32,0.0,0.0,3146.32
1169,1469,2024-11-01,3146.32,7.87,62.93,3217.12
1170,1470,2024-11-22,3146.32,0.0,0.0,3146.32
1171,1471,2024-12-28,3146.32,0.0,0.0,3146.32
1172,1472,2025-01-28,3146.32,0.0,0.0,3146.32
1173,1473,2025-02-28,3146.32,0.0,0.0,3146.32
1174,1474,2025-03-27,3146.32,0.0,0.0,3146.32
1175,1475,2025-05-30,3146.32,51.91,62.93,3261.16
1176,1476,2025-05-28,3146.32,0.0,0.0,3146.32
1177,1478,2024-04-11,3727.51,0.0,0.0,3727.51
1178,1479,2024-05-06,3727.51,0.0,0.0,3727.51
1179,1480,2024-07-19,3727.51,72.69,74.55,3874.75
1180,1481,2024-07-10,3727.51,0.0,0.0,3727.51
1181,1482,2024-12-03,3727.51,214.33,74.55,4016.39
1182,1484,2021-12-20,7574.06,359.77,151.48,8085.31
1183,1485,2022-01-25,7574.06,382.49,151.48,8108.03
1184,1486,2021-11-16,7574.06,0.0,0.0,7574.06
1185,1487,2021-12-17,7574.06,0.0,0.0,7574.06
1186,1488,2022-01-17,7574.06,0.0,0.0,7574.06
1187,1489,2022-02-16,7574.06,0.0,0.0,7574.06
1188,1490,2022-05-06,7574.06,193.14,151.48,7918.68
1189,1491,2022-04-17,7574.06,0.0,0.0,7574.06
1190,1492,2022-05-17,7574.06,0.0,0.0,7574.06
1191,1493,2022-06-17,7574.06,0.0,0.0,7574.06
1192,1494,2022-10-27,7574.06,390.06,151.48,8115.6
1193,1495,2024-11-17,5347.19,32.08,106.94,5486.21
1194,1496,2024-12-02,5347.19,0.0,0.0,5347.19
1195,1497,2025-03-28,5347.19,219.23,106.94,5673.36
1196,1498,2025-05-22,5347.19,283.4,106.94,5737.53
1197,1499,2025-06-01,5347.19,235.28,106.94,5689.41
1198,1500,2025-04-06,5347.19,0.0,0.0,5347.19
1199,1502,2025-08-13,5347.19,184.48,106.94,5638.61
1200,1503,2025-10-15,5347.19,272.71,106.94,5726.84
1201,1504,2025-08-05,5347.19,0.0,0.0,5347.19
1202,1505,2025-09-05,5347.19,0.0,0.0,5347.19
1203,1506,2025-10-06,5347.19,0.0,0.0,5347.19
1204,1507,2025-11-05,5347.19,0.0,0.0,5347.19
1205,1509,2026-01-05,5347.19,0.0,0.0,5347.19
1206,1510,2026-02-14,5347.19,24.06,106.94,5478.19
1207,1511,2026-05-31,5347.19,232.6,106.94,5686.73
1208,1513,2026-06-06,5347.19,85.56,106.94,5539.69
1209,1514,2026-06-05,5347.19,0.0,0.0,5347.19
1210,1515,2026-07-05,5347.19,0.0,0.0,5347.19
1211,1516,2026-08-20,5347.19,40.1,106.94,5494.23
1212,1518,2026-10-05,5347.19,0.0,0.0,5347.19
1213,1519,2026-01-05,7789.11,0.0,0.0,7789.11
1214,1521,2026-03-05,7789.11,0.0,0.0,7789.11
1215,1522,2026-05-12,7789.11,144.1,155.78,8088.99
1216,1523,2026-05-03,7789.11,0.0,0.0,7789.11
1217,1525,2023-07-09,5897.33,0.0,0.0,5897.33
1218,1527,2023-09-09,5897.33,0.0,0.0,5897.33
1219,1528,2023-11-23,5897.33,135.64,117.95,6150.92
1220,1529,2023-11-08,5897.33,0.0,0.0,5897.33
1221,1530,2023-12-08,5897.33,0.0,0.0,5897.33
1222,1531,2024-12-25,2073.34,0.0,0.0,2073.34
1223,1532,2025-01-19,2073.34,0.0,0.0,2073.34
1224,1533,2025-02-25,2073.34,0.0,0.0,2073.34
1225,1535,2025-04-24,2073.34,0.0,0.0,2073.34
1226,1536,2025-05-24,2073.34,0.0,0.0,2073.34
1227,1537,2025-06-25,2073.34,0.0,0.0,2073.34
1228,1540,2025-09-19,2073.34,0.0,0.0,2073.34
1229,1541,2025-10-25,2073.34,0.0,0.0,2073.34
1230,1542,2025-11-21,2073.34,0.0,0.0,2073.34
1231,1545,2021-03-23,1798.6,0.0,0.0,1798.6
1232,1546,2021-04-23,1798.6,0.0,0.0,1798.6
1233,1548,2021-06-24,1798.6,0.0,0.0,1798.6
1234,1549,2021-07-23,1798.6,0.0,0.0,1798.6
1235,1550,2021-08-23,1798.6,0.0,0.0,1798.6
1236,1551,2021-12-24,1798.6,82.74,35.97,1917.31
1237,1552,2021-10-23,1798.6,0.0,0.0,1798.6
1238,1553,2021-11-24,1798.6,0.0,0.0,1798.6
1239,1556,2022-02-24,1798.6,0.0,0.0,1798.6
1240,1557,2022-03-23,1798.6,0.0,0.0,1798.6
1241,1558,2022-04-23,1798.6,0.0,0.0,1798.6
1242,1559,2022-05-24,1798.6,0.0,0.0,1798.6
1243,1561,2022-10-12,1798.6,72.84,35.97,1907.41
1244,1564,2022-10-24,1798.6,0.0,0.0,1798.6
1245,1565,2022-11-24,1798.6,0.0,0.0,1798.6
1246,1569,2023-06-02,1798.6,63.85,35.97,1898.42
1247,1570,2023-04-23,1798.6,0.0,0.0,1798.6
1248,1571,2023-05-23,1798.6,0.0,0.0,1798.6
1249,1572,2023-08-24,1798.6,55.76,35.97,1890.33
1250,1573,2023-07-24,1798.6,0.0,0.0,1798.6
1251,1574,2023-09-24,1798.6,28.78,35.97,1863.35
1252,1575,2023-09-24,1798.6,0.0,0.0,1798.6
1253,1576,2023-10-23,1798.6,0.0,0.0,1798.6
1254,1577,2023-11-24,1798.6,0.0,0.0,1798.6
1255,1578,2023-12-19,1798.6,0.0,0.0,1798.6
1256,1580,2022-01-10,27579.6,0.0,0.0,27579.6
1257,1581,2022-02-10,27579.6,0.0,0.0,27579.6
1258,1582,2022-03-09,27579.6,0.0,0.0,27579.6
1259,1583,2022-05-04,27579.6,344.75,551.59,28475.94
1260,1584,2022-05-09,27579.6,0.0,0.0,27579.6
1261,1585,2021-04-10,20308.92,842.82,406.18,21557.92
1262,1586,2021-02-17,20308.92,0.0,0.0,20308.92
1263,1587,2021-03-17,20308.92,0.0,0.0,20308.92
1264,1588,2021-04-18,20308.92,0.0,0.0,20308.92
1265,1590,2021-08-13,20308.92,578.8,406.18,21293.9
1266,1593,2021-09-18,20308.92,0.0,0.0,20308.92
1267,1594,2021-10-17,20308.92,0.0,0.0,20308.92
1268,1595,2021-11-18,20308.92,0.0,0.0,20308.92
1269,1596,2021-12-18,20308.92,0.0,0.0,20308.92
1270,1598,2024-05-07,1049.04,0.0,0.0,1049.04
1271,1599,2024-08-02,1049.04,29.9,20.98,1099.92
1272,1600,2024-07-06,1049.04,0.0,0.0,1049.04
1273,1601,2024-08-06,1049.04,0.0,0.0,1049.04
1274,1603,2024-12-06,1049.04,32.0,20.98,1102.02
1275,1604,2024-11-06,1049.04,0.0,0.0,1049.04
1276,1605,2024-12-07,1049.04,0.0,0.0,1049.04
1277,1606,2025-01-06,1049.04,0.0,0.0,1049.04
1278,1607,2025-02-07,1049.04,0.0,0.0,1049.04
1279,1608,2025-04-25,1049.04,26.23,20.98,1096.25
1280,1610,2025-05-06,1049.04,0.0,0.0,1049.04
1281,1611,2025-07-15,1049.04,20.46,20.98,1090.48
1282,1612,2025-09-03,1049.04,30.95,20.98,1100.97
1283,1613,2025-08-07,1049.04,0.0,0.0,1049.04
1284,1615,2025-10-06,1049.04,0.0,0.0,1049.04
1285,1616,2025-11-04,1049.04,0.0,0.0,1049.04
1286,1617,2025-12-07,1049.04,0.0,0.0,1049.04
1287,1618,2026-01-06,1049.04,0.0,0.0,1049.04
1288,1620,2026-03-06,1049.04,0.0,0.0,1049.04
1289,1621,2026-04-07,1049.04,0.0,0.0,1049.04
1290,1623,2026-06-06,1049.04,0.0,0.0,1049.04
1291,1624,2026-06-30,1049.04,0.0,0.0,1049.04
1292,1625,2026-08-07,1049.04,0.0,0.0,1049.04
1293,1626,2026-09-07,1049.04,0.0,0.0,1049.04
1294,1628,2026-11-07,1049.04,0.0,0.0,1049.04
1295,1630,2027-01-06,1049.04,0.0,0.0,1049.04
1296,1631,2027-02-07,1049.04,0.0,0.0,1049.04
1297,1632,2027-03-03,1049.04,0.0,0.0,1049.04
1298,1633,2021-10-31,2313.24,0.0,0.0,2313.24
1299,1634,2021-11-30,2313.24,0.0,0.0,2313.24
1300,1635,2021-12-30,2313.24,0.0,0.0,2313.24
1301,1636,2022-01-31,2313.24,0.0,0.0,2313.24
1302,1637,2022-03-01,2313.24,0.0,0.0,2313.24
1303,1638,2022-04-25,2313.24,30.07,46.26,2389.57
1304,1639,2022-04-30,2313.24,0.0,0.0,2313.24
1305,1640,2022-05-30,2313.24,0.0,0.0,2313.24
1306,1641,2022-06-30,2313.24,0.0,0.0,2313.24
1307,1642,2022-07-30,2313.24,0.0,0.0,2313.24
1308,1644,2022-10-01,2313.24,0.0,0.0,2313.24
1309,1645,2023-01-10,2313.24,83.28,46.26,2442.78
1310,1646,2022-12-01,2313.24,0.0,0.0,2313.24
1311,1647,2022-12-30,2313.24,0.0,0.0,2313.24
1312,1648,2023-01-30,2313.24,0.0,0.0,2313.24
1313,1651,2023-04-24,2313.24,0.0,0.0,2313.24
1314,1652,2023-05-31,2313.24,0.0,0.0,2313.24
1315,1656,2023-11-26,2313.24,65.93,46.26,2425.43
1316,1657,2023-10-30,2313.24,0.0,0.0,2313.24
1317,1660,2024-01-30,2313.24,0.0,0.0,2313.24
1318,1661,2024-05-20,2313.24,93.69,46.26,2453.19
1319,1662,2024-03-31,2313.24,0.0,0.0,2313.24
1320,1663,2024-05-26,2313.24,30.07,46.26,2389.57
1321,1664,2024-05-30,2313.24,0.0,0.0,2313.24
1322,1665,2024-07-01,2313.24,0.0,0.0,2313.24
1323,1666,2024-07-24,2313.24,0.0,0.0,2313.24
1324,1667,2024-08-28,2313.24,0.0,0.0,2313.24
1325,1668,2024-10-01,2313.24,0.0,0.0,2313.24
1326,1669,2023-03-21,2793.09,0.0,0.0,2793.09
1327,1671,2023-05-28,2793.09,0.0,0.0,2793.09
1328,1672,2023-10-14,2793.09,150.83,55.86,2999.78
1329,1673,2023-11-04,2793.09,138.26,55.86,2987.21
1330,1674,2023-08-28,2793.09,0.0,0.0,2793.09
1331,1676,2023-10-29,2793.09,0.0,0.0,2793.09
1332,1677,2024-03-11,2793.09,145.24,55.86,2994.19
1333,1679,2024-01-28,2793.09,0.0,0.0,2793.09
1334,1680,2024-02-28,2793.09,0.0,0.0,2793.09
1335,1681,2024-03-29,2793.09,0.0,0.0,2793.09
1336,1682,2024-07-27,2793.09,125.69,55.86,2974.64
1337,1685,2024-07-28,2793.09,0.0,0.0,2793.09
1338,1686,2024-08-28,2793.09,0.0,0.0,2793.09
1339,1687,2021-07-28,3093.57,0.0,0.0,3093.57
1340,1688,2021-08-25,3093.57,0.0,0.0,3093.57
1341,1690,2021-10-27,3093.57,0.0,0.0,3093.57
1342,1691,2021-11-27,3093.57,0.0,0.0,3093.57
1343,1693,2022-05-22,3093.57,177.88,61.87,3333.32
1344,1694,2022-02-28,3093.57,0.0,0.0,3093.57
1345,1695,2022-03-27,3093.57,0.0,0.0,3093.57
1346,1696,2022-05-24,3093.57,41.76,61.87,3197.2
1347,1697,2022-06-02,3093.57,9.28,61.87,3164.72
1348,1698,2022-06-27,3093.57,0.0,0.0,3093.57
1349,1699,2023-11-09,2861.23,0.0,0.0,2861.23
1350,1700,2023-12-14,2861.23,0.0,0.0,2861.23
1351,1703,2024-04-14,2861.23,44.35,57.22,2962.8
1352,1704,2024-06-08,2861.23,78.68,57.22,2997.13
1353,1705,2024-05-14,2861.23,0.0,0.0,2861.23
1354,1706,2024-06-15,2861.23,0.0,0.0,2861.23
1355,1707,2024-07-15,2861.23,0.0,0.0,2861.23
1356,1709,2025-01-04,2861.23,160.23,57.22,3078.68
1357,1710,2024-10-14,2861.23,0.0,0.0,2861.23
1358,1712,2022-02-23,7477.17,0.0,0.0,7477.17
1359,1713,2022-03-22,7477.17,0.0,0.0,7477.17
1360,1714,2022-04-23,7477.17,0.0,0.0,7477.17
1361,1715,2022-06-22,7477.17,115.9,149.54,7742.61
1362,1716,2022-09-08,7477.17,291.61,149.54,7918.32
1363,1717,2022-12-17,1802.62,0.0,0.0,1802.62
1364,1719,2023-04-06,1802.62,44.16,36.05,1882.83
1365,1720,2023-03-11,1802.62,0.0,0.0,1802.62
1366,1721,2023-04-17,1802.62,0.0,0.0,1802.62
1367,1722,2023-08-07,1802.62,74.81,36.05,1913.48
1368,1723,2023-06-17,1802.62,0.0,0.0,1802.62
1369,1724,2023-10-24,1802.62,90.13,36.05,1928.8
1370,1725,2023-08-16,1802.62,0.0,0.0,1802.62
1371,1727,2023-10-16,1802.62,0.0,0.0,1802.62
1372,1728,2023-11-17,1802.62,0.0,0.0,1802.62
1373,1729,2024-01-20,1802.62,31.55,36.05,1870.22
1374,1730,2024-03-13,1802.62,51.37,36.05,1890.04
1375,1731,2024-02-17,1802.62,0.0,0.0,1802.62
1376,1733,2024-04-16,1802.62,0.0,0.0,1802.62
1377,1734,2024-05-16,1802.62,0.0,0.0,1802.62
1378,1735,2024-07-24,5213.56,0.0,0.0,5213.56
1379,1736,2024-08-23,5213.56,0.0,0.0,5213.56
1380,1737,2024-12-27,5213.56,247.64,104.27,5565.47
1381,1738,2024-10-24,5213.56,0.0,0.0,5213.56
1382,1739,2024-11-20,5213.56,0.0,0.0,5213.56
1383,1740,2024-12-24,5213.56,0.0,0.0,5213.56
1384,1741,2025-01-23,5213.56,0.0,0.0,5213.56
1385,1742,2025-02-24,5213.56,0.0,0.0,5213.56
1386,1743,2025-04-05,5213.56,33.89,104.27,5351.72
1387,1745,2025-05-24,5213.56,0.0,0.0,5213.56
1388,1747,2021-06-15,7911.32,0.0,0.0,7911.32
1389,1748,2021-07-14,7911.32,0.0,0.0,7911.32
1390,1750,2021-09-14,7911.32,0.0,0.0,7911.32
1391,1751,2021-11-10,7911.32,106.8,158.23,8176.35
1392,1752,2022-02-22,7911.32,395.57,158.23,8465.12
1393,1754,2022-06-08,5564.79,0.0,0.0,5564.79
1394,1755,2022-07-08,5564.79,0.0,0.0,5564.79
1395,1756,2022-08-11,5564.79,8.35,111.3,5684.44
1396,1757,2022-09-08,5564.79,0.0,0.0,5564.79
1397,1758,2022-10-08,5564.79,0.0,0.0,5564.79
1398,1759,2023-02-18,5564.79,283.8,111.3,5959.89
1399,1760,2022-12-08,5564.79,0.0,0.0,5564.79
1400,1761,2023-01-08,5564.79,0.0,0.0,5564.79
1401,1762,2023-02-09,5564.79,0.0,0.0,5564.79
1402,1763,2023-03-01,5564.79,0.0,0.0,5564.79
1403,1765,2026-11-07,2321.37,100.98,46.43,2468.78
1404,1766,2026-09-10,2321.37,0.0,0.0,2321.37
1405,1767,2026-10-13,2321.37,0.0,0.0,2321.37
1406,1768,2026-11-12,2321.37,0.0,0.0,2321.37
1407,1769,2026-12-12,2321.37,0.0,0.0,2321.37
1408,1770,2027-01-12,2321.37,0.0,0.0,2321.37
1409,1771,2027-02-13,2321.37,0.0,0.0,2321.37
1410,1772,2027-03-13,2321.37,0.0,0.0,2321.37
1411,1773,2027-07-22,2321.37,117.23,46.43,2485.03
1412,1774,2027-05-05,2321.37,0.0,0.0,2321.37
1413,1775,2027-06-12,2321.37,0.0,0.0,2321.37
1414,1776,2027-07-13,2321.37,0.0,0.0,2321.37
1415,1778,2027-09-05,2321.37,0.0,0.0,2321.37
1416,1779,2027-10-12,2321.37,0.0,0.0,2321.37
1417,1780,2027-11-12,2321.37,0.0,0.0,2321.37
1418,1781,2027-12-12,2321.37,0.0,0.0,2321.37
1419,1783,2028-02-12,2321.37,0.0,0.0,2321.37
1420,1784,2028-03-12,2321.37,0.0,0.0,2321.37
1421,1785,2028-04-13,2321.37,0.0,0.0,2321.37
1422,1787,2028-09-10,2321.37,104.46,46.43,2472.26
1423,1788,2028-07-13,2321.37,0.0,0.0,2321.37
1424,1789,2025-03-28,3014.21,0.0,0.0,3014.21
1425,1791,2025-08-16,3014.21,122.08,60.28,3196.57
1426,1792,2025-06-27,3014.21,0.0,0.0,3014.21
1427,1793,2025-08-27,3014.21,46.72,60.28,3121.21
1428,1795,2025-09-27,3014.21,0.0,0.0,3014.21
1429,1796,2025-10-27,3014.21,0.0,0.0,3014.21
1430,1798,2025-12-30,3014.21,4.52,60.28,3079.01
1431,1799,2026-01-28,3014.21,0.0,0.0,3014.21
1432,1800,2026-03-18,3014.21,28.63,60.28,3103.12
1433,1801,2026-03-22,3014.21,0.0,0.0,3014.21
1434,1803,2026-05-27,3014.21,0.0,0.0,3014.21
1435,1804,2026-06-28,3014.21,0.0,0.0,3014.21
1436,1805,2026-07-28,3014.21,0.0,0.0,3014.21
1437,1806,2026-08-28,3014.21,0.0,0.0,3014.21
1438,1807,2026-09-27,3014.21,0.0,0.0,3014.21
1439,1808,2026-10-24,3014.21,0.0,0.0,3014.21
1440,1809,2026-11-28,3014.21,0.0,0.0,3014.21
1441,1810,2026-12-27,3014.21,0.0,0.0,3014.21
1442,1811,2027-01-27,3014.21,0.0,0.0,3014.21
1443,1813,2027-03-28,3014.21,0.0,0.0,3014.21
1444,1814,2027-04-28,3014.21,0.0,0.0,3014.21
1445,1816,2027-06-27,3014.21,0.0,0.0,3014.21
1446,1817,2027-07-28,3014.21,0.0,0.0,3014.21
1447,1818,2027-08-28,3014.21,0.0,0.0,3014.21
1448,1819,2027-09-28,3014.21,0.0,0.0,3014.21
1449,1820,2027-10-27,3014.21,0.0,0.0,3014.21
1450,1821,2027-11-27,3014.21,0.0,0.0,3014.21
1451,1822,2027-12-27,3014.21,0.0,0.0,3014.21
1452,1823,2028-01-28,3014.21,0.0,0.0,3014.21
1453,1824,2028-02-28,3014.21,0.0,0.0,3014.21
1454,1825,2023-07-19,3988.07,0.0,0.0,3988.07
1455,1826,2023-08-18,3988.07,0.0,0.0,3988.07
1456,1827,2023-09-19,3988.07,0.0,0.0,3988.07
1457,1829,2023-12-23,3988.07,69.79,79.76,4137.62
1458,1830,2023-12-19,3988.07,0.0,0.0,3988.07
1459,1831,2024-01-19,3988.07,0.0,0.0,3988.07
1460,1832,2024-02-19,3988.07,0.0,0.0,3988.07
1461,1835,2024-05-18,3988.07,0.0,0.0,3988.07
1462,1836,2024-06-19,3988.07,0.0,0.0,3988.07
1463,1837,2024-12-03,10454.81,0.0,0.0,10454.81
1464,1838,2025-01-04,10454.81,0.0,0.0,10454.81
1465,1841,2025-04-03,10454.81,0.0,0.0,10454.81
1466,1842,2025-07-23,10454.81,423.42,209.1,11087.33
1467,1843,2025-06-01,10454.81,0.0,0.0,10454.81
1468,1844,2025-07-03,10454.81,0.0,0.0,10454.81
1469,1846,2025-09-01,10454.81,0.0,0.0,10454.81
1470,1847,2025-10-03,10454.81,0.0,0.0,10454.81
1471,1848,2025-11-04,10454.81,0.0,0.0,10454.81
1472,1849,2025-12-04,10454.81,0.0,0.0,10454.81
1473,1850,2026-04-25,10454.81,585.47,209.1,11249.38
1474,1851,2026-02-03,10454.81,0.0,0.0,10454.81
1475,1852,2026-03-03,10454.81,0.0,0.0,10454.81
1476,1853,2026-04-04,10454.81,0.0,0.0,10454.81
1477,1854,2026-05-04,10454.81,0.0,0.0,10454.81
1478,1855,2026-06-04,10454.81,0.0,0.0,10454.81
1479,1856,2026-07-21,10454.81,94.09,209.1,10758.0
1480,1857,2026-08-04,10454.81,0.0,0.0,10454.81
1481,1858,2026-09-03,10454.81,0.0,0.0,10454.81
1482,1859,2026-10-04,10454.81,0.0,0.0,10454.81
1483,1860,2027-01-29,10454.81,454.78,209.1,11118.69
1484,1861,2024-05-26,8216.63,0.0,0.0,8216.63
1485,1862,2024-06-18,8216.63,0.0,0.0,8216.63
1486,1863,2024-07-26,8216.63,0.0,0.0,8216.63
1487,1864,2024-09-11,8216.63,69.84,164.33,8450.8
1488,1865,2024-09-26,8216.63,0.0,0.0,8216.63
1489,1866,2024-12-08,8216.63,180.77,164.33,8561.73
1490,1867,2024-11-26,8216.63,0.0,0.0,8216.63
1491,1868,2024-12-21,8216.63,0.0,0.0,8216.63
1492,1869,2025-01-25,8216.63,0.0,0.0,8216.63
1493,1870,2025-02-20,8216.63,0.0,0.0,8216.63
1494,1871,2025-07-21,8216.63,484.78,164.33,8865.74
1495,1872,2025-06-15,8216.63,209.52,164.33,8590.48
1496,1873,2025-05-25,8216.63,0.0,0.0,8216.63
1497,1875,2025-07-26,8216.63,0.0,0.0,8216.63
1498,1876,2025-08-26,8216.63,0.0,0.0,8216.63
1499,1878,2025-10-25,8216.63,0.0,0.0,8216.63
1500,1879,2026-01-11,8216.63,193.09,164.33,8574.05
1501,1880,2025-12-26,8216.63,0.0,0.0,8216.63
1502,1881,2026-04-10,8216.63,308.12,164.33,8689.08
1503,1882,2026-02-25,8216.63,0.0,0.0,8216.63
1504,1883,2026-03-25,8216.63,0.0,0.0,8216.63
1505,1884,2026-04-25,8216.63,0.0,0.0,8216.63
1506,1885,2026-05-25,8216.63,0.0,0.0,8216.63
1507,1886,2026-09-11,8216.63,320.45,164.33,8701.41
1508,1887,2026-07-26,8216.63,0.0,0.0,8216.63
1509,1889,2026-09-25,8216.63,0.0,0.0,8216.63
1510,1890,2026-11-26,8216.63,131.47,164.33,8512.43
1511,1891,2026-11-26,8216.63,0.0,0.0,8216.63
1512,1893,2027-05-21,8216.63,476.56,164.33,8857.52
1513,1894,2027-06-01,8216.63,394.4,164.33,8775.36
1514,1896,2027-04-23,8216.63,0.0,0.0,8216.63
1515,1898,2023-02-24,1408.65,40.85,28.17,1477.67
1516,1899,2023-01-29,1408.65,0.0,0.0,1408.65
1517,1900,2023-05-23,1408.65,59.16,28.17,1495.98
1518,1901,2023-03-29,1408.65,0.0,0.0,1408.65
1519,1902,2023-04-28,1408.65,0.0,0.0,1408.65
1520,1903,2023-05-29,1408.65,0.0,0.0,1408.65
1521,1904,2023-06-29,1408.65,0.0,0.0,1408.65
1522,1905,2023-07-29,1408.65,0.0,0.0,1408.65
1523,1906,2023-08-28,1408.65,0.0,0.0,1408.65
1524,1907,2023-11-28,1408.65,42.96,28.17,1479.78
1525,1908,2023-10-28,1408.65,0.0,0.0,1408.65
1526,1909,2023-11-23,1408.65,0.0,0.0,1408.65
1527,1910,2023-12-28,1408.65,0.0,0.0,1408.65
1528,1911,2024-05-13,1408.65,74.66,28.17,1511.48
1529,1912,2024-02-28,1408.65,0.0,0.0,1408.65
1530,1913,2024-03-29,1408.65,0.0,0.0,1408.65
1531,1914,2024-04-27,1408.65,0.0,0.0,1408.65
1532,1915,2024-08-03,1408.65,47.19,28.17,1484.01
1533,1916,2024-06-28,1408.65,0.0,0.0,1408.65
1534,1917,2024-07-28,1408.65,0.0,0.0,1408.65
1535,1919,2024-09-29,1408.65,0.0,0.0,1408.65
1536,1920,2024-10-28,1408.65,0.0,0.0,1408.65
1537,1922,2023-10-14,13876.67,0.0,0.0,13876.67
1538,1923,2023-11-14,13876.67,0.0,0.0,13876.67
1539,1924,2023-12-13,13876.67,0.0,0.0,13876.67
1540,1925,2024-01-13,13876.67,0.0,0.0,13876.67
1541,1926,2024-02-13,13876.67,0.0,0.0,13876.67
1542,1927,2022-04-04,5140.76,0.0,0.0,5140.76
1543,1928,2022-06-08,5140.76,89.96,102.82,5333.54
1544,1929,2022-06-05,5140.76,0.0,0.0,5140.76
1545,1930,2022-07-05,5140.76,0.0,0.0,5140.76
1546,1933,2022-11-28,5140.76,141.37,102.82,5384.95
1547,1934,2022-11-04,5140.76,0.0,0.0,5140.76
1548,1935,2023-03-06,5140.76,236.47,102.82,5480.05
1549,1936,2023-01-05,5140.76,0.0,0.0,5140.76
1550,1937,2023-01-31,5140.76,0.0,0.0,5140.76
1551,1938,2023-06-17,5140.76,269.89,102.82,5513.47
1552,1939,2024-03-04,3951.87,185.74,79.04,4216.65
1553,1940,2024-01-12,3951.87,21.74,79.04,4052.65
1554,1941,2024-02-02,3951.87,0.0,0.0,3951.87
1555,1942,2024-03-02,3951.87,0.0,0.0,3951.87
1556,1945,2024-06-02,3951.87,0.0,0.0,3951.87
1557,1946,2024-07-02,3951.87,0.0,0.0,3951.87
1558,1947,2024-08-02,3951.87,0.0,0.0,3951.87
1559,1948,2024-09-01,3951.87,0.0,0.0,3951.87
1560,1949,2024-10-02,3951.87,0.0,0.0,3951.87
1561,1950,2024-10-30,3951.87,0.0,0.0,3951.87
1562,1952,2025-01-01,3951.87,0.0,0.0,3951.87
1563,1953,2025-02-02,3951.87,0.0,0.0,3951.87
1564,1954,2025-03-01,3951.87,0.0,0.0,3951.87
1565,1955,2025-04-01,3951.87,0.0,0.0,3951.87
1566,1956,2025-04-28,3951.87,0.0,0.0,3951.87
1567,1957,2025-06-01,3951.87,0.0,0.0,3951.87
1568,1958,2025-07-02,3951.87,0.0,0.0,3951.87
1569,1961,2025-10-01,3951.87,0.0,0.0,3951.87
1570,1963,2023-10-26,7958.09,0.0,0.0,7958.09
1571,1964,2023-11-26,7958.09,0.0,0.0,7958.09
1572,1965,2023-12-27,7958.09,0.0,0.0,7958.09
1573,1966,2024-05-13,7958.09,429.74,159.16,8546.99
1574,1967,2024-02-27,7958.09,0.0,0.0,7958.09
1575,1968,2024-03-26,7958.09,0.0,0.0,7958.09
1576,1969,2024-04-26,7958.09,0.0,0.0,7958.09
1577,1970,2024-05-27,7958.09,0.0,0.0,7958.09
1578,1971,2024-06-27,7958.09,0.0,0.0,7958.09
1579,1972,2024-10-04,7958.09,278.53,159.16,8395.78
1580,1973,2024-08-27,7958.09,0.0,0.0,7958.09
1581,1974,2024-09-27,7958.09,0.0,0.0,7958.09
1582,1976,2023-05-24,3169.52,0.0,0.0,3169.52
1583,1977,2023-06-25,3169.52,0.0,0.0,3169.52
1584,1978,2023-10-02,3169.52,110.93,63.39,3343.84
1585,1979,2023-08-24,3169.52,0.0,0.0,3169.52
1586,1980,2023-12-27,3169.52,148.97,63.39,3381.88
1587,1982,2023-11-24,3169.52,0.0,0.0,3169.52
1588,1983,2024-01-16,3169.52,36.45,63.39,3269.36
1589,1984,2024-02-23,3169.52,47.54,63.39,3280.45
1590,1985,2024-02-25,3169.52,0.0,0.0,3169.52
1591,1986,2024-07-17,3169.52,182.25,63.39,3415.16
1592,1987,2024-04-24,3169.52,0.0,0.0,3169.52
1593,1989,2024-06-25,3169.52,0.0,0.0,3169.52
1594,1990,2024-07-24,3169.52,0.0,0.0,3169.52
1595,1991,2024-09-18,3169.52,39.62,63.39,3272.53
1596,1992,2024-11-03,3169.52,63.39,63.39,3296.3
1597,1993,2024-10-24,3169.52,0.0,0.0,3169.52
1598,1994,2024-11-25,3169.52,0.0,0.0,3169.52
1599,1995,2024-12-24,3169.52,0.0,0.0,3169.52
1600,1997,2025-02-25,3169.52,0.0,0.0,3169.52
1601,1998,2025-03-25,3169.52,0.0,0.0,3169.52
1602,1999,2023-06-01,2393.2,0.0,0.0,2393.2
1603,2000,2023-07-06,2393.2,0.0,0.0,2393.2
1604,2001,2023-08-07,2393.2,0.0,0.0,2393.2
1605,2002,2023-09-07,2393.2,0.0,0.0,2393.2
1606,2003,2023-10-05,2393.2,0.0,0.0,2393.2
1607,2005,2023-12-06,2393.2,0.0,0.0,2393.2
1608,2006,2024-01-07,2393.2,0.0,0.0,2393.2
1609,2007,2024-05-18,2393.2,122.05,47.86,2563.11
1610,2008,2024-03-06,2393.2,0.0,0.0,2393.2
1611,2010,2024-05-07,2393.2,0.0,0.0,2393.2
1612,2011,2024-06-06,2393.2,0.0,0.0,2393.2
1613,2012,2024-09-24,2393.2,95.73,47.86,2536.79
1614,2013,2024-08-06,2393.2,0.0,0.0,2393.2
1615,2014,2024-09-07,2393.2,0.0,0.0,2393.2
1616,2015,2024-10-03,2393.2,0.0,0.0,2393.2
1617,2016,2024-11-07,2393.2,0.0,0.0,2393.2
1618,2017,2024-12-06,2393.2,0.0,0.0,2393.2
1619,2019,2025-05-27,2393.2,131.63,47.86,2572.69
1620,2020,2025-05-06,2393.2,72.99,47.86,2514.05
1621,2021,2025-04-14,2393.2,9.57,47.86,2450.63
1622,2022,2025-05-07,2393.2,0.0,0.0,2393.2
1623,2023,2025-06-06,2393.2,0.0,0.0,2393.2
1624,2024,2025-07-06,2393.2,0.0,0.0,2393.2
1625,2025,2025-08-06,2393.2,0.0,0.0,2393.2
1626,2026,2025-11-28,2393.2,99.32,47.86,2540.38
1627,2028,2025-11-06,2393.2,0.0,0.0,2393.2
1628,2029,2025-12-06,2393.2,0.0,0.0,2393.2
1629,2031,2026-02-19,2393.2,15.56,47.86,2456.62
1630,2032,2026-03-06,2393.2,0.0,0.0,2393.2
1631,2034,2026-05-06,2393.2,0.0,0.0,2393.2
1632,2035,2021-06-14,14178.57,0.0,0.0,14178.57
1633,2036,2021-07-15,14178.57,0.0,0.0,14178.57
1634,2038,2021-09-14,14178.57,0.0,0.0,14178.57
1635,2039,2021-10-20,14178.57,42.54,283.57,14504.68
1636,2040,2022-01-06,14178.57,375.73,283.57,14837.87
1637,2042,2022-07-09,2125.92,0.0,0.0,2125.92
1638,2044,2022-11-13,2125.92,69.09,42.52,2237.53
1639,2045,2022-10-04,2125.92,0.0,0.0,2125.92
1640,2046,2022-11-10,2125.92,0.0,0.0,2125.92
1641,2048,2023-01-05,2125.92,0.0,0.0,2125.92
1642,2049,2023-02-10,2125.92,0.0,0.0,2125.92
1643,2050,2023-03-10,2125.92,0.0,0.0,2125.92
1644,2051,2023-04-09,2125.92,0.0,0.0,2125.92
1645,2052,2023-08-05,2125.92,93.54,42.52,2261.98
1646,2053,2023-07-02,2125.92,24.45,42.52,2192.89
1647,2054,2023-10-07,2125.92,95.67,42.52,2264.11
1648,2056,2023-10-15,2125.92,38.27,42.52,2206.71
1649,2057,2023-10-07,2125.92,0.0,0.0,2125.92
1650,2058,2023-12-26,2125.92,49.96,42.52,2218.4
1651,2059,2024-03-17,2125.92,105.23,42.52,2273.67
1652,2061,2024-02-10,2125.92,0.0,0.0,2125.92
1653,2062,2024-03-10,2125.92,0.0,0.0,2125.92
1654,2063,2024-04-10,2125.92,0.0,0.0,2125.92
1655,2064,2024-05-10,2125.92,0.0,0.0,2125.92
1656,2065,2024-06-09,2125.92,0.0,0.0,2125.92
1657,2066,2024-07-09,2125.92,0.0,0.0,2125.92
1658,2067,2024-10-20,2125.92,76.53,42.52,2244.97
1659,2068,2024-11-29,2125.92,86.1,42.52,2254.54
1660,2069,2024-10-10,2125.92,0.0,0.0,2125.92
1661,2070,2024-11-10,2125.92,0.0,0.0,2125.92
1662,2071,2024-12-10,2125.92,0.0,0.0,2125.92
1663,2072,2025-01-10,2125.92,0.0,0.0,2125.92
1664,2073,2025-05-07,2125.92,92.48,42.52,2260.92
1665,2074,2025-03-10,2125.92,0.0,0.0,2125.92
1666,2075,2025-04-10,2125.92,0.0,0.0,2125.92
1667,2076,2025-05-03,2125.92,0.0,0.0,2125.92
1668,2077,2022-03-30,9086.31,0.0,0.0,9086.31
1669,2078,2022-05-01,9086.31,0.0,0.0,9086.31
1670,2080,2022-07-01,9086.31,0.0,0.0,9086.31
1671,2081,2022-09-18,9086.31,227.16,181.73,9495.2
1672,2082,2022-09-06,9086.31,31.8,181.73,9299.84
1673,2083,2022-10-01,9086.31,0.0,0.0,9086.31
1674,2084,2023-02-18,9086.31,504.29,181.73,9772.33
1675,2086,2023-01-25,9086.31,118.12,181.73,9386.16
1676,2088,2023-02-28,9086.31,0.0,0.0,9086.31
1677,2089,2023-07-24,9086.31,527.01,181.73,9795.05
1678,2091,2023-05-30,9086.31,0.0,0.0,9086.31
1679,2092,2023-10-18,9086.31,499.75,181.73,9767.79
1680,2093,2023-07-31,9086.31,0.0,0.0,9086.31
1681,2095,2022-05-30,5511.48,283.84,110.23,5905.55
1682,2097,2022-06-13,5511.48,159.83,110.23,5781.54
1683,2099,2022-09-28,5511.48,286.6,110.23,5908.31
1684,2100,2022-07-17,5511.48,0.0,0.0,5511.48
1685,2103,2023-02-03,5511.48,303.13,110.23,5924.84
1686,2104,2022-11-16,5511.48,0.0,0.0,5511.48
1687,2105,2022-12-30,5511.48,38.58,110.23,5660.29
1688,2106,2023-01-16,5511.48,0.0,0.0,5511.48
1689,2110,2023-05-16,5511.48,0.0,0.0,5511.48
1690,2111,2023-06-16,5511.48,0.0,0.0,5511.48
1691,2112,2023-07-17,5511.48,0.0,0.0,5511.48
1692,2114,2023-09-16,5511.48,0.0,0.0,5511.48
1693,2115,2023-10-17,5511.48,0.0,0.0,5511.48
1694,2116,2023-11-17,5511.48,0.0,0.0,5511.48
1695,2117,2023-12-17,5511.48,0.0,0.0,5511.48
1696,2118,2024-01-16,5511.48,0.0,0.0,5511.48
1697,2119,2024-03-06,5511.48,52.36,110.23,5674.07
1698,2120,2024-07-04,5511.48,303.13,110.23,5924.84
1699,2121,2024-05-12,5511.48,71.65,110.23,5693.36
1700,2122,2024-05-16,5511.48,0.0,0.0,5511.48
1701,2123,2024-06-17,5511.48,0.0,0.0,5511.48
1702,2124,2024-07-13,5511.48,0.0,0.0,5511.48
1703,2125,2024-08-17,5511.48,0.0,0.0,5511.48
1704,2126,2024-09-16,5511.48,0.0,0.0,5511.48
1705,2127,2024-10-16,5511.48,0.0,0.0,5511.48
1706,2128,2024-11-17,5511.48,0.0,0.0,5511.48
1707,2129,2025-02-10,5511.48,154.32,110.23,5776.03
1708,2130,2025-01-16,5511.48,0.0,0.0,5511.48
1709,2131,2022-08-11,5953.1,0.0,0.0,5953.1
1710,2132,2022-09-13,5953.1,0.0,0.0,5953.1
1711,2133,2022-10-22,5953.1,26.79,119.06,6098.95
1712,2135,2022-12-14,5953.1,0.0,0.0,5953.1
1713,2137,2023-02-13,5953.1,0.0,0.0,5953.1
1714,2139,2023-04-13,5953.1,0.0,0.0,5953.1
1715,2140,2023-05-13,5953.1,0.0,0.0,5953.1
1716,2141,2023-06-12,5953.1,0.0,0.0,5953.1
1717,2142,2023-07-13,5953.1,0.0,0.0,5953.1
1718,2143,2023-10-28,5953.1,226.22,119.06,6298.38
1719,2144,2023-09-14,5953.1,0.0,0.0,5953.1
1720,2145,2023-10-13,5953.1,0.0,0.0,5953.1
1721,2146,2023-11-13,5953.1,0.0,0.0,5953.1
1722,2148,2024-03-26,5953.1,217.29,119.06,6289.45
1723,2150,2024-03-14,5953.1,0.0,0.0,5953.1
1724,2151,2024-04-13,5953.1,0.0,0.0,5953.1
1725,2152,2024-09-10,5953.1,357.19,119.06,6429.35
1726,2153,2024-06-12,5953.1,0.0,0.0,5953.1
1727,2154,2024-07-14,5953.1,0.0,0.0,5953.1
1728,2155,2023-09-02,1955.47,0.0,0.0,1955.47
1729,2156,2023-10-01,1955.47,0.0,0.0,1955.47
1730,2157,2023-11-02,1955.47,0.0,0.0,1955.47
1731,2158,2023-12-01,1955.47,0.0,0.0,1955.47
1732,2159,2024-02-29,1955.47,57.69,39.11,2052.27
1733,2160,2024-02-02,1955.47,0.0,0.0,1955.47
1734,2161,2024-03-02,1955.47,0.0,0.0,1955.47
1735,2162,2024-04-02,1955.47,0.0,0.0,1955.47
1736,2163,2024-05-01,1955.47,0.0,0.0,1955.47
1737,2164,2024-06-02,1955.47,0.0,0.0,1955.47
1738,2165,2024-06-28,1955.47,0.0,0.0,1955.47
1739,2166,2024-08-01,1955.47,0.0,0.0,1955.47
1740,2167,2024-09-01,1955.47,0.0,0.0,1955.47
1741,2168,2024-10-01,1955.47,0.0,0.0,1955.47
1742,2169,2024-11-01,1955.47,0.0,0.0,1955.47
1743,2170,2024-12-31,1955.47,29.33,39.11,2023.91
1744,2172,2025-02-01,1955.47,0.0,0.0,1955.47
1745,2173,2025-02-26,1955.47,0.0,0.0,1955.47
1746,2174,2025-04-02,1955.47,0.0,0.0,1955.47
1747,2175,2025-05-02,1955.47,0.0,0.0,1955.47
1748,2177,2025-07-02,1955.47,0.0,0.0,1955.47
1749,2178,2025-11-14,1955.47,102.66,39.11,2097.24
1750,2182,2021-07-08,4433.33,0.0,0.0,4433.33
1751,2183,2021-08-07,4433.33,0.0,0.0,4433.33
1752,2185,2022-01-09,4433.33,208.37,88.67,4730.37
1753,2186,2022-02-23,4433.33,239.4,88.67,4761.4
1754,2187,2021-12-08,4433.33,0.0,0.0,4433.33
1755,2188,2022-01-07,4433.33,0.0,0.0,4433.33
1756,2189,2022-05-05,4433.33,192.85,88.67,4714.85
1757,2190,2022-03-08,4433.33,0.0,0.0,4433.33
1758,2191,2022-04-07,4433.33,0.0,0.0,4433.33
1759,2192,2022-05-08,4433.33,0.0,0.0,4433.33
1760,2194,2022-07-07,4433.33,0.0,0.0,4433.33
1761,2195,2022-08-02,4433.33,0.0,0.0,4433.33
1762,2196,2022-09-07,4433.33,0.0,0.0,4433.33
1763,2197,2022-10-07,4433.33,0.0,0.0,4433.33
1764,2198,2022-11-07,4433.33,0.0,0.0,4433.33
1765,2199,2022-12-07,4433.33,0.0,0.0,4433.33
1766,2200,2023-01-07,4433.33,0.0,0.0,4433.33
1767,2201,2023-01-31,4433.33,0.0,0.0,4433.33
1768,2202,2023-03-08,4433.33,0.0,0.0,4433.33
1769,2203,2026-06-15,10084.58,0.0,0.0,10084.58
1770,2205,2026-08-15,10084.58,0.0,0.0,10084.58
1771,2206,2026-09-15,10084.58,0.0,0.0,10084.58
1772,2207,2026-10-15,10084.58,0.0,0.0,10084.58
1773,2208,2026-11-16,10084.58,0.0,0.0,10084.58
1774,2209,2027-02-05,10084.58,262.2,201.69,10548.47
1775,2210,2027-01-16,10084.58,0.0,0.0,10084.58
1776,2211,2027-02-15,10084.58,0.0,0.0,10084.58
1777,2212,2027-03-15,10084.58,0.0,0.0,10084.58
1778,2215,2027-06-16,10084.58,0.0,0.0,10084.58
1779,2216,2027-07-16,10084.58,0.0,0.0,10084.58
1780,2217,2027-08-13,10084.58,0.0,0.0,10084.58
1781,2218,2027-09-09,10084.58,0.0,0.0,10084.58
1782,2219,2027-10-16,10084.58,0.0,0.0,10084.58
1783,2220,2027-11-15,10084.58,0.0,0.0,10084.58
1784,2221,2027-12-15,10084.58,0.0,0.0,10084.58
1785,2222,2028-01-15,10084.58,0.0,0.0,10084.58
1786,2223,2028-02-15,10084.58,0.0,0.0,10084.58
1787,2224,2028-03-15,10084.58,0.0,0.0,10084.58
1788,2225,2028-04-15,10084.58,0.0,0.0,10084.58
1789,2226,2028-05-09,10084.58,0.0,0.0,10084.58
1790,2227,2026-03-02,3899.49,68.24,77.99,4045.72
1791,2228,2026-06-05,3899.49,193.02,77.99,4170.5
1792,2229,2026-03-26,3899.49,0.0,0.0,3899.49
1793,2230,2026-07-31,3899.49,187.18,77.99,4164.66
1794,2231,2026-05-26,3899.49,0.0,0.0,3899.49
1795,2232,2026-06-26,3899.49,0.0,0.0,3899.49
1796,2234,2026-11-23,3899.49,173.53,77.99,4151.01
1797,2236,2026-10-21,3899.49,0.0,0.0,3899.49
1798,2237,2026-11-27,3899.49,0.0,0.0,3899.49
1799,2238,2027-02-26,3899.49,120.88,77.99,4098.36
1800,2240,2026-03-06,2251.36,0.0,0.0,2251.36
1801,2241,2026-04-07,2251.36,0.0,0.0,2251.36
1802,2242,2026-08-21,2251.36,120.45,45.03,2416.84
1803,2243,2026-06-07,2251.36,0.0,0.0,2251.36
1804,2244,2026-07-07,2251.36,0.0,0.0,2251.36
1805,2245,2026-08-06,2251.36,0.0,0.0,2251.36
1806,2247,2026-10-07,2251.36,0.0,0.0,2251.36
1807,2249,2027-02-27,2251.36,93.43,45.03,2389.82
1808,2251,2027-02-06,2251.36,0.0,0.0,2251.36
1809,2252,2027-03-07,2251.36,0.0,0.0,2251.36
1810,2254,2027-05-04,2251.36,0.0,0.0,2251.36
1811,2256,2027-06-29,2251.36,0.0,0.0,2251.36
1812,2258,2027-12-25,2251.36,123.82,45.03,2420.21
1813,2259,2027-10-07,2251.36,0.0,0.0,2251.36
1814,2261,2028-01-18,2251.36,48.4,45.03,2344.79
1815,2263,2024-05-04,15258.84,0.0,0.0,15258.84
1816,2264,2024-09-05,15258.84,709.54,305.18,16273.56
1817,2265,2024-07-02,15258.84,0.0,0.0,15258.84
1818,2266,2024-08-28,15258.84,183.11,305.18,15747.13
1819,2267,2024-09-05,15258.84,0.0,0.0,15258.84
1820,2268,2024-11-05,15258.84,244.14,305.18,15808.16
1821,2269,2024-11-04,15258.84,0.0,0.0,15258.84
1822,2270,2025-03-14,15258.84,762.94,305.18,16326.96
1823,2271,2025-01-26,15258.84,167.85,305.18,15731.87
1824,2272,2025-02-04,15258.84,0.0,0.0,15258.84
1825,2273,2025-03-05,15258.84,0.0,0.0,15258.84
1826,2274,2025-04-05,15258.84,0.0,0.0,15258.84
1827,2275,2022-12-19,5993.63,0.0,0.0,5993.63
1828,2277,2023-02-18,5993.63,0.0,0.0,5993.63
1829,2279,2023-06-01,5993.63,131.86,119.87,6245.36
1830,2280,2023-06-05,5993.63,53.94,119.87,6167.44
1831,2281,2023-07-30,5993.63,125.87,119.87,6239.37
1832,2282,2023-10-08,5993.63,245.74,119.87,6359.24
1833,2283,2023-10-24,5993.63,200.79,119.87,6314.29
1834,2284,2023-12-15,5993.63,263.72,119.87,6377.22
1835,2285,2023-10-19,5993.63,0.0,0.0,5993.63
1836,2286,2023-11-18,5993.63,0.0,0.0,5993.63
1837,2288,2024-01-11,5993.63,0.0,0.0,5993.63
1838,2289,2024-03-05,5993.63,47.95,119.87,6161.45
1839,2290,2024-03-19,5993.63,0.0,0.0,5993.63
1840,2292,2024-08-28,5993.63,305.68,119.87,6419.18
1841,2293,2024-06-19,5993.63,0.0,0.0,5993.63
1842,2294,2024-07-19,5993.63,0.0,0.0,5993.63
1843,2295,2024-08-15,5993.63,0.0,0.0,5993.63
1844,2296,2024-09-18,5993.63,0.0,0.0,5993.63
1845,2297,2024-10-19,5993.63,0.0,0.0,5993.63
1846,2299,2022-04-18,10785.24,0.0,0.0,10785.24
1847,2300,2022-05-22,10785.24,0.0,0.0,10785.24
1848,2301,2022-06-26,10785.24,0.0,0.0,10785.24
1849,2302,2022-07-26,10785.24,0.0,0.0,10785.24
1850,2303,2022-08-25,10785.24,0.0,0.0,10785.24
1851,2304,2022-09-26,10785.24,0.0,0.0,10785.24
1852,2306,2022-11-25,10785.24,0.0,0.0,10785.24
1853,2307,2022-12-26,10785.24,0.0,0.0,10785.24
1854,2308,2023-01-26,10785.24,0.0,0.0,10785.24
1855,2309,2023-05-02,10785.24,355.91,215.7,11356.85
1856,2310,2023-03-25,10785.24,0.0,0.0,10785.24
1857,2311,2026-04-05,6881.2,0.0,0.0,6881.2
1858,2312,2026-05-07,6881.2,0.0,0.0,6881.2
1859,2313,2026-06-07,6881.2,0.0,0.0,6881.2
1860,2314,2026-07-07,6881.2,0.0,0.0,6881.2
1861,2315,2026-08-08,6881.2,0.0,0.0,6881.2
1862,2317,2026-10-08,6881.2,0.0,0.0,6881.2
1863,2318,2026-11-07,6881.2,0.0,0.0,6881.2
1864,2319,2026-12-08,6881.2,0.0,0.0,6881.2
1865,2320,2027-01-07,6881.2,0.0,0.0,6881.2
1866,2321,2027-02-07,6881.2,0.0,0.0,6881.2
1867,2323,2027-07-21,6881.2,361.26,137.62,7380.08
1868,2324,2027-05-08,6881.2,0.0,0.0,6881.2
1869,2325,2027-06-02,6881.2,0.0,0.0,6881.2
1870,2326,2027-10-02,6881.2,299.33,137.62,7318.15
1871,2327,2027-08-07,6881.2,0.0,0.0,6881.2
1872,2329,2027-10-16,6881.2,30.97,137.62,7049.79
1873,2331,2027-12-08,6881.2,0.0,0.0,6881.2
1874,2332,2028-01-08,6881.2,0.0,0.0,6881.2
1875,2333,2028-02-05,6881.2,0.0,0.0,6881.2
1876,2334,2028-03-06,6881.2,0.0,0.0,6881.2
1877,2335,2026-02-03,1404.44,0.0,0.0,1404.44
1878,2336,2026-03-03,1404.44,0.0,0.0,1404.44
1879,2337,2026-04-03,1404.44,0.0,0.0,1404.44
1880,2338,2026-05-04,1404.44,0.0,0.0,1404.44
1881,2340,2026-10-08,1404.44,68.12,28.09,1500.65
1882,2341,2026-07-29,1404.44,0.0,0.0,1404.44
1883,2342,2026-08-28,1404.44,0.0,0.0,1404.44
1884,2344,2026-11-04,1404.44,0.0,0.0,1404.44
1885,2345,2026-11-26,1404.44,0.0,0.0,1404.44
1886,2346,2026-12-27,1404.44,0.0,0.0,1404.44
1887,2347,2027-02-04,1404.44,0.0,0.0,1404.44
1888,2349,2027-04-04,1404.44,0.0,0.0,1404.44
1889,2350,2027-06-26,1404.44,37.92,28.09,1470.45
1890,2352,2027-07-04,1404.44,0.0,0.0,1404.44
1891,2353,2021-08-07,10500.21,0.0,0.0,10500.21
1892,2354,2021-09-08,10500.21,0.0,0.0,10500.21
1893,2355,2021-10-08,10500.21,0.0,0.0,10500.21
1894,2356,2021-11-07,10500.21,0.0,0.0,10500.21
1895,2357,2021-12-07,10500.21,0.0,0.0,10500.21
1896,2358,2022-02-01,10500.21,131.25,210.0,10841.46
1897,2359,2022-02-08,10500.21,0.0,0.0,10500.21
1898,2360,2022-03-07,10500.21,0.0,0.0,10500.21
1899,2361,2022-04-01,10500.21,0.0,0.0,10500.21
1900,2362,2022-05-07,10500.21,0.0,0.0,10500.21
1901,2363,2022-06-08,10500.21,0.0,0.0,10500.21
1902,2364,2022-07-07,10500.21,0.0,0.0,10500.21
1903,2365,2025-12-12,3489.33,0.0,0.0,3489.33
1904,2366,2026-01-12,3489.33,0.0,0.0,3489.33
1905,2367,2026-02-12,3489.33,0.0,0.0,3489.33
1906,2368,2026-06-14,3489.33,164.0,69.79,3723.12
1907,2369,2026-05-10,3489.33,48.85,69.79,3607.97
1908,2370,2026-05-12,3489.33,0.0,0.0,3489.33
1909,2371,2026-06-12,3489.33,0.0,0.0,3489.33
1910,2372,2026-07-13,3489.33,0.0,0.0,3489.33
1911,2374,2026-09-12,3489.33,0.0,0.0,3489.33
1912,2375,2026-10-12,3489.33,0.0,0.0,3489.33
1913,2376,2026-11-13,3489.33,0.0,0.0,3489.33
1914,2377,2027-01-27,3489.33,80.25,69.79,3639.37
1915,2378,2027-01-13,3489.33,0.0,0.0,3489.33
1916,2379,2027-02-11,3489.33,0.0,0.0,3489.33
1917,2381,2027-04-12,3489.33,0.0,0.0,3489.33
1918,2382,2027-05-12,3489.33,0.0,0.0,3489.33
1919,2383,2027-06-10,3489.33,0.0,0.0,3489.33
1920,2384,2027-07-05,3489.33,0.0,0.0,3489.33
1921,2385,2027-08-12,3489.33,0.0,0.0,3489.33
1922,2386,2027-09-13,3489.33,0.0,0.0,3489.33
1923,2387,2027-10-13,3489.33,0.0,0.0,3489.33
1924,2389,2025-05-15,6915.57,0.0,0.0,6915.57
1925,2390,2025-06-22,6915.57,0.0,0.0,6915.57
1926,2392,2025-08-21,6915.57,0.0,0.0,6915.57
1927,2393,2025-11-29,6915.57,238.59,138.31,7292.47
1928,2394,2026-01-30,6915.57,349.24,138.31,7403.12
1929,2395,2025-12-20,6915.57,100.28,138.31,7154.16
1930,2396,2025-12-22,6915.57,0.0,0.0,6915.57
1931,2397,2026-02-03,6915.57,44.95,138.31,7098.83
1932,2398,2026-02-22,6915.57,0.0,0.0,6915.57
1933,2399,2026-03-22,6915.57,0.0,0.0,6915.57
1934,2401,2025-05-08,18651.76,0.0,0.0,18651.76
1935,2403,2025-07-06,18651.76,0.0,0.0,18651.76
1936,2404,2025-08-07,18651.76,0.0,0.0,18651.76
1937,2405,2025-09-08,18651.76,0.0,0.0,18651.76
1938,2406,2025-10-01,18651.76,0.0,0.0,18651.76
1939,2408,2025-12-09,18651.76,0.0,0.0,18651.76
1940,2410,2026-02-07,18651.76,0.0,0.0,18651.76
1941,2411,2026-03-08,18651.76,0.0,0.0,18651.76
1942,2412,2026-04-09,18651.76,0.0,0.0,18651.76
1943,2413,2022-04-22,4177.29,0.0,0.0,4177.29
1944,2414,2022-05-23,4177.29,0.0,0.0,4177.29
1945,2415,2022-07-13,4177.29,43.86,83.55,4304.7
1946,2416,2022-09-27,4177.29,139.94,83.55,4400.78
1947,2417,2022-08-23,4177.29,0.0,0.0,4177.29
1948,2419,2022-10-23,4177.29,0.0,0.0,4177.29
1949,2420,2022-11-22,4177.29,0.0,0.0,4177.29
1950,2422,2023-02-06,4177.29,31.33,83.55,4292.17
1951,2424,2023-03-23,4177.29,0.0,0.0,4177.29
1952,2425,2023-04-23,4177.29,0.0,0.0,4177.29
1953,2426,2023-08-15,4177.29,177.53,83.55,4438.37
1954,2427,2023-06-22,4177.29,0.0,0.0,4177.29
1955,2428,2023-07-22,4177.29,0.0,0.0,4177.29
1956,2429,2023-08-23,4177.29,0.0,0.0,4177.29
1957,2430,2023-09-22,4177.29,0.0,0.0,4177.29
1958,2432,2023-11-23,4177.29,0.0,0.0,4177.29
1959,2433,2023-12-18,4177.29,0.0,0.0,4177.29
1960,2435,2024-05-26,4177.29,196.33,83.55,4457.17
1961,2436,2024-06-22,4177.29,192.16,83.55,4453.0
1962,2437,2021-10-15,5134.69,0.0,0.0,5134.69
1963,2440,2022-01-15,5134.69,0.0,0.0,5134.69
1964,2441,2022-02-15,5134.69,0.0,0.0,5134.69
1965,2442,2022-04-05,5134.69,56.48,102.69,5293.86
1966,2445,2022-06-14,5134.69,0.0,0.0,5134.69
1967,2447,2022-08-14,5134.69,0.0,0.0,5134.69
1968,2449,2025-07-06,1873.39,0.0,0.0,1873.39
1969,2450,2025-10-30,1873.39,80.56,37.47,1991.42
1970,2451,2025-09-06,1873.39,0.0,0.0,1873.39
1971,2452,2025-10-05,1873.39,0.0,0.0,1873.39
1972,2453,2025-11-21,1873.39,14.99,37.47,1925.85
1973,2454,2025-12-06,1873.39,0.0,0.0,1873.39
1974,2455,2026-01-12,1873.39,6.56,37.47,1917.42
1975,2456,2026-04-30,1873.39,78.68,37.47,1989.54
1976,2458,2026-04-06,1873.39,0.0,0.0,1873.39
1977,2459,2026-04-28,1873.39,0.0,0.0,1873.39
1978,2460,2026-06-05,1873.39,0.0,0.0,1873.39
1979,2462,2026-10-08,1873.39,59.95,37.47,1970.81
1980,2463,2026-09-06,1873.39,0.0,0.0,1873.39
1981,2465,2026-11-05,1873.39,0.0,0.0,1873.39
1982,2468,2027-02-06,1873.39,0.0,0.0,1873.39
1983,2469,2027-03-05,1873.39,0.0,0.0,1873.39
1984,2470,2027-04-06,1873.39,0.0,0.0,1873.39
1985,2471,2027-05-06,1873.39,0.0,0.0,1873.39
1986,2472,2027-08-31,1873.39,81.49,37.47,1992.35
1987,2473,2027-07-05,1873.39,0.0,0.0,1873.39
1988,2474,2027-11-30,1873.39,109.59,37.47,2020.45
1989,2475,2027-08-29,1873.39,0.0,0.0,1873.39
1990,2477,2027-11-06,1873.39,0.0,0.0,1873.39
1991,2479,2028-01-05,1873.39,0.0,0.0,1873.39
1992,2480,2028-02-06,1873.39,0.0,0.0,1873.39
1993,2482,2028-04-05,1873.39,0.0,0.0,1873.39
1994,2483,2028-05-06,1873.39,0.0,0.0,1873.39
1995,2484,2028-06-06,1873.39,0.0,0.0,1873.39
1996,2485,2025-07-17,3009.38,0.0,0.0,3009.38
1997,2487,2025-09-18,3009.38,0.0,0.0,3009.38
1998,2488,2025-10-18,3009.38,0.0,0.0,3009.38
1999,2490,2025-12-17,3009.38,0.0,0.0,3009.38
2000,2491,2026-01-17,3009.38,0.0,0.0,3009.38
2001,2493,2026-03-17,3009.38,0.0,0.0,3009.38
2002,2494,2026-06-11,3009.38,82.76,60.19,3152.33
2003,2497,2026-07-18,3009.38,0.0,0.0,3009.38
2004,2498,2026-08-17,3009.38,0.0,0.0,3009.38
2005,2499,2026-09-18,3009.38,0.0,0.0,3009.38
2006,2500,2027-02-06,3009.38,168.53,60.19,3238.1
2007,2503,2027-01-18,3009.38,0.0,0.0,3009.38
2008,2504,2027-02-18,3009.38,0.0,0.0,3009.38
2009,2505,2027-04-02,3009.38,24.08,60.19,3093.65
2010,2507,2027-06-30,3009.38,66.21,60.19,3135.78
2011,2509,2022-05-18,19334.99,0.0,0.0,19334.99
2012,2510,2022-06-17,19334.99,0.0,0.0,19334.99
2013,2511,2022-07-24,19334.99,67.67,386.7,19789.36
2014,2512,2022-08-18,19334.99,0.0,0.0,19334.99
2015,2513,2022-09-17,19334.99,0.0,0.0,19334.99
2016,2514,2022-10-18,19334.99,0.0,0.0,19334.99
2017,2515,2025-11-24,3196.01,0.0,0.0,3196.01
2018,2516,2025-12-24,3196.01,0.0,0.0,3196.01
2019,2517,2026-03-22,3196.01,91.09,63.92,3351.02
2020,2518,2026-03-30,3196.01,54.33,63.92,3314.26
2021,2519,2026-03-24,3196.01,0.0,0.0,3196.01
2022,2520,2026-06-28,3196.01,103.87,63.92,3363.8
2023,2521,2026-05-24,3196.01,0.0,0.0,3196.01
2024,2522,2026-06-25,3196.01,0.0,0.0,3196.01
2025,2523,2026-07-25,3196.01,0.0,0.0,3196.01
2026,2524,2026-08-24,3196.01,0.0,0.0,3196.01
2027,2525,2026-09-24,3196.01,0.0,0.0,3196.01
2028,2526,2026-12-19,3196.01,89.49,63.92,3349.42
2029,2529,2027-01-30,3196.01,9.59,63.92,3269.52
2030,2530,2027-02-24,3196.01,0.0,0.0,3196.01
2031,2531,2027-03-24,3196.01,0.0,0.0,3196.01
2032,2532,2027-04-22,3196.01,0.0,0.0,3196.01
2033,2533,2021-02-15,3987.83,0.0,0.0,3987.83
2034,2534,2021-03-14,3987.83,0.0,0.0,3987.83
2035,2535,2021-04-15,3987.83,0.0,0.0,3987.83
2036,2536,2021-05-14,3987.83,0.0,0.0,3987.83
2037,2538,2021-07-14,3987.83,0.0,0.0,3987.83
2038,2539,2021-08-14,3987.83,0.0,0.0,3987.83
2039,2540,2021-09-15,3987.83,0.0,0.0,3987.83
2040,2541,2021-10-12,3987.83,0.0,0.0,3987.83
2041,2543,2021-12-14,3987.83,0.0,0.0,3987.83
2042,2544,2022-02-06,3987.83,45.86,79.76,4113.45
2043,2546,2022-03-15,3987.83,0.0,0.0,3987.83
2044,2547,2022-06-02,3987.83,97.7,79.76,4165.29
2045,2548,2022-05-14,3987.83,0.0,0.0,3987.83
2046,2549,2022-06-14,3987.83,0.0,0.0,3987.83
2047,2552,2022-09-14,3987.83,0.0,0.0,3987.83
2048,2553,2022-10-14,3987.83,0.0,0.0,3987.83
2049,2554,2022-11-14,3987.83,0.0,0.0,3987.83
2050,2555,2022-12-14,3987.83,0.0,0.0,3987.83
2051,2556,2023-01-14,3987.83,0.0,0.0,3987.83
2052,2557,2023-03-31,9928.55,0.0,0.0,9928.55
2053,2558,2023-04-30,9928.55,0.0,0.0,9928.55
2054,2559,2023-05-29,9928.55,0.0,0.0,9928.55
2055,2561,2023-07-31,9928.55,0.0,0.0,9928.55
2056,2562,2023-08-27,9928.55,0.0,0.0,9928.55
2057,2563,2026-07-07,5472.77,0.0,0.0,5472.77
2058,2565,2026-09-02,5472.77,0.0,0.0,5472.77
2059,2568,2026-12-06,5472.77,0.0,0.0,5472.77
2060,2569,2027-01-07,5472.77,0.0,0.0,5472.77
2061,2570,2027-05-16,5472.77,270.9,109.46,5853.13
2062,2571,2027-03-06,5472.77,0.0,0.0,5472.77
2063,2572,2027-04-07,5472.77,0.0,0.0,5472.77
2064,2573,2027-05-10,5472.77,10.95,109.46,5593.18
2065,2574,2027-06-06,5472.77,0.0,0.0,5472.77
2066,2575,2023-01-07,4091.94,126.85,81.84,4300.63
2067,2577,2023-02-21,4091.94,94.11,81.84,4267.89
2068,2578,2023-02-06,4091.94,0.0,0.0,4091.94
2069,2579,2023-03-07,4091.94,0.0,0.0,4091.94
2070,2581,2023-05-06,4091.94,0.0,0.0,4091.94
2071,2584,2023-08-06,4091.94,0.0,0.0,4091.94
2072,2587,2023-11-13,10311.89,0.0,0.0,10311.89
2073,2590,2024-02-13,10311.89,0.0,0.0,10311.89
2074,2591,2024-03-14,10311.89,0.0,0.0,10311.89
2075,2593,2024-05-14,10311.89,0.0,0.0,10311.89
2076,2594,2024-06-11,10311.89,0.0,0.0,10311.89
2077,2595,2024-07-13,10311.89,0.0,0.0,10311.89
2078,2596,2024-08-07,10311.89,0.0,0.0,10311.89
2079,2597,2024-09-14,10311.89,0.0,0.0,10311.89
2080,2598,2024-10-10,10311.89,0.0,0.0,10311.89
2081,2600,2022-03-15,8209.42,0.0,0.0,8209.42
2082,2601,2022-04-16,8209.42,0.0,0.0,8209.42
2083,2603,2022-06-13,8209.42,0.0,0.0,8209.42
2084,2604,2022-07-16,8209.42,0.0,0.0,8209.42
2085,2606,2024-02-05,10987.93,0.0,0.0,10987.93
2086,2607,2024-03-05,10987.93,0.0,0.0,10987.93
2087,2608,2024-03-29,10987.93,0.0,0.0,10987.93
2088,2609,2024-05-05,10987.93,0.0,0.0,10987.93
2089,2610,2024-09-06,10987.93,510.94,219.76,11718.63
2090,2612,2024-08-05,10987.93,0.0,0.0,10987.93
2091,2614,2025-01-18,10987.93,576.87,219.76,11784.56
2092,2615,2024-11-05,10987.93,0.0,0.0,10987.93
2093,2616,2024-12-06,10987.93,0.0,0.0,10987.93
2094,2617,2024-11-23,1638.37,0.0,0.0,1638.37
2095,2618,2024-12-23,1638.37,0.0,0.0,1638.37
2096,2619,2025-01-24,1638.37,0.0,0.0,1638.37
2097,2620,2025-02-24,1638.37,0.0,0.0,1638.37
2098,2621,2025-03-24,1638.37,0.0,0.0,1638.37
2099,2622,2025-04-23,1638.37,0.0,0.0,1638.37
2100,2624,2025-06-17,1638.37,0.0,0.0,1638.37
2101,2625,2025-07-23,1638.37,0.0,0.0,1638.37
2102,2626,2025-08-24,1638.37,0.0,0.0,1638.37
2103,2627,2025-09-24,1638.37,0.0,0.0,1638.37
2104,2628,2025-10-24,1638.37,0.0,0.0,1638.37
2105,2629,2025-11-23,1638.37,0.0,0.0,1638.37
2106,2630,2025-12-23,1638.37,0.0,0.0,1638.37
2107,2631,2026-01-23,1638.37,0.0,0.0,1638.37
2108,2634,2026-04-23,1638.37,0.0,0.0,1638.37
2109,2635,2022-01-09,7175.45,161.45,143.51,7480.41
2110,2636,2021-12-25,7175.45,0.0,0.0,7175.45
2111,2638,2022-02-21,7175.45,0.0,0.0,7175.45
2112,2639,2022-03-26,7175.45,0.0,0.0,7175.45
2113,2640,2022-07-17,7175.45,297.78,143.51,7616.74
2114,2641,2022-09-04,7175.45,365.95,143.51,7684.91
2115,2642,2022-06-25,7175.45,0.0,0.0,7175.45
2116,2644,2022-11-05,7175.45,258.32,143.51,7577.28
2117,2645,2022-09-25,7175.45,0.0,0.0,7175.45
2118,2646,2023-01-07,7175.45,265.49,143.51,7584.45
2119,2647,2023-06-25,3596.41,0.0,0.0,3596.41
2120,2648,2023-07-24,3596.41,0.0,0.0,3596.41
2121,2649,2023-08-26,3596.41,0.0,0.0,3596.41
2122,2652,2023-11-26,3596.41,0.0,0.0,3596.41
2123,2653,2024-01-18,3596.41,43.16,71.93,3711.5
2124,2654,2024-01-25,3596.41,0.0,0.0,3596.41
2125,2655,2024-05-28,3596.41,167.23,71.93,3835.57
2126,2656,2024-06-30,3596.41,174.43,71.93,3842.77
2127,2657,2024-04-25,3596.41,0.0,0.0,3596.41
2128,2658,2024-05-25,3596.41,0.0,0.0,3596.41
2129,2659,2026-08-12,3554.81,0.0,0.0,3554.81
2130,2661,2026-10-11,3554.81,0.0,0.0,3554.81
2131,2662,2026-11-12,3554.81,0.0,0.0,3554.81
2132,2663,2027-01-19,3554.81,69.32,71.1,3695.23
2133,2664,2027-03-21,3554.81,122.64,71.1,3748.55
2134,2665,2027-02-04,3554.81,0.0,0.0,3554.81
2135,2667,2027-06-11,3554.81,108.42,71.1,3734.33
2136,2668,2027-05-12,3554.81,0.0,0.0,3554.81
2137,2669,2027-06-11,3554.81,0.0,0.0,3554.81
2138,2671,2025-12-12,3038.9,0.0,0.0,3038.9
2139,2672,2026-01-13,3038.9,0.0,0.0,3038.9
2140,2673,2026-02-12,3038.9,0.0,0.0,3038.9
2141,2676,2026-07-17,3038.9,100.28,60.78,3199.96
2142,2677,2026-06-13,3038.9,0.0,0.0,3038.9
2143,2678,2026-07-13,3038.9,0.0,0.0,3038.9
2144,2679,2026-08-12,3038.9,0.0,0.0,3038.9
2145,2681,2027-02-02,3038.9,171.7,60.78,3271.38
2146,2682,2026-11-13,3038.9,0.0,0.0,3038.9
2147,2683,2026-12-12,3038.9,0.0,0.0,3038.9
2148,2685,2027-02-13,3038.9,0.0,0.0,3038.9
2149,2687,2027-05-24,3038.9,63.82,60.78,3163.5
2150,2688,2027-05-12,3038.9,0.0,0.0,3038.9
2151,2690,2027-07-12,3038.9,0.0,0.0,3038.9
2152,2692,2027-09-12,3038.9,0.0,0.0,3038.9
2153,2693,2028-02-03,3038.9,173.22,60.78,3272.9
2154,2694,2027-11-12,3038.9,0.0,0.0,3038.9
2155,2695,2023-06-23,921.51,0.0,0.0,921.51
2156,2696,2023-09-12,921.51,23.5,18.43,963.44
2157,2697,2023-12-08,921.51,49.3,18.43,989.24
2158,2698,2023-11-28,921.51,30.41,18.43,970.35
2159,2700,2023-11-24,921.51,0.0,0.0,921.51
2160,2701,2023-12-23,921.51,0.0,0.0,921.51
2161,2702,2024-01-23,921.51,0.0,0.0,921.51
2162,2705,2024-04-23,921.51,0.0,0.0,921.51
2163,2707,2024-07-09,921.51,7.37,18.43,947.31
2164,2708,2024-07-24,921.51,0.0,0.0,921.51
2165,2709,2024-08-23,921.51,0.0,0.0,921.51
2166,2711,2024-11-06,921.51,6.45,18.43,946.39
2167,2712,2024-11-17,921.51,0.0,0.0,921.51
2168,2713,2024-12-23,921.51,0.0,0.0,921.51
2169,2714,2025-01-24,921.51,0.0,0.0,921.51
2170,2715,2025-03-26,921.51,14.28,18.43,954.22
2171,2716,2025-03-21,921.51,0.0,0.0,921.51
2172,2717,2025-04-24,921.51,0.0,0.0,921.51
2173,2719,2025-05-29,1945.93,0.0,0.0,1945.93
2174,2721,2025-08-04,1945.93,5.84,38.92,1990.69
2175,2722,2025-08-30,1945.93,0.0,0.0,1945.93
2176,2724,2025-10-30,1945.93,0.0,0.0,1945.93
2177,2725,2025-11-30,1945.93,0.0,0.0,1945.93
2178,2726,2025-12-28,1945.93,0.0,0.0,1945.93
2179,2727,2026-01-30,1945.93,0.0,0.0,1945.93
2180,2728,2026-03-01,1945.93,0.0,0.0,1945.93
2181,2729,2026-03-30,1945.93,0.0,0.0,1945.93
2182,2730,2026-08-17,1945.93,107.03,38.92,2091.88
2183,2731,2026-08-11,1945.93,72.0,38.92,2056.85
2184,2732,2026-06-29,1945.93,0.0,0.0,1945.93
2185,2733,2026-07-29,1945.93,0.0,0.0,1945.93
2186,2734,2026-11-21,1945.93,81.73,38.92,2066.58
2187,2735,2026-10-27,1945.93,27.24,38.92,2012.09
2188,2737,2026-11-29,1945.93,0.0,0.0,1945.93
2189,2738,2026-12-29,1945.93,0.0,0.0,1945.93
2190,2739,2027-01-30,1945.93,0.0,0.0,1945.93
2191,2740,2027-03-01,1945.93,0.0,0.0,1945.93
2192,2741,2027-03-30,1945.93,0.0,0.0,1945.93
2193,2742,2027-04-30,1945.93,0.0,0.0,1945.93
2194,2743,2027-05-30,1945.93,0.0,0.0,1945.93
2195,2744,2027-07-24,1945.93,24.32,38.92,2009.17
2196,2745,2027-07-29,1945.93,0.0,0.0,1945.93
2197,2747,2027-09-29,1945.93,0.0,0.0,1945.93
2198,2748,2027-10-29,1945.93,0.0,0.0,1945.93
2199,2749,2027-11-30,1945.93,0.0,0.0,1945.93
2200,2750,2027-12-30,1945.93,0.0,0.0,1945.93
2201,2751,2028-01-22,1945.93,0.0,0.0,1945.93
2202,2752,2028-04-02,1945.93,32.11,38.92,2016.96
2203,2753,2028-03-30,1945.93,0.0,0.0,1945.93
2204,2754,2028-04-30,1945.93,0.0,0.0,1945.93
2205,2755,2024-04-19,5262.87,0.0,0.0,5262.87
2206,2756,2024-05-28,5262.87,26.31,105.26,5394.44
2207,2757,2024-06-19,5262.87,0.0,0.0,5262.87
2208,2758,2024-07-19,5262.87,0.0,0.0,5262.87
2209,2759,2024-08-18,5262.87,0.0,0.0,5262.87
2210,2760,2024-11-02,5262.87,118.41,105.26,5486.54
2211,2761,2024-10-18,5262.87,0.0,0.0,5262.87
2212,2762,2024-11-19,5262.87,0.0,0.0,5262.87
2213,2763,2025-02-17,5262.87,160.52,105.26,5528.65
2214,2764,2025-03-09,5262.87,131.57,105.26,5499.7
2215,2765,2025-02-18,5262.87,0.0,0.0,5262.87
2216,2767,2023-11-06,9846.22,0.0,0.0,9846.22
2217,2768,2023-12-06,9846.22,0.0,0.0,9846.22
2218,2770,2024-04-01,9846.22,275.69,196.92,10318.83
2219,2771,2024-03-05,9846.22,0.0,0.0,9846.22
2220,2772,2024-04-03,9846.22,0.0,0.0,9846.22
2221,2776,2024-11-22,9846.22,536.62,196.92,10579.76
2222,2777,2024-09-05,9846.22,0.0,0.0,9846.22
2223,2778,2024-10-06,9846.22,0.0,0.0,9846.22
2224,2779,2024-11-05,9846.22,0.0,0.0,9846.22
2225,2780,2024-11-28,9846.22,0.0,0.0,9846.22
2226,2782,2025-02-05,9846.22,0.0,0.0,9846.22
2227,2783,2025-06-17,9846.22,512.0,196.92,10555.14
2228,2784,2025-04-05,9846.22,0.0,0.0,9846.22
2229,2785,2025-06-25,9846.22,251.08,196.92,10294.22
2230,2786,2025-06-06,9846.22,0.0,0.0,9846.22
2231,2788,2025-11-25,9846.22,551.39,196.92,10594.53
2232,2789,2025-09-06,9846.22,0.0,0.0,9846.22
2233,2790,2025-11-23,9846.22,241.23,196.92,10284.37
2234,2791,2021-06-11,4486.0,0.0,0.0,4486.0
2235,2792,2021-07-10,4486.0,0.0,0.0,4486.0
2236,2795,2021-10-11,4486.0,0.0,0.0,4486.0
2237,2796,2021-11-10,4486.0,0.0,0.0,4486.0
2238,2797,2021-12-10,4486.0,0.0,0.0,4486.0
2239,2798,2022-01-11,4486.0,0.0,0.0,4486.0
2240,2799,2022-02-11,4486.0,0.0,0.0,4486.0
2241,2800,2022-05-13,4486.0,143.55,89.72,4719.27
2242,2802,2022-05-11,4486.0,0.0,0.0,4486.0
2243,2803,2022-06-19,4486.0,20.19,89.72,4595.91
2244,2804,2022-09-12,4486.0,143.55,89.72,4719.27
2245,2808,2023-01-01,4486.0,116.64,89.72,4692.36
2246,2811,2023-02-11,4486.0,0.0,0.0,4486.0
2247,2812,2023-03-10,4486.0,0.0,0.0,4486.0
2248,2813,2023-04-10,4486.0,0.0,0.0,4486.0
2249,2814,2023-08-17,4486.0,222.06,89.72,4797.78
2250,2815,2023-11-02,2661.97,0.0,0.0,2661.97
2251,2816,2023-12-02,2661.97,0.0,0.0,2661.97
2252,2817,2024-01-02,2661.97,0.0,0.0,2661.97
2253,2818,2024-02-03,2661.97,0.0,0.0,2661.97
2254,2820,2024-03-27,2661.97,0.0,0.0,2661.97
2255,2822,2024-09-24,2661.97,151.73,53.24,2866.94
2256,2823,2024-07-02,2661.97,0.0,0.0,2661.97
2257,2824,2024-08-02,2661.97,0.0,0.0,2661.97
2258,2826,2024-09-25,2661.97,0.0,0.0,2661.97
2259,2828,2024-11-28,2661.97,0.0,0.0,2661.97
2260,2829,2025-01-02,2661.97,0.0,0.0,2661.97
2261,2830,2025-02-02,2661.97,0.0,0.0,2661.97
2262,2831,2025-03-03,2661.97,0.0,0.0,2661.97
2263,2833,2022-10-18,3892.09,0.0,0.0,3892.09
2264,2834,2022-11-19,3892.09,0.0,0.0,3892.09
2265,2835,2023-04-08,3892.09,216.01,77.84,4185.94
2266,2836,2023-01-19,3892.09,0.0,0.0,3892.09
2267,2838,2023-03-18,3892.09,0.0,0.0,3892.09
2268,2840,2023-05-18,3892.09,0.0,0.0,3892.09
2269,2841,2023-06-18,3892.09,0.0,0.0,3892.09
2270,2842,2023-07-19,3892.09,0.0,0.0,3892.09
2271,2843,2023-08-18,3892.09,0.0,0.0,3892.09
2272,2844,2023-09-18,3892.09,0.0,0.0,3892.09
2273,2846,2023-11-19,3892.09,0.0,0.0,3892.09
2274,2847,2023-12-18,3892.09,0.0,0.0,3892.09
2275,2848,2024-01-18,3892.09,0.0,0.0,3892.09
2276,2849,2024-02-18,3892.09,0.0,0.0,3892.09
2277,2850,2024-03-18,3892.09,0.0,0.0,3892.09
2278,2851,2024-04-18,3892.09,0.0,0.0,3892.09
2279,2853,2024-06-18,3892.09,0.0,0.0,3892.09
2280,2854,2024-08-06,3892.09,36.97,77.84,4006.9
2281,2856,2024-09-19,3892.09,0.0,0.0,3892.09
2282,2857,2024-05-16,4450.99,0.0,0.0,4450.99
2283,2858,2024-06-16,4450.99,0.0,0.0,4450.99
2284,2859,2024-07-17,4450.99,0.0,0.0,4450.99
2285,2861,2024-10-29,4450.99,95.7,89.02,4635.71
2286,2862,2024-10-17,4450.99,0.0,0.0,4450.99
2287,2863,2024-11-16,4450.99,0.0,0.0,4450.99
2288,2865,2025-01-16,4450.99,0.0,0.0,4450.99
2289,2866,2025-02-17,4450.99,0.0,0.0,4450.99
2290,2867,2025-03-13,4450.99,0.0,0.0,4450.99
2291,2868,2025-07-25,4450.99,222.55,89.02,4762.56
2292,2871,2025-07-16,4450.99,0.0,0.0,4450.99
2293,2872,2025-11-27,4450.99,229.23,89.02,4769.24
2294,2873,2025-10-22,4450.99,80.12,89.02,4620.13
2295,2874,2025-10-16,4450.99,0.0,0.0,4450.99
2296,2875,2025-11-22,10842.05,0.0,0.0,10842.05
2297,2876,2026-04-11,10842.05,601.73,216.84,11660.62
2298,2877,2026-01-21,10842.05,0.0,0.0,10842.05
2299,2878,2026-02-22,10842.05,0.0,0.0,10842.05
2300,2880,2026-04-21,10842.05,0.0,0.0,10842.05
2301,2881,2025-11-01,5314.38,0.0,0.0,5314.38
2302,2883,2026-01-09,5314.38,0.0,0.0,5314.38
2303,2884,2026-02-08,5314.38,0.0,0.0,5314.38
2304,2886,2026-04-08,5314.38,0.0,0.0,5314.38
2305,2887,2026-05-09,5314.38,0.0,0.0,5314.38
2306,2888,2026-06-09,5314.38,0.0,0.0,5314.38
2307,2889,2026-07-08,5314.38,0.0,0.0,5314.38
2308,2890,2026-08-09,5314.38,0.0,0.0,5314.38
2309,2891,2026-11-13,5314.38,175.37,106.29,5596.04
2310,2894,2026-12-09,5314.38,0.0,0.0,5314.38
2311,2895,2027-01-09,5314.38,0.0,0.0,5314.38
2312,2897,2027-03-01,5314.38,0.0,0.0,5314.38
2313,2898,2027-04-08,5314.38,0.0,0.0,5314.38
2314,2899,2027-05-08,5314.38,0.0,0.0,5314.38
2315,2900,2027-06-09,5314.38,0.0,0.0,5314.38
2316,2901,2027-07-03,5314.38,0.0,0.0,5314.38
2317,2902,2027-08-09,5314.38,0.0,0.0,5314.38
2318,2903,2027-09-08,5314.38,0.0,0.0,5314.38
2319,2904,2027-10-09,5314.38,0.0,0.0,5314.38
2320,2906,2027-12-08,5314.38,0.0,0.0,5314.38
2321,2908,2028-02-08,5314.38,0.0,0.0,5314.38
2322,2909,2028-03-08,5314.38,0.0,0.0,5314.38
2323,2911,2028-05-08,5314.38,0.0,0.0,5314.38
2324,2912,2028-06-08,5314.38,0.0,0.0,5314.38
2325,2913,2028-07-08,5314.38,0.0,0.0,5314.38
2326,2914,2028-10-23,5314.38,201.95,106.29,5622.62
2327,2915,2028-09-08,5314.38,0.0,0.0,5314.38
2328,2917,2022-08-30,5825.24,297.09,116.5,6238.83
2329,2919,2022-07-20,5825.24,0.0,0.0,5825.24
2330,2920,2022-08-20,5825.24,0.0,0.0,5825.24
2331,2921,2022-09-20,5825.24,0.0,0.0,5825.24
2332,2922,2023-01-29,5825.24,294.17,116.5,6235.91
2333,2923,2022-11-20,5825.24,0.0,0.0,5825.24
2334,2924,2022-12-20,5825.24,0.0,0.0,5825.24
2335,2925,2023-01-21,5825.24,0.0,0.0,5825.24
2336,2926,2023-02-20,5825.24,0.0,0.0,5825.24
2337,2927,2023-03-20,5825.24,0.0,0.0,5825.24
2338,2928,2023-04-21,5825.24,0.0,0.0,5825.24
2339,2929,2023-07-28,5825.24,200.97,116.5,6142.71
2340,2930,2023-06-21,5825.24,0.0,0.0,5825.24
2341,2931,2023-07-20,5825.24,0.0,0.0,5825.24
2342,2932,2023-08-21,5825.24,0.0,0.0,5825.24
2343,2933,2023-09-20,5825.24,0.0,0.0,5825.24
2344,2934,2023-10-21,5825.24,0.0,0.0,5825.24
2345,2935,2023-11-21,5825.24,0.0,0.0,5825.24
2346,2936,2023-12-20,5825.24,0.0,0.0,5825.24
2347,2937,2024-01-15,5825.24,0.0,0.0,5825.24
2348,2938,2024-02-21,5825.24,0.0,0.0,5825.24
2349,2939,2024-03-30,5825.24,29.13,116.5,5970.87
2350,2942,2024-12-11,4161.66,16.65,83.23,4261.54
2351,2943,2025-01-03,4161.66,0.0,0.0,4161.66
2352,2945,2025-03-03,4161.66,0.0,0.0,4161.66
2353,2946,2025-04-03,4161.66,0.0,0.0,4161.66
2354,2947,2025-05-04,4161.66,0.0,0.0,4161.66
2355,2948,2025-06-03,4161.66,0.0,0.0,4161.66
2356,2949,2025-07-03,4161.66,0.0,0.0,4161.66
2357,2951,2025-09-04,4161.66,0.0,0.0,4161.66
2358,2952,2025-10-04,4161.66,0.0,0.0,4161.66
2359,2953,2021-08-16,14961.57,0.0,0.0,14961.57
2360,2954,2021-09-16,14961.57,0.0,0.0,14961.57
2361,2955,2021-10-16,14961.57,0.0,0.0,14961.57
2362,2956,2021-11-15,14961.57,0.0,0.0,14961.57
2363,2957,2021-12-15,14961.57,0.0,0.0,14961.57
2364,2958,2022-04-12,14961.57,650.83,299.23,15911.63
2365,2959,2022-02-16,14961.57,0.0,0.0,14961.57
2366,2960,2022-03-14,14961.57,0.0,0.0,14961.57
2367,2961,2022-04-15,14961.57,0.0,0.0,14961.57
2368,2962,2022-05-15,14961.57,0.0,0.0,14961.57
2369,2963,2022-08-22,14961.57,508.69,299.23,15769.49
2370,2966,2023-10-13,2601.82,93.67,52.04,2747.53
2371,2967,2023-09-03,2601.82,0.0,0.0,2601.82
2372,2968,2023-10-02,2601.82,0.0,0.0,2601.82
2373,2969,2023-11-03,2601.82,0.0,0.0,2601.82
2374,2970,2023-12-03,2601.82,0.0,0.0,2601.82
2375,2971,2024-01-02,2601.82,0.0,0.0,2601.82
2376,2974,2024-04-03,2601.82,0.0,0.0,2601.82
2377,2976,2024-07-16,2601.82,57.24,52.04,2711.1
2378,2977,2024-06-27,2601.82,0.0,0.0,2601.82
2379,2978,2024-08-03,2601.82,0.0,0.0,2601.82
2380,2979,2024-11-10,2601.82,89.76,52.04,2743.62
2381,2980,2024-10-03,2601.82,0.0,0.0,2601.82
2382,2981,2024-11-03,2601.82,0.0,0.0,2601.82
2383,2982,2024-12-03,2601.82,0.0,0.0,2601.82
2384,2983,2025-01-02,2601.82,0.0,0.0,2601.82
2385,2984,2025-02-03,2601.82,0.0,0.0,2601.82
2386,2985,2025-03-18,2601.82,20.81,52.04,2674.67
2387,2987,2025-05-02,2601.82,0.0,0.0,2601.82
2388,2988,2025-06-02,2601.82,0.0,0.0,2601.82
2389,2989,2026-07-20,3948.21,0.0,0.0,3948.21
2390,2990,2026-09-03,3948.21,29.61,78.96,4056.78
2391,2991,2026-09-20,3948.21,0.0,0.0,3948.21
2392,2992,2026-10-19,3948.21,0.0,0.0,3948.21
2393,2994,2026-12-19,3948.21,0.0,0.0,3948.21
2394,2995,2027-01-20,3948.21,0.0,0.0,3948.21
2395,2996,2027-02-19,3948.21,0.0,0.0,3948.21
2396,2997,2027-03-12,3948.21,0.0,0.0,3948.21
2397,2999,2027-05-20,3948.21,0.0,0.0,3948.21
2398,3001,2027-09-22,3948.21,128.32,78.96,4155.49
2399,3002,2027-08-23,3948.21,7.9,78.96,4035.07
2400,3003,2027-12-28,3948.21,197.41,78.96,4224.58
2401,3005,2027-11-18,3948.21,0.0,0.0,3948.21
2402,3006,2027-12-20,3948.21,0.0,0.0,3948.21
2403,3007,2025-12-17,3951.61,0.0,0.0,3951.61
2404,3008,2026-01-13,3951.61,0.0,0.0,3951.61
2405,3010,2026-03-17,3951.61,0.0,0.0,3951.61
2406,3012,2026-05-18,3951.61,0.0,0.0,3951.61
2407,3013,2026-06-15,3951.61,0.0,0.0,3951.61
2408,3014,2026-07-18,3951.61,0.0,0.0,3951.61
2409,3015,2026-08-18,3951.61,0.0,0.0,3951.61
2410,3017,2026-10-18,3951.61,0.0,0.0,3951.61
2411,3018,2027-02-12,3951.61,171.9,79.03,4202.54
2412,3019,2025-04-15,3016.36,0.0,0.0,3016.36
2413,3020,2025-07-14,3016.36,92.0,60.33,3168.69
2414,3021,2025-06-15,3016.36,0.0,0.0,3016.36
2415,3022,2025-07-07,3016.36,0.0,0.0,3016.36
2416,3023,2025-08-12,3016.36,0.0,0.0,3016.36
2417,3024,2025-09-15,3016.36,0.0,0.0,3016.36
2418,3027,2025-12-30,3016.36,24.13,60.33,3100.82
2419,3029,2026-04-28,3016.36,110.1,60.33,3186.79
2420,3030,2026-03-14,3016.36,0.0,0.0,3016.36
2421,3031,2026-04-14,3016.36,0.0,0.0,3016.36
2422,3032,2026-05-15,3016.36,0.0,0.0,3016.36
2423,3033,2026-06-15,3016.36,0.0,0.0,3016.36
2424,3034,2026-07-15,3016.36,0.0,0.0,3016.36
2425,3035,2026-08-10,3016.36,0.0,0.0,3016.36
2426,3036,2026-09-14,3016.36,0.0,0.0,3016.36
2427,3038,2026-11-14,3016.36,0.0,0.0,3016.36
2428,3039,2026-12-14,3016.36,0.0,0.0,3016.36
2429,3040,2027-01-14,3016.36,0.0,0.0,3016.36
2430,3041,2027-05-25,3016.36,150.82,60.33,3227.51
2431,3042,2027-03-15,3016.36,0.0,0.0,3016.36
2432,3043,2022-03-18,4496.38,0.0,0.0,4496.38
2433,3044,2022-04-12,4496.38,0.0,0.0,4496.38
2434,3045,2022-05-18,4496.38,0.0,0.0,4496.38
2435,3046,2022-06-12,4496.38,0.0,0.0,4496.38
2436,3047,2022-07-17,4496.38,0.0,0.0,4496.38
2437,3048,2022-10-03,4496.38,105.66,89.93,4691.97
2438,3049,2022-09-18,4496.38,0.0,0.0,4496.38
2439,3050,2022-10-17,4496.38,0.0,0.0,4496.38
2440,3051,2022-11-18,4496.38,0.0,0.0,4496.38
2441,3052,2022-12-10,4496.38,0.0,0.0,4496.38
2442,3053,2023-01-18,4496.38,0.0,0.0,4496.38
2443,3054,2023-03-06,4496.38,38.22,89.93,4624.53
2444,3055,2023-03-17,4496.38,0.0,0.0,4496.38
2445,3056,2023-08-11,4496.38,260.79,89.93,4847.1
2446,3057,2023-05-18,4496.38,0.0,0.0,4496.38
2447,3058,2023-09-20,4496.38,213.58,89.93,4799.89
2448,3059,2023-08-15,4496.38,65.2,89.93,4651.51
2449,3060,2023-08-18,4496.38,0.0,0.0,4496.38
2450,3061,2021-03-11,3513.24,0.0,0.0,3513.24
2451,3062,2021-04-11,3513.24,0.0,0.0,3513.24
2452,3063,2021-05-11,3513.24,0.0,0.0,3513.24
2453,3064,2021-06-11,3513.24,0.0,0.0,3513.24
2454,3065,2021-07-11,3513.24,0.0,0.0,3513.24
2455,3066,2021-08-11,3513.24,0.0,0.0,3513.24
2456,3067,2021-12-01,3513.24,142.29,70.26,3725.79
2457,3068,2021-10-06,3513.24,0.0,0.0,3513.24
2458,3069,2021-12-28,3513.24,82.56,70.26,3666.06
2459,3070,2021-12-12,3513.24,0.0,0.0,3513.24
2460,3071,2022-01-11,3513.24,0.0,0.0,3513.24
2461,3072,2022-04-02,3513.24,87.83,70.26,3671.33
2462,3073,2022-03-12,3513.24,0.0,0.0,3513.24
2463,3074,2022-04-27,3513.24,28.11,70.26,3611.61
2464,3076,2022-06-12,3513.24,0.0,0.0,3513.24
2465,3077,2022-07-12,3513.24,0.0,0.0,3513.24
2466,3079,2022-09-12,3513.24,0.0,0.0,3513.24
2467,3080,2022-10-12,3513.24,0.0,0.0,3513.24
2468,3083,2023-01-11,3513.24,0.0,0.0,3513.24
2469,3084,2023-02-12,3513.24,0.0,0.0,3513.24
2470,3085,2024-11-21,6552.6,0.0,0.0,6552.6
2471,3086,2025-01-03,6552.6,42.59,131.05,6726.24
2472,3087,2025-01-22,6552.6,0.0,0.0,6552.6
2473,3090,2025-04-21,6552.6,0.0,0.0,6552.6
2474,3091,2025-07-17,6552.6,186.75,131.05,6870.4
2475,3092,2025-06-22,6552.6,0.0,0.0,6552.6
2476,3093,2025-07-22,6552.6,0.0,0.0,6552.6
2477,3094,2025-08-19,6552.6,0.0,0.0,6552.6
2478,3095,2025-11-10,6552.6,163.82,131.05,6847.47
2479,3096,2025-10-21,6552.6,0.0,0.0,6552.6
2480,3097,2025-11-22,6552.6,0.0,0.0,6552.6
2481,3098,2025-12-21,6552.6,0.0,0.0,6552.6
2482,3100,2026-02-21,6552.6,0.0,0.0,6552.6
2483,3102,2026-04-21,6552.6,0.0,0.0,6552.6
2484,3103,2026-05-22,6552.6,0.0,0.0,6552.6
2485,3104,2026-06-22,6552.6,0.0,0.0,6552.6
2486,3105,2026-07-21,6552.6,0.0,0.0,6552.6
2487,3106,2026-08-22,6552.6,0.0,0.0,6552.6
2488,3107,2026-09-22,6552.6,0.0,0.0,6552.6
2489,3108,2026-10-22,6552.6,0.0,0.0,6552.6
2490,3109,2027-02-19,6552.6,294.87,131.05,6978.52
2491,3110,2026-12-22,6552.6,0.0,0.0,6552.6
2492,3111,2027-01-22,6552.6,0.0,0.0,6552.6
2493,3112,2027-02-22,6552.6,0.0,0.0,6552.6
2494,3114,2027-04-22,6552.6,0.0,0.0,6552.6
2495,3115,2027-05-22,6552.6,0.0,0.0,6552.6
2496,3116,2027-10-03,6552.6,340.74,131.05,7024.39
2497,3117,2027-07-22,6552.6,0.0,0.0,6552.6
2498,3118,2027-08-22,6552.6,0.0,0.0,6552.6
2499,3119,2027-12-17,6552.6,285.04,131.05,6968.69
2500,3120,2027-10-22,6552.6,0.0,0.0,6552.6
2501,3121,2022-10-07,3885.33,0.0,0.0,3885.33
2502,3122,2022-11-06,3885.33,0.0,0.0,3885.33
2503,3123,2022-12-05,3885.33,0.0,0.0,3885.33
2504,3126,2023-03-07,3885.33,0.0,0.0,3885.33
2505,3128,2023-08-22,3885.33,209.81,77.71,4172.85
2506,3129,2023-06-07,3885.33,0.0,0.0,3885.33
2507,3131,2023-11-26,3885.33,217.58,77.71,4180.62
2508,3132,2023-09-06,3885.33,0.0,0.0,3885.33
2509,3135,2025-12-28,4647.67,0.0,0.0,4647.67
2510,3136,2026-03-06,4647.67,88.31,92.95,4828.93
2511,3137,2026-04-02,4647.67,79.01,92.95,4819.63
2512,3138,2026-03-28,4647.67,0.0,0.0,4647.67
2513,3141,2026-06-27,4647.67,0.0,0.0,4647.67
2514,3142,2026-08-16,4647.67,46.48,92.95,4787.1
2515,3143,2026-08-25,4647.67,0.0,0.0,4647.67
2516,3144,2026-09-27,4647.67,0.0,0.0,4647.67
2517,3145,2026-10-27,4647.67,0.0,0.0,4647.67
2518,3146,2026-11-27,4647.67,0.0,0.0,4647.67
2519,3148,2027-01-28,4647.67,0.0,0.0,4647.67
2520,3149,2027-06-20,4647.67,262.59,92.95,5003.21
2521,3151,2027-06-28,4647.67,144.08,92.95,4884.7
2522,3154,2027-11-23,4647.67,276.54,92.95,5017.16
2523,3156,2027-09-26,4647.67,0.0,0.0,4647.67
2524,3157,2028-01-15,4647.67,185.91,92.95,4926.53
2525,3158,2027-11-28,4647.67,0.0,0.0,4647.67
2526,3160,2028-01-28,4647.67,0.0,0.0,4647.67
2527,3161,2028-02-26,4647.67,0.0,0.0,4647.67
2528,3162,2028-05-11,4647.67,104.57,92.95,4845.19
2529,3163,2028-04-28,4647.67,0.0,0.0,4647.67
2530,3164,2028-05-28,4647.67,0.0,0.0,4647.67
2531,3165,2028-06-28,4647.67,0.0,0.0,4647.67
2532,3166,2028-07-28,4647.67,0.0,0.0,4647.67
2533,3167,2028-08-28,4647.67,0.0,0.0,4647.67
2534,3168,2028-09-27,4647.67,0.0,0.0,4647.67
2535,3169,2021-05-21,6447.69,0.0,0.0,6447.69
2536,3170,2021-06-15,6447.69,0.0,0.0,6447.69
2537,3172,2021-10-04,6447.69,141.85,128.95,6718.49
2538,3173,2021-09-22,6447.69,0.0,0.0,6447.69
2539,3175,2022-01-27,6447.69,216.0,128.95,6792.64
2540,3178,2022-02-21,6447.69,0.0,0.0,6447.69
2541,3179,2022-05-02,6447.69,135.4,128.95,6712.04
2542,3181,2022-05-21,6447.69,0.0,0.0,6447.69
2543,3182,2022-06-22,6447.69,0.0,0.0,6447.69
2544,3184,2022-08-27,6447.69,19.34,128.95,6595.98
2545,3185,2022-10-24,6447.69,106.39,128.95,6683.03
2546,3186,2022-10-21,6447.69,0.0,0.0,6447.69
2547,3187,2022-11-21,6447.69,0.0,0.0,6447.69
2548,3188,2022-12-14,6447.69,0.0,0.0,6447.69
2549,3189,2023-01-14,6447.69,0.0,0.0,6447.69
2550,3190,2023-02-21,6447.69,0.0,0.0,6447.69
2551,3191,2023-03-22,6447.69,0.0,0.0,6447.69
2552,3192,2023-04-21,6447.69,0.0,0.0,6447.69
2553,3193,2023-12-06,4122.32,0.0,0.0,4122.32
2554,3194,2024-01-07,4122.32,0.0,0.0,4122.32
2555,3195,2024-02-06,4122.32,0.0,0.0,4122.32
2556,3196,2024-03-06,4122.32,0.0,0.0,4122.32
2557,3197,2024-04-01,4122.32,0.0,0.0,4122.32
2558,3198,2024-05-06,4122.32,0.0,0.0,4122.32
2559,3199,2024-06-03,4122.32,0.0,0.0,4122.32
2560,3200,2024-09-13,4122.32,142.22,82.45,4346.99
2561,3201,2024-11-09,4122.32,195.81,82.45,4400.58
2562,3202,2024-09-06,4122.32,0.0,0.0,4122.32
2563,3203,2024-10-25,4122.32,39.16,82.45,4243.93
2564,3204,2024-11-06,4122.32,0.0,0.0,4122.32
2565,3205,2022-09-09,2356.99,0.0,0.0,2356.99
2566,3206,2022-11-11,2356.99,40.07,47.14,2444.2
2567,3207,2022-11-09,2356.99,0.0,0.0,2356.99
2568,3208,2022-12-04,2356.99,0.0,0.0,2356.99
2569,3209,2023-01-09,2356.99,0.0,0.0,2356.99
2570,3211,2023-03-08,2356.99,0.0,0.0,2356.99
2571,3212,2023-04-08,2356.99,0.0,0.0,2356.99
2572,3213,2023-05-09,2356.99,0.0,0.0,2356.99
2573,3214,2023-06-08,2356.99,0.0,0.0,2356.99
2574,3215,2023-09-13,2356.99,78.96,47.14,2483.09
2575,3217,2023-09-08,2356.99,0.0,0.0,2356.99
2576,3220,2023-12-09,2356.99,0.0,0.0,2356.99
2577,3223,2024-03-09,2356.99,0.0,0.0,2356.99
2578,3224,2024-04-09,2356.99,0.0,0.0,2356.99
2579,3225,2024-05-08,2356.99,0.0,0.0,2356.99
2580,3226,2024-06-09,2356.99,0.0,0.0,2356.99
2581,3227,2024-07-05,2356.99,0.0,0.0,2356.99
2582,3228,2024-08-09,2356.99,0.0,0.0,2356.99
2583,3229,2024-09-24,2356.99,18.86,47.14,2422.99
2584,3232,2025-04-05,2356.99,139.06,47.14,2543.19
2585,3233,2025-03-29,2356.99,94.28,47.14,2498.41
2586,3234,2025-02-09,2356.99,0.0,0.0,2356.99
2587,3235,2025-03-08,2356.99,0.0,0.0,2356.99
2588,3236,2025-04-09,2356.99,0.0,0.0,2356.99
2589,3237,2025-06-20,2356.99,50.68,47.14,2454.81
2590,3238,2025-06-09,2356.99,0.0,0.0,2356.99
2591,3239,2025-07-09,2356.99,0.0,0.0,2356.99
2592,3240,2025-11-29,2356.99,133.17,47.14,2537.3
2593,3241,2026-01-06,1722.18,56.83,34.44,1813.45
2594,3242,2025-12-02,1722.18,0.0,0.0,1722.18
2595,3243,2026-01-01,1722.18,0.0,0.0,1722.18
2596,3244,2026-02-02,1722.18,0.0,0.0,1722.18
2597,3245,2026-03-01,1722.18,0.0,0.0,1722.18
2598,3246,2026-04-02,1722.18,0.0,0.0,1722.18
2599,3247,2026-05-01,1722.18,0.0,0.0,1722.18
2600,3248,2026-06-02,1722.18,0.0,0.0,1722.18
2601,3249,2026-07-01,1722.18,0.0,0.0,1722.18
2602,3250,2026-11-15,1722.18,91.28,34.44,1847.9
2603,3251,2026-10-18,1722.18,40.47,34.44,1797.09
2604,3253,2026-11-01,1722.18,0.0,0.0,1722.18
2605,3255,2027-02-06,1722.18,31.0,34.44,1787.62
2606,3256,2027-02-02,1722.18,0.0,0.0,1722.18
2607,3257,2027-03-01,1722.18,0.0,0.0,1722.18
2608,3258,2027-04-01,1722.18,0.0,0.0,1722.18
2609,3259,2027-05-01,1722.18,0.0,0.0,1722.18
2610,3261,2027-07-02,1722.18,0.0,0.0,1722.18
2611,3262,2027-07-31,1722.18,0.0,0.0,1722.18
2612,3263,2027-10-23,1722.18,44.78,34.44,1801.4
2613,3264,2027-10-02,1722.18,0.0,0.0,1722.18
2614,3265,2025-12-15,9951.88,0.0,0.0,9951.88
2615,3267,2026-02-14,9951.88,0.0,0.0,9951.88
2616,3269,2026-04-14,9951.88,0.0,0.0,9951.88
2617,3270,2026-05-13,9951.88,0.0,0.0,9951.88
2618,3272,2022-09-23,3133.59,0.0,0.0,3133.59
2619,3273,2022-10-22,3133.59,0.0,0.0,3133.59
2620,3274,2022-12-20,3133.59,43.87,62.67,3240.13
2621,3276,2023-01-23,3133.59,0.0,0.0,3133.59
2622,3277,2023-05-11,3133.59,122.21,62.67,3318.47
2623,3278,2023-03-22,3133.59,0.0,0.0,3133.59
2624,3279,2023-04-23,3133.59,0.0,0.0,3133.59
2625,3280,2023-05-23,3133.59,0.0,0.0,3133.59
2626,3281,2023-06-22,3133.59,0.0,0.0,3133.59
2627,3282,2023-07-23,3133.59,0.0,0.0,3133.59
2628,3283,2023-08-23,3133.59,0.0,0.0,3133.59
2629,3285,2023-10-21,3133.59,0.0,0.0,3133.59
2630,3287,2023-12-22,3133.59,0.0,0.0,3133.59
2631,3288,2024-01-22,3133.59,0.0,0.0,3133.59
2632,3290,2024-04-04,3133.59,20.37,62.67,3216.63
2633,3291,2024-04-20,3133.59,0.0,0.0,3133.59
2634,3292,2024-05-22,3133.59,0.0,0.0,3133.59
2635,3294,2024-07-23,3133.59,0.0,0.0,3133.59
2636,3295,2024-12-14,3133.59,178.61,62.67,3374.87
2637,3297,2024-10-23,3133.59,0.0,0.0,3133.59
2638,3298,2024-11-23,3133.59,0.0,0.0,3133.59
2639,3299,2024-12-22,3133.59,0.0,0.0,3133.59
2640,3301,2025-03-22,3133.59,43.87,62.67,3240.13
2641,3304,2025-05-22,3133.59,0.0,0.0,3133.59
2642,3305,2025-07-09,3133.59,26.64,62.67,3222.9
2643,3306,2025-07-22,3133.59,0.0,0.0,3133.59
2644,3308,2025-09-03,5446.89,0.0,0.0,5446.89
2645,3309,2025-10-04,5446.89,0.0,0.0,5446.89
2646,3310,2025-11-03,5446.89,0.0,0.0,5446.89
2647,3311,2026-01-07,5446.89,95.32,108.94,5651.15
2648,3312,2026-01-04,5446.89,0.0,0.0,5446.89
2649,3313,2026-01-28,5446.89,0.0,0.0,5446.89
2650,3314,2026-03-03,5446.89,0.0,0.0,5446.89
2651,3315,2026-05-19,5446.89,125.28,108.94,5681.11
2652,3316,2026-05-03,5446.89,0.0,0.0,5446.89
2653,3317,2026-06-04,5446.89,0.0,0.0,5446.89
2654,3318,2026-07-04,5446.89,0.0,0.0,5446.89
2655,3319,2026-08-03,5446.89,0.0,0.0,5446.89
2656,3320,2026-09-10,5446.89,19.06,108.94,5574.89
2657,3322,2026-10-30,5446.89,0.0,0.0,5446.89
2658,3323,2026-12-04,5446.89,0.0,0.0,5446.89
2659,3324,2027-01-04,5446.89,0.0,0.0,5446.89
2660,3325,2027-02-04,5446.89,0.0,0.0,5446.89
2661,3326,2027-03-03,5446.89,0.0,0.0,5446.89
2662,3330,2027-07-03,5446.89,0.0,0.0,5446.89
2663,3331,2027-08-03,5446.89,0.0,0.0,5446.89
2664,3332,2027-09-04,5446.89,0.0,0.0,5446.89
2665,3333,2027-10-03,5446.89,0.0,0.0,5446.89
2666,3334,2028-02-03,5446.89,250.56,108.94,5806.39
2667,3336,2028-01-18,5446.89,40.85,108.94,5596.68
2668,3337,2028-02-03,5446.89,0.0,0.0,5446.89
2669,3338,2028-02-26,5446.89,0.0,0.0,5446.89
2670,3339,2028-04-03,5446.89,0.0,0.0,5446.89
2671,3340,2028-04-30,5446.89,0.0,0.0,5446.89
2672,3341,2028-06-04,5446.89,0.0,0.0,5446.89
2673,3343,2022-12-31,3667.37,172.37,73.35,3913.09
2674,3344,2022-10-29,3667.37,0.0,0.0,3667.37
2675,3345,2022-11-29,3667.37,0.0,0.0,3667.37
2676,3346,2022-12-29,3667.37,0.0,0.0,3667.37
2677,3347,2023-04-22,3667.37,154.03,73.35,3894.75
2678,3348,2023-03-01,3667.37,0.0,0.0,3667.37
2679,3349,2023-03-28,3667.37,0.0,0.0,3667.37
2680,3350,2023-07-18,3667.37,148.53,73.35,3889.25
2681,3352,2023-06-29,3667.37,0.0,0.0,3667.37
2682,3353,2023-07-29,3667.37,0.0,0.0,3667.37
2683,3355,2023-11-08,3667.37,75.18,73.35,3815.9
2684,3356,2024-01-15,3667.37,144.86,73.35,3885.58
2685,3357,2024-01-21,3667.37,99.02,73.35,3839.74
2686,3358,2023-12-29,3667.37,0.0,0.0,3667.37
2687,3359,2024-01-25,3667.37,0.0,0.0,3667.37
2688,3360,2024-02-26,3667.37,0.0,0.0,3667.37
2689,3362,2024-08-15,3667.37,199.87,73.35,3940.59
2690,3364,2024-06-29,3667.37,0.0,0.0,3667.37
2691,3365,2024-07-29,3667.37,0.0,0.0,3667.37
2692,3366,2024-08-28,3667.37,0.0,0.0,3667.37
2693,3367,2025-01-11,1536.27,88.34,30.73,1655.34
2694,3368,2024-10-19,1536.27,0.0,0.0,1536.27
2695,3370,2024-12-19,1536.27,0.0,0.0,1536.27
2696,3371,2025-04-09,1536.27,62.22,30.73,1629.22
2697,3372,2025-02-19,1536.27,0.0,0.0,1536.27
2698,3373,2025-03-19,1536.27,0.0,0.0,1536.27
2699,3374,2025-04-18,1536.27,0.0,0.0,1536.27
2700,3379,2025-09-19,1536.27,0.0,0.0,1536.27
2701,3380,2025-10-15,1536.27,0.0,0.0,1536.27
2702,3381,2025-11-17,1536.27,0.0,0.0,1536.27
2703,3383,2026-04-09,1536.27,62.22,30.73,1629.22
2704,3384,2026-02-15,1536.27,0.0,0.0,1536.27
2705,3385,2026-07-05,1536.27,83.73,30.73,1650.73
2706,3386,2026-04-18,1536.27,0.0,0.0,1536.27
2707,3387,2026-05-18,1536.27,0.0,0.0,1536.27
2708,3388,2026-06-19,1536.27,0.0,0.0,1536.27
2709,3389,2026-07-18,1536.27,0.0,0.0,1536.27
2710,3390,2026-08-19,1536.27,0.0,0.0,1536.27
2711,3391,2023-01-04,5977.73,0.0,0.0,5977.73
2712,3393,2023-03-04,5977.73,0.0,0.0,5977.73
2713,3394,2023-04-03,5977.73,0.0,0.0,5977.73
2714,3395,2023-05-04,5977.73,0.0,0.0,5977.73
2715,3396,2023-06-04,5977.73,0.0,0.0,5977.73
2716,3397,2023-07-03,5977.73,0.0,0.0,5977.73
2717,3398,2023-08-04,5977.73,0.0,0.0,5977.73
2718,3400,2023-10-04,5977.73,0.0,0.0,5977.73
2719,3401,2023-10-30,5977.73,0.0,0.0,5977.73
2720,3402,2023-12-03,5977.73,0.0,0.0,5977.73
2721,3403,2022-09-18,19877.13,0.0,0.0,19877.13
2722,3404,2022-10-19,19877.13,0.0,0.0,19877.13
2723,3405,2022-11-29,19877.13,109.32,397.54,20383.99
2724,3407,2023-01-19,19877.13,0.0,0.0,19877.13
2725,3408,2023-02-19,19877.13,0.0,0.0,19877.13
2726,3410,2023-06-12,19877.13,546.62,397.54,20821.29
2727,3411,2023-05-18,19877.13,0.0,0.0,19877.13
2728,3412,2023-06-18,19877.13,0.0,0.0,19877.13
2729,3413,2023-07-18,19877.13,0.0,0.0,19877.13
2730,3414,2023-08-18,19877.13,0.0,0.0,19877.13
2731,3415,2025-03-12,4803.36,0.0,0.0,4803.36
2732,3416,2025-04-11,4803.36,0.0,0.0,4803.36
2733,3417,2025-05-12,4803.36,0.0,0.0,4803.36
2734,3418,2025-09-17,4803.36,235.36,96.07,5134.79
2735,3419,2025-07-11,4803.36,0.0,0.0,4803.36
2736,3420,2025-08-11,4803.36,0.0,0.0,4803.36
2737,3421,2025-12-15,4803.36,228.16,96.07,5127.59
2738,3422,2025-10-10,4803.36,0.0,0.0,4803.36
2739,3423,2026-02-25,4803.36,254.58,96.07,5154.01
2740,3426,2026-02-12,4803.36,0.0,0.0,4803.36
2741,3427,2026-03-12,4803.36,0.0,0.0,4803.36
2742,3428,2026-04-11,4803.36,0.0,0.0,4803.36
2743,3429,2026-05-19,4803.36,19.21,96.07,4918.64
2744,3430,2026-06-07,4803.36,0.0,0.0,4803.36
2745,3431,2026-07-12,4803.36,0.0,0.0,4803.36
2746,3432,2026-11-01,4803.36,196.94,96.07,5096.37
2747,3433,2026-10-22,4803.36,98.47,96.07,4997.9
2748,3434,2026-10-11,4803.36,0.0,0.0,4803.36
2749,3437,2027-02-03,4803.36,55.24,96.07,4954.67
2750,3438,2027-02-06,4803.36,0.0,0.0,4803.36
2751,3439,2022-07-13,6046.7,0.0,0.0,6046.7
2752,3440,2022-08-08,6046.7,0.0,0.0,6046.7
2753,3441,2022-09-12,6046.7,0.0,0.0,6046.7
2754,3442,2022-10-13,6046.7,0.0,0.0,6046.7
2755,3443,2022-12-28,6046.7,139.07,120.93,6306.7
2756,3444,2022-12-12,6046.7,0.0,0.0,6046.7
2757,3446,2023-02-12,6046.7,0.0,0.0,6046.7
2758,3447,2023-03-12,6046.7,0.0,0.0,6046.7
2759,3448,2023-07-02,6046.7,244.89,120.93,6412.52
2760,3449,2023-05-12,6046.7,0.0,0.0,6046.7
2761,3450,2023-06-13,6046.7,0.0,0.0,6046.7
2762,3451,2023-08-22,6046.7,123.96,120.93,6291.59
2763,3452,2023-12-06,6046.7,350.71,120.93,6518.34
2764,3453,2023-09-09,6046.7,0.0,0.0,6046.7
2765,3455,2023-11-08,6046.7,0.0,0.0,6046.7
2766,3456,2023-12-10,6046.7,0.0,0.0,6046.7
2767,3457,2024-01-13,6046.7,0.0,0.0,6046.7
2768,3459,2024-03-13,6046.7,0.0,0.0,6046.7
2769,3460,2024-04-13,6046.7,0.0,0.0,6046.7
2770,3461,2024-05-07,6046.7,0.0,0.0,6046.7
2771,3462,2024-06-13,6046.7,0.0,0.0,6046.7
2772,3463,2022-02-09,3854.76,80.95,77.1,4012.81
2773,3464,2022-01-29,3854.76,0.0,0.0,3854.76
2774,3466,2022-07-08,3854.76,194.67,77.1,4126.53
2775,3467,2022-04-29,3854.76,0.0,0.0,3854.76
2776,3468,2022-05-22,3854.76,0.0,0.0,3854.76
2777,3469,2022-07-24,3854.76,48.18,77.1,3980.04
2778,3470,2022-07-30,3854.76,0.0,0.0,3854.76
2779,3471,2022-09-16,3854.76,34.69,77.1,3966.55
2780,3472,2022-10-05,3854.76,11.56,77.1,3943.42
2781,3473,2023-02-14,3854.76,208.16,77.1,4140.02
2782,3476,2026-08-19,3078.67,0.0,0.0,3078.67
2783,3477,2026-09-18,3078.67,0.0,0.0,3078.67
2784,3478,2026-10-19,3078.67,0.0,0.0,3078.67
2785,3479,2026-11-18,3078.67,0.0,0.0,3078.67
2786,3480,2026-12-18,3078.67,0.0,0.0,3078.67
2787,3482,2027-02-19,3078.67,0.0,0.0,3078.67
2788,3483,2027-03-19,3078.67,0.0,0.0,3078.67
2789,3486,2027-06-29,3078.67,16.93,61.57,3157.17
2790,3487,2027-07-19,3078.67,0.0,0.0,3078.67
2791,3488,2027-08-18,3078.67,0.0,0.0,3078.67
2792,3490,2027-10-18,3078.67,0.0,0.0,3078.67
2793,3491,2027-12-17,3078.67,44.64,61.57,3184.88
2794,3493,2023-07-21,2192.57,0.0,0.0,2192.57
2795,3494,2023-08-21,2192.57,0.0,0.0,2192.57
2796,3495,2023-09-21,2192.57,0.0,0.0,2192.57
2797,3499,2024-01-21,2192.57,0.0,0.0,2192.57
2798,3500,2024-02-22,2192.57,0.0,0.0,2192.57
2799,3502,2024-04-19,2192.57,0.0,0.0,2192.57
2800,3503,2024-05-21,2192.57,0.0,0.0,2192.57
2801,3504,2024-06-21,2192.57,0.0,0.0,2192.57
2802,3505,2024-07-14,2192.57,0.0,0.0,2192.57
2803,3506,2024-08-21,2192.57,0.0,0.0,2192.57
2804,3507,2024-09-21,2192.57,0.0,0.0,2192.57
2805,3508,2024-10-21,2192.57,0.0,0.0,2192.57
2806,3509,2024-11-26,2192.57,5.48,43.85,2241.9
2807,3510,2025-02-01,2192.57,46.04,43.85,2282.46
2808,3511,2023-12-17,2659.91,71.82,53.2,2784.93
2809,3512,2023-11-25,2659.91,0.0,0.0,2659.91
2810,3513,2023-12-24,2659.91,0.0,0.0,2659.91
2811,3514,2024-01-25,2659.91,0.0,0.0,2659.91
2812,3515,2024-02-17,2659.91,0.0,0.0,2659.91
2813,3516,2024-03-24,2659.91,0.0,0.0,2659.91
2814,3517,2024-04-25,2659.91,0.0,0.0,2659.91
2815,3518,2024-07-25,2659.91,82.46,53.2,2795.57
2816,3519,2024-06-24,2659.91,0.0,0.0,2659.91
2817,3520,2024-07-25,2659.91,0.0,0.0,2659.91
2818,3521,2024-08-25,2659.91,0.0,0.0,2659.91
2819,3522,2024-09-18,2659.91,0.0,0.0,2659.91
2820,3523,2024-10-25,2659.91,0.0,0.0,2659.91
2821,3524,2025-03-09,2659.91,139.65,53.2,2852.76
2822,3525,2024-12-24,2659.91,0.0,0.0,2659.91
2823,3526,2025-01-25,2659.91,0.0,0.0,2659.91
2824,3527,2025-02-24,2659.91,0.0,0.0,2659.91
2825,3528,2025-06-24,2659.91,122.36,53.2,2835.47
2826,3529,2025-06-25,2659.91,82.46,53.2,2795.57
2827,3530,2025-05-23,2659.91,0.0,0.0,2659.91
2828,3531,2025-06-24,2659.91,0.0,0.0,2659.91
2829,3532,2025-07-25,2659.91,0.0,0.0,2659.91
2830,3533,2025-08-24,2659.91,0.0,0.0,2659.91
2831,3534,2025-09-24,2659.91,0.0,0.0,2659.91
2832,3535,2023-09-21,4540.28,0.0,0.0,4540.28
2833,3536,2023-10-14,4540.28,0.0,0.0,4540.28
2834,3537,2024-01-31,4540.28,161.18,90.81,4792.27
2835,3538,2024-04-09,4540.28,249.72,90.81,4880.81
2836,3540,2024-02-22,4540.28,0.0,0.0,4540.28
2837,3541,2024-03-21,4540.28,0.0,0.0,4540.28
2838,3542,2024-04-21,4540.28,0.0,0.0,4540.28
2839,3543,2024-05-21,4540.28,0.0,0.0,4540.28
2840,3544,2024-06-22,4540.28,0.0,0.0,4540.28
2841,3545,2024-09-11,4540.28,118.05,90.81,4749.14
2842,3546,2024-11-30,4540.28,229.28,90.81,4860.37
2843,3547,2024-09-22,4540.28,0.0,0.0,4540.28
2844,3548,2024-10-21,4540.28,0.0,0.0,4540.28
2845,3549,2024-11-22,4540.28,0.0,0.0,4540.28
2846,3550,2025-02-12,4540.28,120.32,90.81,4751.41
2847,3551,2025-03-23,4540.28,138.48,90.81,4769.57
2848,3553,2021-07-12,12052.5,0.0,0.0,12052.5
2849,3554,2021-08-12,12052.5,0.0,0.0,12052.5
2850,3555,2021-09-12,12052.5,0.0,0.0,12052.5
2851,3556,2021-10-12,12052.5,0.0,0.0,12052.5
2852,3558,2021-12-12,12052.5,0.0,0.0,12052.5
2853,3559,2022-05-04,12052.5,674.94,241.05,12968.49
2854,3560,2022-02-13,12052.5,0.0,0.0,12052.5
2855,3561,2022-03-06,12052.5,0.0,0.0,12052.5
2856,3562,2022-04-12,12052.5,0.0,0.0,12052.5
2857,3563,2022-08-18,12052.5,590.57,241.05,12884.12
2858,3564,2022-06-13,12052.5,0.0,0.0,12052.5
2859,3565,2022-07-13,12052.5,0.0,0.0,12052.5
2860,3566,2022-08-12,12052.5,0.0,0.0,12052.5
2861,3567,2022-09-12,12052.5,0.0,0.0,12052.5
2862,3568,2022-10-12,12052.5,0.0,0.0,12052.5
2863,3569,2023-01-17,12052.5,397.73,241.05,12691.28
2864,3570,2022-12-13,12052.5,0.0,0.0,12052.5
2865,3571,2023-01-13,12052.5,0.0,0.0,12052.5
2866,3572,2023-02-12,12052.5,0.0,0.0,12052.5
2867,3573,2023-03-12,12052.5,0.0,0.0,12052.5
2868,3575,2023-05-13,12052.5,0.0,0.0,12052.5
2869,3577,2023-04-17,5346.11,0.0,0.0,5346.11
2870,3579,2023-06-18,5346.11,0.0,0.0,5346.11
2871,3580,2023-10-06,5346.11,216.52,106.92,5669.55
2872,3581,2023-08-14,5346.11,0.0,0.0,5346.11
2873,3582,2023-09-16,5346.11,0.0,0.0,5346.11
2874,3583,2023-10-17,5346.11,0.0,0.0,5346.11
2875,3584,2023-11-17,5346.11,0.0,0.0,5346.11
2876,3585,2023-12-18,5346.11,0.0,0.0,5346.11
2877,3586,2024-02-10,5346.11,64.15,106.92,5517.18
2878,3587,2024-02-18,5346.11,0.0,0.0,5346.11
2879,3588,2024-04-21,5346.11,93.56,106.92,5546.59
2880,3589,2024-04-17,5346.11,0.0,0.0,5346.11
2881,3590,2024-05-18,5346.11,0.0,0.0,5346.11
2882,3594,2024-09-18,5346.11,0.0,0.0,5346.11
2883,3597,2025-02-23,6155.56,0.0,0.0,6155.56
2884,3598,2025-03-22,6155.56,0.0,0.0,6155.56
2885,3599,2025-04-23,6155.56,0.0,0.0,6155.56
2886,3600,2025-05-23,6155.56,0.0,0.0,6155.56
2887,3602,2025-07-22,6155.56,0.0,0.0,6155.56
2888,3603,2025-08-23,6155.56,0.0,0.0,6155.56
2889,3604,2025-09-22,6155.56,0.0,0.0,6155.56
2890,3605,2025-10-23,6155.56,0.0,0.0,6155.56
2891,3606,2025-11-23,6155.56,0.0,0.0,6155.56
2892,3607,2026-02-11,6155.56,156.97,123.11,6435.64
2893,3608,2026-01-17,6155.56,0.0,0.0,6155.56
2894,3610,2026-03-23,6155.56,0.0,0.0,6155.56
2895,3611,2026-05-18,6155.56,80.02,123.11,6358.69
2896,3613,2026-06-22,6155.56,0.0,0.0,6155.56
2897,3614,2026-07-22,6155.56,0.0,0.0,6155.56
2898,3615,2026-08-22,6155.56,0.0,0.0,6155.56
2899,3617,2027-01-22,6155.56,283.16,123.11,6561.83
2900,3618,2026-11-23,6155.56,0.0,0.0,6155.56
2901,3619,2022-11-11,26842.17,0.0,0.0,26842.17
2902,3621,2023-01-11,26842.17,0.0,0.0,26842.17
2903,3623,2023-03-11,26842.17,0.0,0.0,26842.17
2904,3624,2023-04-11,26842.17,0.0,0.0,26842.17
2905,3627,2025-09-08,2457.24,104.43,49.14,2610.81
2906,3628,2025-07-13,2457.24,0.0,0.0,2457.24
2907,3629,2025-08-13,2457.24,0.0,0.0,2457.24
2908,3630,2025-09-15,2457.24,0.0,0.0,2457.24
2909,3632,2025-11-16,2457.24,0.0,0.0,2457.24
2910,3633,2025-12-15,2457.24,0.0,0.0,2457.24
2911,3634,2026-01-16,2457.24,0.0,0.0,2457.24
2912,3635,2026-02-16,2457.24,0.0,0.0,2457.24
2913,3638,2026-09-04,2457.24,137.61,49.14,2643.99
2914,3640,2026-08-10,2457.24,31.94,49.14,2538.32
2915,3641,2026-08-15,2457.24,0.0,0.0,2457.24
2916,3642,2026-09-15,2457.24,0.0,0.0,2457.24
2917,3643,2026-10-15,2457.24,0.0,0.0,2457.24
2918,3644,2026-11-08,2457.24,0.0,0.0,2457.24
2919,3645,2027-01-31,2457.24,57.75,49.14,2564.13
2920,3646,2027-01-16,2457.24,0.0,0.0,2457.24
2921,3647,2027-02-16,2457.24,0.0,0.0,2457.24
2922,3648,2027-03-15,2457.24,0.0,0.0,2457.24
2923,3649,2027-04-16,2457.24,0.0,0.0,2457.24
2924,3650,2027-05-16,2457.24,0.0,0.0,2457.24
2925,3652,2027-07-15,2457.24,0.0,0.0,2457.24
2926,3653,2027-08-30,2457.24,18.43,49.14,2524.81
2927,3656,2027-12-09,2457.24,29.49,49.14,2535.87
2928,3657,2028-03-15,2457.24,111.8,49.14,2618.18
2929,3658,2028-01-15,2457.24,0.0,0.0,2457.24
2930,3659,2028-02-15,2457.24,0.0,0.0,2457.24
2931,3660,2028-03-16,2457.24,0.0,0.0,2457.24
2932,3661,2022-02-22,2665.59,0.0,0.0,2665.59
2933,3662,2022-03-23,2665.59,0.0,0.0,2665.59
2934,3663,2022-04-17,2665.59,0.0,0.0,2665.59
2935,3664,2022-08-16,2665.59,114.62,53.31,2833.52
2936,3667,2022-08-22,2665.59,0.0,0.0,2665.59
2937,3668,2022-09-23,2665.59,0.0,0.0,2665.59
2938,3669,2022-10-28,2665.59,8.0,53.31,2726.9
2939,3670,2022-11-23,2665.59,0.0,0.0,2665.59
2940,3671,2022-12-22,2665.59,0.0,0.0,2665.59
2941,3672,2023-05-13,2665.59,147.94,53.31,2866.84
2942,3673,2026-04-27,15917.48,0.0,0.0,15917.48
2943,3676,2026-10-04,15917.48,525.28,318.35,16761.11
2944,3677,2026-08-30,15917.48,0.0,0.0,15917.48
2945,3678,2026-12-27,15917.48,700.37,318.35,16936.2
2946,3679,2026-10-31,15917.48,0.0,0.0,15917.48
2947,3680,2027-01-26,15917.48,453.65,318.35,16689.48
2948,3681,2026-12-30,15917.48,0.0,0.0,15917.48
2949,3682,2027-01-31,15917.48,0.0,0.0,15917.48
2950,3684,2027-03-31,15917.48,0.0,0.0,15917.48
2951,3686,2024-05-23,8486.36,0.0,0.0,8486.36
2952,3687,2024-08-19,8486.36,246.1,169.73,8902.19
2953,3688,2024-10-22,8486.36,390.37,169.73,9046.46
2954,3689,2024-11-22,8486.36,390.37,169.73,9046.46
2955,3690,2025-01-11,8486.36,470.99,169.73,9127.08
2956,3691,2024-10-22,8486.36,0.0,0.0,8486.36
2957,3692,2024-11-22,8486.36,0.0,0.0,8486.36
2958,3693,2024-12-23,8486.36,0.0,0.0,8486.36
2959,3694,2025-01-25,8486.36,12.73,169.73,8668.82
2960,3695,2025-02-23,8486.36,0.0,0.0,8486.36
2961,3696,2025-03-22,8486.36,0.0,0.0,8486.36
2962,3697,2025-04-22,8486.36,0.0,0.0,8486.36
2963,3699,2025-09-21,8486.36,386.13,169.73,9042.22
2964,3700,2025-07-23,8486.36,0.0,0.0,8486.36
2965,3701,2025-08-22,8486.36,0.0,0.0,8486.36
2966,3702,2025-12-09,8486.36,330.97,169.73,8987.06
2967,3703,2025-10-23,8486.36,0.0,0.0,8486.36
2968,3704,2025-11-23,8486.36,0.0,0.0,8486.36
2969,3705,2025-12-22,8486.36,0.0,0.0,8486.36
2970,3706,2026-01-22,8486.36,0.0,0.0,8486.36
2971,3708,2026-03-23,8486.36,0.0,0.0,8486.36
2972,3709,2024-01-23,1721.49,0.0,0.0,1721.49
2973,3712,2024-07-26,1721.49,81.77,34.43,1837.69
2974,3714,2024-06-22,1721.49,0.0,0.0,1721.49
2975,3715,2024-07-22,1721.49,0.0,0.0,1721.49
2976,3716,2024-08-23,1721.49,0.0,0.0,1721.49
2977,3717,2024-09-18,1721.49,0.0,0.0,1721.49
2978,3718,2025-02-16,1721.49,100.71,34.43,1856.63
2979,3719,2024-11-22,1721.49,0.0,0.0,1721.49
2980,3720,2025-03-24,1721.49,79.19,34.43,1835.11
2981,3721,2025-01-28,1721.49,5.16,34.43,1761.08
2982,3722,2025-02-22,1721.49,0.0,0.0,1721.49
2983,3723,2025-03-22,1721.49,0.0,0.0,1721.49
2984,3724,2025-04-22,1721.49,0.0,0.0,1721.49
2985,3725,2025-05-23,1721.49,0.0,0.0,1721.49
2986,3726,2025-06-22,1721.49,0.0,0.0,1721.49
2987,3727,2021-07-01,9317.14,0.0,0.0,9317.14
2988,3728,2021-07-28,9317.14,0.0,0.0,9317.14
2989,3729,2021-09-01,9317.14,0.0,0.0,9317.14
2990,3730,2022-01-02,9317.14,433.25,186.34,9936.73
2991,3731,2021-12-26,9317.14,256.22,186.34,9759.7
2992,3732,2021-12-01,9317.14,0.0,0.0,9317.14
2993,3733,2022-01-01,9317.14,0.0,0.0,9317.14
2994,3734,2022-04-23,9317.14,377.34,186.34,9880.82
2995,3735,2022-06-10,9317.14,470.52,186.34,9974.0
2996,3736,2022-04-02,9317.14,0.0,0.0,9317.14
2997,3737,2022-06-21,9317.14,237.59,186.34,9741.07
2998,3739,2023-01-16,5852.66,96.57,117.05,6066.28
2999,3740,2023-01-14,5852.66,0.0,0.0,5852.66
3000,3741,2023-02-14,5852.66,0.0,0.0,5852.66
3001,3742,2023-03-14,5852.66,0.0,0.0,5852.66
3002,3743,2023-04-14,5852.66,0.0,0.0,5852.66
3003,3744,2023-05-15,5852.66,0.0,0.0,5852.66
3004,3746,2023-07-14,5852.66,0.0,0.0,5852.66
3005,3747,2023-09-27,5852.66,128.76,117.05,6098.47
3006,3748,2023-12-28,5852.66,307.26,117.05,6276.97
3007,3750,2023-11-15,5852.66,0.0,0.0,5852.66
3008,3751,2024-04-06,5852.66,333.6,117.05,6303.31
3009,3752,2024-03-02,5852.66,140.46,117.05,6110.17
3010,3754,2024-03-14,5852.66,0.0,0.0,5852.66
3011,3755,2024-04-15,5852.66,0.0,0.0,5852.66
3012,3756,2024-07-09,5852.66,163.87,117.05,6133.58
3013,3758,2024-07-14,5852.66,0.0,0.0,5852.66
3014,3759,2024-09-24,5852.66,119.98,117.05,6089.69
3015,3761,2024-10-14,5852.66,0.0,0.0,5852.66
3016,3762,2024-11-15,5852.66,0.0,0.0,5852.66
3017,3763,2025-06-06,25641.37,0.0,0.0,25641.37
3018,3764,2025-07-09,25641.37,0.0,0.0,25641.37
3019,3765,2025-08-09,25641.37,0.0,0.0,25641.37
3020,3766,2025-09-09,25641.37,0.0,0.0,25641.37
3021,3767,2025-11-23,25641.37,576.93,512.83,26731.13
3022,3768,2025-11-10,25641.37,0.0,0.0,25641.37
3023,3769,2023-06-23,10933.99,0.0,0.0,10933.99
3024,3770,2023-07-23,10933.99,0.0,0.0,10933.99
3025,3771,2023-11-13,10933.99,448.29,218.68,11600.96
3026,3772,2023-10-04,10933.99,60.14,218.68,11212.81
3027,3773,2023-10-23,10933.99,0.0,0.0,10933.99
3028,3774,2023-11-24,10933.99,0.0,0.0,10933.99
3029,3775,2023-12-24,10933.99,0.0,0.0,10933.99
3030,3776,2024-01-23,10933.99,0.0,0.0,10933.99
3031,3777,2024-02-23,10933.99,0.0,0.0,10933.99
3032,3778,2024-03-23,10933.99,0.0,0.0,10933.99
3033,3780,2024-05-18,10933.99,0.0,0.0,10933.99
3034,3781,2024-06-23,10933.99,0.0,0.0,10933.99
3035,3782,2024-10-16,10933.99,464.69,218.68,11617.36
3036,3783,2024-08-23,10933.99,0.0,0.0,10933.99
3037,3784,2024-09-23,10933.99,0.0,0.0,10933.99
3038,3785,2024-10-24,10933.99,0.0,0.0,10933.99
3039,3786,2024-11-24,10933.99,0.0,0.0,10933.99
3040,3787,2025-09-09,2390.36,29.88,47.81,2468.05
3041,3788,2025-09-16,2390.36,0.0,0.0,2390.36
3042,3789,2025-10-15,2390.36,0.0,0.0,2390.36
3043,3790,2025-11-15,2390.36,0.0,0.0,2390.36
3044,3791,2025-12-15,2390.36,0.0,0.0,2390.36
3045,3793,2026-02-15,2390.36,0.0,0.0,2390.36
3046,3796,2026-05-16,2390.36,0.0,0.0,2390.36
3047,3798,2026-07-15,2390.36,0.0,0.0,2390.36
3048,3800,2026-12-30,2390.36,126.69,47.81,2564.86
3049,3801,2026-10-15,2390.36,0.0,0.0,2390.36
3050,3802,2026-11-16,2390.36,0.0,0.0,2390.36
3051,3803,2026-12-13,2390.36,0.0,0.0,2390.36
3052,3806,2027-03-16,2390.36,0.0,0.0,2390.36
3053,3807,2027-04-15,2390.36,0.0,0.0,2390.36
3054,3808,2027-06-03,2390.36,22.71,47.81,2460.88
3055,3809,2027-06-15,2390.36,0.0,0.0,2390.36
3056,3810,2027-07-12,2390.36,0.0,0.0,2390.36
3057,3811,2027-08-15,2390.36,0.0,0.0,2390.36
3058,3812,2027-11-24,2390.36,83.66,47.81,2521.83
3059,3813,2027-10-15,2390.36,0.0,0.0,2390.36
3060,3816,2028-01-15,2390.36,0.0,0.0,2390.36
3061,3818,2028-03-15,2390.36,0.0,0.0,2390.36
3062,3820,2028-05-15,2390.36,0.0,0.0,2390.36
3063,3821,2028-06-16,2390.36,0.0,0.0,2390.36
3064,3822,2028-07-16,2390.36,0.0,0.0,2390.36
3065,3823,2023-01-31,2493.31,0.0,0.0,2493.31
3066,3825,2023-04-24,2493.31,31.17,49.87,2574.35
3067,3826,2023-04-30,2493.31,0.0,0.0,2493.31
3068,3827,2023-05-30,2493.31,0.0,0.0,2493.31
3069,3828,2023-07-01,2493.31,0.0,0.0,2493.31
3070,3829,2023-07-31,2493.31,0.0,0.0,2493.31
3071,3830,2023-08-29,2493.31,0.0,0.0,2493.31
3072,3831,2023-10-01,2493.31,0.0,0.0,2493.31
3073,3832,2023-10-31,2493.31,0.0,0.0,2493.31
3074,3834,2023-12-31,2493.31,0.0,0.0,2493.31
3075,3835,2024-03-20,2493.31,62.33,49.87,2605.51
3076,3836,2024-03-01,2493.31,0.0,0.0,2493.31
3077,3837,2024-05-22,2493.31,66.07,49.87,2609.25
3078,3838,2024-05-01,2493.31,0.0,0.0,2493.31
3079,3839,2024-05-31,2493.31,0.0,0.0,2493.31
3080,3840,2024-06-25,2493.31,0.0,0.0,2493.31
3081,3841,2024-07-31,2493.31,0.0,0.0,2493.31
3082,3842,2024-08-30,2493.31,0.0,0.0,2493.31
3083,3843,2024-09-30,2493.31,0.0,0.0,2493.31
3084,3844,2024-10-31,2493.31,0.0,0.0,2493.31
3085,3845,2025-01-01,2493.31,39.89,49.87,2583.07
3086,3846,2025-04-01,2493.31,114.69,49.87,2657.87
3087,3847,2026-04-30,3492.52,0.0,0.0,3492.52
3088,3848,2026-05-31,3492.52,0.0,0.0,3492.52
3089,3849,2026-06-29,3492.52,0.0,0.0,3492.52
3090,3852,2027-01-08,3492.52,174.63,69.85,3737.0
3091,3853,2026-11-19,3492.52,34.93,69.85,3597.3
3092,3854,2026-12-01,3492.52,0.0,0.0,3492.52
3093,3855,2026-12-31,3492.52,0.0,0.0,3492.52
3094,3858,2027-04-21,3492.52,38.42,69.85,3600.79
3095,3860,2027-09-14,3492.52,186.85,69.85,3749.22
3096,3862,2027-07-30,3492.52,0.0,0.0,3492.52
3097,3863,2027-08-31,3492.52,0.0,0.0,3492.52
3098,3864,2027-09-24,3492.52,0.0,0.0,3492.52
3099,3865,2021-10-28,4785.43,0.0,0.0,4785.43
3100,3867,2021-12-28,4785.43,0.0,0.0,4785.43
3101,3868,2022-01-30,4785.43,0.0,0.0,4785.43
3102,3873,2022-07-09,4785.43,21.53,95.71,4902.67
3103,3874,2022-08-09,4785.43,23.93,95.71,4905.07
3104,3875,2022-08-30,4785.43,0.0,0.0,4785.43
3105,3876,2022-09-30,4785.43,0.0,0.0,4785.43
3106,3877,2023-02-13,4785.43,253.63,95.71,5134.77
3107,3878,2022-11-30,4785.43,0.0,0.0,4785.43
3108,3879,2023-01-25,4785.43,62.21,95.71,4943.35
3109,3880,2023-01-30,4785.43,0.0,0.0,4785.43
3110,3881,2023-03-01,4785.43,0.0,0.0,4785.43
3111,3882,2023-03-31,4785.43,0.0,0.0,4785.43
3112,3883,2025-12-26,4519.75,0.0,0.0,4519.75
3113,3885,2026-02-26,4519.75,0.0,0.0,4519.75
3114,3886,2026-03-26,4519.75,0.0,0.0,4519.75
3115,3887,2026-04-27,4519.75,0.0,0.0,4519.75
3116,3888,2026-05-26,4519.75,0.0,0.0,4519.75
3117,3889,2026-06-27,4519.75,0.0,0.0,4519.75
3118,3890,2026-07-25,4519.75,0.0,0.0,4519.75
3119,3891,2026-08-27,4519.75,0.0,0.0,4519.75
3120,3893,2026-10-26,4519.75,0.0,0.0,4519.75
3121,3894,2026-12-28,4519.75,72.32,90.39,4682.46
3122,3895,2026-12-27,4519.75,0.0,0.0,4519.75
3123,3896,2027-01-26,4519.75,0.0,0.0,4519.75
3124,3897,2027-02-23,4519.75,0.0,0.0,4519.75
3125,3898,2027-03-27,4519.75,0.0,0.0,4519.75
3126,3900,2027-05-26,4519.75,0.0,0.0,4519.75
3127,3901,2027-06-29,4519.75,6.78,90.39,4616.92
3128,3902,2027-07-24,4519.75,0.0,0.0,4519.75
3129,3903,2027-08-26,4519.75,0.0,0.0,4519.75
3130,3904,2027-09-27,4519.75,0.0,0.0,4519.75
3131,3905,2027-12-13,4519.75,108.47,90.39,4718.61
3132,3906,2028-01-19,4519.75,122.03,90.39,4732.17
3133,3907,2027-12-20,4519.75,0.0,0.0,4519.75
3134,3908,2028-01-27,4519.75,0.0,0.0,4519.75
3135,3909,2028-02-26,4519.75,0.0,0.0,4519.75
3136,3911,2028-04-26,4519.75,0.0,0.0,4519.75
3137,3912,2028-06-21,4519.75,58.76,90.39,4668.9
3138,3913,2028-08-28,4519.75,142.37,90.39,4752.51
3139,3914,2028-07-27,4519.75,0.0,0.0,4519.75
3140,3915,2028-08-27,4519.75,0.0,0.0,4519.75
3141,3916,2028-09-25,4519.75,0.0,0.0,4519.75
3142,3917,2028-10-26,4519.75,0.0,0.0,4519.75
3143,3918,2028-11-27,4519.75,0.0,0.0,4519.75
3144,3919,2021-08-07,2304.96,0.0,0.0,2304.96
3145,3920,2021-09-06,2304.96,0.0,0.0,2304.96
3146,3922,2021-11-17,2304.96,12.68,46.1,2363.74
3147,3923,2022-02-08,2304.96,73.76,46.1,2424.82
3148,3925,2022-02-07,2304.96,0.0,0.0,2304.96
3149,3926,2022-03-06,2304.96,0.0,0.0,2304.96
3150,3927,2022-07-14,2304.96,114.1,46.1,2465.16
3151,3928,2022-05-06,2304.96,0.0,0.0,2304.96
3152,3929,2022-09-02,2304.96,101.42,46.1,2452.48
3153,3931,2022-08-07,2304.96,0.0,0.0,2304.96
3154,3932,2022-09-06,2304.96,0.0,0.0,2304.96
3155,3934,2022-11-07,2304.96,0.0,0.0,2304.96
3156,3936,2023-01-07,2304.96,0.0,0.0,2304.96
3157,3937,2023-02-06,2304.96,0.0,0.0,2304.96
3158,3939,2023-04-07,2304.96,0.0,0.0,2304.96
3159,3940,2023-05-06,2304.96,0.0,0.0,2304.96
3160,3941,2023-06-03,2304.96,0.0,0.0,2304.96
3161,3942,2023-07-06,2304.96,0.0,0.0,2304.96
3162,3944,2023-11-04,2304.96,68.0,46.1,2419.06
3163,3945,2023-10-06,2304.96,0.0,0.0,2304.96
3164,3946,2023-11-07,2304.96,0.0,0.0,2304.96
3165,3950,2024-03-06,2304.96,0.0,0.0,2304.96
3166,3952,2024-05-06,2304.96,0.0,0.0,2304.96
3167,3953,2024-06-06,2304.96,0.0,0.0,2304.96
3168,3954,2024-07-07,2304.96,0.0,0.0,2304.96
3169,3955,2022-03-05,9020.17,0.0,0.0,9020.17
3170,3956,2022-07-23,9020.17,496.11,180.4,9696.68
3171,3959,2022-07-05,9020.17,0.0,0.0,9020.17
3172,3960,2022-12-01,9020.17,536.7,180.4,9737.27
3173,3961,2022-09-05,9020.17,0.0,0.0,9020.17
3174,3962,2022-10-04,9020.17,0.0,0.0,9020.17
3175,3963,2022-11-05,9020.17,0.0,0.0,9020.17
3176,3964,2022-12-05,9020.17,0.0,0.0,9020.17
3177,3965,2023-01-05,9020.17,0.0,0.0,9020.17
3178,3966,2023-05-17,9020.17,460.03,180.4,9660.6
3179,3967,2026-03-04,2260.76,0.0,0.0,2260.76
3180,3969,2026-05-05,2260.76,0.0,0.0,2260.76
3181,3970,2026-07-30,2260.76,63.3,45.22,2369.28
3182,3971,2026-08-13,2260.76,45.22,45.22,2351.2
3183,3972,2026-08-05,2260.76,0.0,0.0,2260.76
3184,3973,2026-09-05,2260.76,0.0,0.0,2260.76
3185,3974,2026-09-28,2260.76,0.0,0.0,2260.76
3186,3975,2026-11-04,2260.76,0.0,0.0,2260.76
3187,3976,2026-12-05,2260.76,0.0,0.0,2260.76
3188,3978,2027-02-04,2260.76,0.0,0.0,2260.76
3189,3979,2027-03-05,2260.76,0.0,0.0,2260.76
3190,3980,2027-05-14,2260.76,45.22,45.22,2351.2
3191,3981,2027-05-05,2260.76,0.0,0.0,2260.76
3192,3983,2027-08-31,2260.76,65.56,45.22,2371.54
3193,3984,2027-10-07,2260.76,72.34,45.22,2378.32
3194,3986,2027-10-04,2260.76,0.0,0.0,2260.76
3195,3987,2027-11-04,2260.76,0.0,0.0,2260.76
3196,3989,2028-01-05,2260.76,0.0,0.0,2260.76
3197,3990,2028-02-04,2260.76,0.0,0.0,2260.76
3198,3992,2026-07-24,5444.11,0.0,0.0,5444.11
3199,3993,2026-11-22,5444.11,247.71,108.88,5800.7
3200,3994,2026-09-23,5444.11,0.0,0.0,5444.11
3201,3996,2026-11-24,5444.11,0.0,0.0,5444.11
3202,4000,2027-03-23,5444.11,0.0,0.0,5444.11
3203,4002,2027-05-23,5444.11,0.0,0.0,5444.11
3204,4003,2027-06-23,5444.11,0.0,0.0,5444.11
3205,4004,2027-07-21,5444.11,0.0,0.0,5444.11
3206,4005,2027-10-17,5444.11,149.71,108.88,5702.7
3207,4007,2027-10-23,5444.11,0.0,0.0,5444.11
3208,4008,2027-11-19,5444.11,0.0,0.0,5444.11
3209,4009,2027-12-23,5444.11,0.0,0.0,5444.11
3210,4010,2028-01-24,5444.11,0.0,0.0,5444.11
3211,4011,2028-02-19,5444.11,0.0,0.0,5444.11
3212,4012,2028-03-23,5444.11,0.0,0.0,5444.11
3213,4013,2028-04-23,5444.11,0.0,0.0,5444.11
3214,4014,2028-05-24,5444.11,0.0,0.0,5444.11
3215,4015,2025-11-26,3983.83,0.0,0.0,3983.83
3216,4017,2026-01-27,3983.83,0.0,0.0,3983.83
3217,4018,2026-06-11,3983.83,209.15,79.68,4272.66
3218,4019,2026-03-27,3983.83,0.0,0.0,3983.83
3219,4020,2026-04-27,3983.83,0.0,0.0,3983.83
3220,4021,2026-05-26,3983.83,0.0,0.0,3983.83
3221,4022,2026-06-27,3983.83,0.0,0.0,3983.83
3222,4025,2026-10-03,3983.83,13.94,79.68,4077.45
3223,4026,2026-11-29,3983.83,67.73,79.68,4131.24
3224,4028,2026-01-16,896.3,0.0,0.0,896.3
3225,4029,2026-02-15,896.3,0.0,0.0,896.3
3226,4031,2026-04-15,896.3,0.0,0.0,896.3
3227,4032,2026-09-03,896.3,49.74,17.93,963.97
3228,4033,2026-06-15,896.3,0.0,0.0,896.3
3229,4034,2026-10-15,896.3,41.23,17.93,955.46
3230,4035,2026-08-15,896.3,0.0,0.0,896.3
3231,4036,2026-09-15,896.3,0.0,0.0,896.3
3232,4037,2026-11-12,896.3,12.55,17.93,926.78
3233,4038,2026-11-16,896.3,0.0,0.0,896.3
3234,4039,2026-12-16,896.3,0.0,0.0,896.3
3235,4040,2027-01-16,896.3,0.0,0.0,896.3
3236,4041,2027-04-28,896.3,32.27,17.93,946.5
3237,4042,2027-06-22,896.3,44.37,17.93,958.6
3238,4044,2027-05-14,896.3,0.0,0.0,896.3
3239,4045,2027-06-15,896.3,0.0,0.0,896.3
3240,4046,2027-07-15,896.3,0.0,0.0,896.3
3241,4047,2027-08-15,896.3,0.0,0.0,896.3
3242,4048,2027-09-16,896.3,0.0,0.0,896.3
3243,4049,2027-10-16,896.3,0.0,0.0,896.3
3244,4051,2027-12-15,896.3,0.0,0.0,896.3
3245,4053,2028-02-11,896.3,0.0,0.0,896.3
3246,4054,2028-03-15,896.3,0.0,0.0,896.3
3247,4056,2028-05-13,896.3,0.0,0.0,896.3
3248,4057,2028-06-16,896.3,0.0,0.0,896.3
3249,4058,2028-07-16,896.3,0.0,0.0,896.3
3250,4060,2028-09-16,896.3,0.0,0.0,896.3
3251,4061,2028-11-12,896.3,12.55,17.93,926.78
3252,4062,2028-11-16,896.3,0.0,0.0,896.3
3253,4063,2025-02-02,4290.63,0.0,0.0,4290.63
3254,4064,2025-03-01,4290.63,0.0,0.0,4290.63
3255,4065,2025-04-18,4290.63,36.47,85.81,4412.91
3256,4066,2025-07-13,4290.63,156.61,85.81,4533.05
3257,4067,2025-06-01,4290.63,0.0,0.0,4290.63
3258,4068,2025-10-06,4290.63,208.1,85.81,4584.54
3259,4069,2025-08-01,4290.63,0.0,0.0,4290.63
3260,4071,2025-10-02,4290.63,0.0,0.0,4290.63
3261,4073,2026-01-22,4290.63,111.56,85.81,4488.0
3262,4075,2022-01-05,7700.14,0.0,0.0,7700.14
3263,4076,2022-02-09,7700.14,0.0,0.0,7700.14
3264,4077,2022-03-09,7700.14,0.0,0.0,7700.14
3265,4078,2022-07-29,7700.14,427.36,154.0,8281.5
3266,4079,2022-07-12,7700.14,246.4,154.0,8100.54
3267,4080,2022-06-10,7700.14,0.0,0.0,7700.14
3268,4081,2022-10-10,7700.14,358.06,154.0,8212.2
3269,4082,2022-08-06,7700.14,0.0,0.0,7700.14
3270,4084,2022-10-09,7700.14,0.0,0.0,7700.14
3271,4086,2022-12-09,7700.14,0.0,0.0,7700.14
3272,4087,2026-01-25,14631.32,0.0,0.0,14631.32
3273,4088,2026-02-24,14631.32,0.0,0.0,14631.32
3274,4090,2026-05-01,14631.32,51.21,292.63,14975.16
3275,4094,2026-10-03,14631.32,292.63,292.63,15216.58
3276,4095,2026-11-13,14631.32,365.78,292.63,15289.73
3277,4096,2026-10-24,14631.32,0.0,0.0,14631.32
3278,4097,2026-11-24,14631.32,0.0,0.0,14631.32
3279,4098,2026-12-25,14631.32,0.0,0.0,14631.32
3280,4099,2023-09-07,3915.52,0.0,0.0,3915.52
3281,4100,2023-10-09,3915.52,0.0,0.0,3915.52
3282,4102,2023-12-09,3915.52,0.0,0.0,3915.52
3283,4103,2024-01-08,3915.52,0.0,0.0,3915.52
3284,4104,2024-02-08,3915.52,0.0,0.0,3915.52
3285,4106,2024-06-25,3915.52,152.71,78.31,4146.54
3286,4109,2024-08-02,3915.52,48.94,78.31,4042.77
3287,4110,2024-08-22,3915.52,27.41,78.31,4021.24
3288,4112,2024-10-08,3915.52,0.0,0.0,3915.52
3289,4113,2024-11-19,3915.52,21.54,78.31,4015.37
3290,4114,2024-12-09,3915.52,0.0,0.0,3915.52
3291,4115,2025-01-08,3915.52,0.0,0.0,3915.52
3292,4116,2025-02-09,3915.52,0.0,0.0,3915.52
3293,4117,2025-03-29,3915.52,41.11,78.31,4034.94
3294,4118,2025-04-08,3915.52,0.0,0.0,3915.52
3295,4119,2025-05-12,3915.52,7.83,78.31,4001.66
3296,4120,2025-06-02,3915.52,0.0,0.0,3915.52
3297,4121,2025-07-09,3915.52,0.0,0.0,3915.52
3298,4122,2025-08-08,3915.52,0.0,0.0,3915.52
3299,4123,2024-06-09,21055.85,0.0,0.0,21055.85
3300,4124,2024-07-14,21055.85,0.0,0.0,21055.85
3301,4125,2024-08-14,21055.85,0.0,0.0,21055.85
3302,4126,2024-09-14,21055.85,0.0,0.0,21055.85
3303,4129,2022-07-09,13769.98,364.9,275.4,14410.28
3304,4130,2022-06-18,13769.98,0.0,0.0,13769.98
3305,4131,2022-07-18,13769.98,0.0,0.0,13769.98
3306,4132,2022-08-17,13769.98,0.0,0.0,13769.98
3307,4133,2022-09-16,13769.98,0.0,0.0,13769.98
3308,4134,2022-10-17,13769.98,0.0,0.0,13769.98
3309,4135,2021-09-27,11430.94,0.0,0.0,11430.94
3310,4136,2021-11-04,11430.94,0.0,0.0,11430.94
3311,4137,2022-01-12,11430.94,222.9,228.62,11882.46
3312,4138,2022-01-05,11430.94,0.0,0.0,11430.94
3313,4139,2022-02-04,11430.94,0.0,0.0,11430.94
3314,4141,2022-04-04,11430.94,0.0,0.0,11430.94
3315,4142,2022-05-04,11430.94,0.0,0.0,11430.94
3316,4143,2022-06-05,11430.94,0.0,0.0,11430.94
3317,4144,2022-09-28,11430.94,491.53,228.62,12151.09
3318,4146,2022-09-04,11430.94,0.0,0.0,11430.94
3319,4148,2021-10-21,1716.54,0.0,0.0,1716.54
3320,4149,2021-11-24,1716.54,2.57,34.33,1753.44
3321,4150,2021-12-21,1716.54,0.0,0.0,1716.54
3322,4153,2022-03-22,1716.54,0.0,0.0,1716.54
3323,4154,2022-07-12,1716.54,70.38,34.33,1821.25
3324,4155,2022-05-19,1716.54,0.0,0.0,1716.54
3325,4157,2022-10-25,1716.54,82.39,34.33,1833.26
3326,4158,2022-10-26,1716.54,56.65,34.33,1807.52
3327,4159,2022-09-21,1716.54,0.0,0.0,1716.54
3328,4160,2022-10-22,1716.54,0.0,0.0,1716.54
3329,4161,2022-11-21,1716.54,0.0,0.0,1716.54
3330,4162,2023-02-03,1716.54,37.76,34.33,1788.63
3331,4163,2023-02-20,1716.54,25.75,34.33,1776.62
3332,4164,2023-02-21,1716.54,0.0,0.0,1716.54
3333,4165,2023-03-18,1716.54,0.0,0.0,1716.54
3334,4166,2023-04-18,1716.54,0.0,0.0,1716.54
3335,4167,2023-05-21,1716.54,0.0,0.0,1716.54
3336,4168,2023-06-21,1716.54,0.0,0.0,1716.54
3337,4170,2023-08-22,1716.54,0.0,0.0,1716.54
3338,4171,2026-01-07,8521.83,0.0,0.0,8521.83
3339,4172,2026-02-06,8521.83,0.0,0.0,8521.83
3340,4173,2026-03-06,8521.83,0.0,0.0,8521.83
3341,4176,2026-06-06,8521.83,0.0,0.0,8521.83
3342,4177,2026-07-05,8521.83,0.0,0.0,8521.83
3343,4178,2026-10-06,8521.83,259.92,170.44,8952.19
3344,4180,2026-10-06,8521.83,0.0,0.0,8521.83
3345,4181,2026-11-06,8521.83,0.0,0.0,8521.83
3346,4182,2026-12-06,8521.83,0.0,0.0,8521.83
3347,4183,2025-11-16,17551.4,0.0,0.0,17551.4
3348,4184,2025-12-16,17551.4,0.0,0.0,17551.4
3349,4185,2026-01-16,17551.4,0.0,0.0,17551.4
3350,4186,2026-02-16,17551.4,0.0,0.0,17551.4
3351,4187,2026-04-30,17551.4,394.91,351.03,18297.34
3352,4188,2026-04-17,17551.4,0.0,0.0,17551.4
3353,4189,2021-09-15,15401.73,0.0,0.0,15401.73
3354,4190,2021-12-26,15401.73,562.16,308.03,16271.92
3355,4191,2021-11-14,15401.73,0.0,0.0,15401.73
3356,4192,2021-12-14,15401.73,0.0,0.0,15401.73
3357,4193,2022-03-27,15401.73,554.46,308.03,16264.22
3358,4194,2022-02-15,15401.73,0.0,0.0,15401.73
3359,4195,2022-03-14,15401.73,0.0,0.0,15401.73
3360,4196,2022-06-27,15401.73,569.86,308.03,16279.62
3361,4197,2022-05-13,15401.73,0.0,0.0,15401.73
3362,4199,2022-07-14,15401.73,0.0,0.0,15401.73
3363,4200,2022-08-15,15401.73,0.0,0.0,15401.73
3364,4201,2021-07-25,10649.52,559.1,212.99,11421.61
3365,4202,2021-05-11,10649.52,0.0,0.0,10649.52
3366,4203,2021-06-11,10649.52,0.0,0.0,10649.52
3367,4205,2021-08-12,10649.52,0.0,0.0,10649.52
3368,4206,2021-09-11,10649.52,0.0,0.0,10649.52
3369,4207,2021-10-11,10649.52,0.0,0.0,10649.52
3370,4208,2021-11-11,10649.52,0.0,0.0,10649.52
3371,4209,2021-12-11,10649.52,0.0,0.0,10649.52
3372,4210,2022-01-12,10649.52,0.0,0.0,10649.52
3373,4211,2022-02-12,10649.52,0.0,0.0,10649.52
3374,4212,2022-03-11,10649.52,0.0,0.0,10649.52
3375,4213,2023-05-10,32383.53,0.0,0.0,32383.53
3376,4214,2023-06-08,32383.53,0.0,0.0,32383.53
3377,4215,2023-07-08,32383.53,0.0,0.0,32383.53
3378,4216,2023-08-09,32383.53,0.0,0.0,32383.53
3379,4217,2023-09-09,32383.53,0.0,0.0,32383.53
3380,4218,2023-10-10,32383.53,0.0,0.0,32383.53
3381,4219,2021-11-01,10237.71,486.29,204.75,10928.75
3382,4220,2021-08-29,10237.71,0.0,0.0,10237.71
3383,4222,2022-02-16,10237.71,563.07,204.75,11005.53
3384,4223,2021-12-23,10237.71,122.85,204.75,10565.31
3385,4224,2021-12-30,10237.71,0.0,0.0,10237.71
3386,4225,2022-03-15,10237.71,230.35,204.75,10672.81
3387,4226,2022-02-28,10237.71,0.0,0.0,10237.71
3388,4227,2022-06-21,10237.71,429.98,204.75,10872.44
3389,4229,2022-08-07,10237.71,358.32,204.75,10800.78
3390,4230,2022-06-29,10237.71,0.0,0.0,10237.71
3391,4231,2022-10-07,10589.14,0.0,0.0,10589.14
3392,4232,2023-02-24,10589.14,582.4,211.78,11383.32
3393,4233,2022-12-06,10589.14,0.0,0.0,10589.14
3394,4235,2023-02-07,10589.14,0.0,0.0,10589.14
3395,4236,2023-03-07,10589.14,0.0,0.0,10589.14
3396,4237,2022-08-26,9856.22,0.0,0.0,9856.22
3397,4238,2022-12-11,9856.22,354.82,197.12,10408.16
3398,4241,2022-12-30,9856.22,0.0,0.0,9856.22
3399,4242,2023-01-31,9856.22,0.0,0.0,9856.22
3400,4245,2022-08-03,3998.61,0.0,0.0,3998.61
3401,4247,2022-10-02,3998.61,0.0,0.0,3998.61
3402,4248,2022-11-02,3998.61,0.0,0.0,3998.61
3403,4249,2022-12-26,3998.61,47.98,79.97,4126.56
3404,4250,2023-01-03,3998.61,0.0,0.0,3998.61
3405,4252,2023-03-02,3998.61,0.0,0.0,3998.61
3406,4253,2023-04-03,3998.61,0.0,0.0,3998.61
3407,4254,2023-04-25,3998.61,0.0,0.0,3998.61
3408,4256,2023-07-02,3998.61,0.0,0.0,3998.61
3409,4257,2023-11-19,3998.61,217.92,79.97,4296.5
3410,4258,2023-11-16,3998.61,149.95,79.97,4228.53
3411,4259,2023-10-03,3998.61,0.0,0.0,3998.61
3412,4260,2023-11-02,3998.61,0.0,0.0,3998.61
3413,4261,2023-07-25,3237.32,126.26,64.75,3428.33
3414,4263,2023-07-07,3237.32,0.0,0.0,3237.32
3415,4264,2023-08-09,3237.32,0.0,0.0,3237.32
3416,4267,2023-11-01,3237.32,0.0,0.0,3237.32
3417,4268,2023-12-08,3237.32,0.0,0.0,3237.32
3418,4270,2024-02-09,3237.32,0.0,0.0,3237.32
3419,4272,2024-04-09,3237.32,0.0,0.0,3237.32
3420,4273,2024-05-09,3237.32,0.0,0.0,3237.32
3421,4274,2024-06-09,3237.32,0.0,0.0,3237.32
3422,4275,2024-07-02,3237.32,0.0,0.0,3237.32
3423,4276,2024-08-09,3237.32,0.0,0.0,3237.32
3424,4277,2024-09-04,3237.32,0.0,0.0,3237.32
3425,4278,2024-10-12,3237.32,6.47,64.75,3308.54
3426,4279,2024-11-05,3237.32,0.0,0.0,3237.32
3427,4280,2024-12-09,3237.32,0.0,0.0,3237.32
3428,4283,2025-03-08,3237.32,0.0,0.0,3237.32
3429,4284,2025-05-22,3237.32,71.22,64.75,3373.29
3430,4285,2025-08-10,1138.27,0.0,0.0,1138.27
3431,4286,2025-09-09,1138.27,0.0,0.0,1138.27
3432,4287,2025-10-04,1138.27,0.0,0.0,1138.27
3433,4288,2025-11-09,1138.27,0.0,0.0,1138.27
3434,4289,2025-12-10,1138.27,0.0,0.0,1138.27
3435,4290,2026-01-10,1138.27,0.0,0.0,1138.27
3436,4291,2026-02-05,1138.27,0.0,0.0,1138.27
3437,4292,2026-05-26,1138.27,44.39,22.77,1205.43
3438,4293,2026-04-06,1138.27,0.0,0.0,1138.27
3439,4294,2026-05-02,1138.27,0.0,0.0,1138.27
3440,4295,2026-06-10,1138.27,0.0,0.0,1138.27
3441,4296,2026-07-10,1138.27,0.0,0.0,1138.27
3442,4299,2026-10-09,1138.27,0.0,0.0,1138.27
3443,4300,2026-11-07,1138.27,0.0,0.0,1138.27
3444,4302,2027-01-10,1138.27,0.0,0.0,1138.27
3445,4303,2027-02-09,1138.27,0.0,0.0,1138.27
3446,4304,2027-03-09,1138.27,0.0,0.0,1138.27
3447,4305,2027-04-10,1138.27,0.0,0.0,1138.27
3448,4307,2027-06-10,1138.27,0.0,0.0,1138.27
3449,4309,2027-08-10,1138.27,0.0,0.0,1138.27
3450,4310,2027-09-09,1138.27,0.0,0.0,1138.27
3451,4311,2027-10-09,1138.27,0.0,0.0,1138.27
3452,4312,2027-11-10,1138.27,0.0,0.0,1138.27
3453,4313,2027-12-05,1138.27,0.0,0.0,1138.27
3454,4314,2028-05-02,1138.27,64.88,22.77,1225.92
3455,4315,2028-03-14,1138.27,19.35,22.77,1180.39
3456,4316,2028-04-07,1138.27,16.5,22.77,1177.54
3457,4317,2028-04-09,1138.27,0.0,0.0,1138.27
3458,4318,2028-05-06,1138.27,0.0,0.0,1138.27
3459,4319,2028-06-10,1138.27,0.0,0.0,1138.27
3460,4320,2028-09-23,1138.27,43.25,22.77,1204.29
3461,4321,2025-12-02,2226.21,0.0,0.0,2226.21
3462,4322,2026-02-26,2226.21,62.33,44.52,2333.06
3463,4323,2026-02-01,2226.21,0.0,0.0,2226.21
3464,4324,2026-04-10,2226.21,44.52,44.52,2315.25
3465,4325,2026-04-09,2226.21,8.9,44.52,2279.63
3466,4326,2026-05-01,2226.21,0.0,0.0,2226.21
3467,4327,2026-06-01,2226.21,0.0,0.0,2226.21
3468,4328,2026-08-06,2226.21,40.07,44.52,2310.8
3469,4329,2026-11-20,2226.21,123.55,44.52,2394.28
3470,4331,2026-10-01,2226.21,0.0,0.0,2226.21
3471,4333,2026-12-01,2226.21,0.0,0.0,2226.21
3472,4334,2027-01-01,2226.21,0.0,0.0,2226.21
3473,4335,2027-02-01,2226.21,0.0,0.0,2226.21
3474,4336,2027-03-02,2226.21,0.0,0.0,2226.21
3475,4338,2027-08-12,2226.21,114.65,44.52,2385.38
3476,4340,2027-07-02,2226.21,0.0,0.0,2226.21
3477,4341,2027-09-13,2226.21,47.86,44.52,2318.59
3478,4342,2027-12-27,2226.21,130.23,44.52,2400.96
3479,4344,2027-11-01,2226.21,0.0,0.0,2226.21
3480,4345,2025-08-18,11331.35,385.27,226.63,11943.25
3481,4346,2025-07-12,11331.35,0.0,0.0,11331.35
3482,4347,2025-11-26,11331.35,606.23,226.63,12164.21
3483,4348,2025-10-13,11331.35,181.3,226.63,11739.28
3484,4349,2025-10-22,11331.35,62.32,226.63,11620.3
3485,4350,2025-11-12,11331.35,0.0,0.0,11331.35
3486,4351,2025-12-12,11331.35,0.0,0.0,11331.35
3487,4354,2026-03-11,11331.35,0.0,0.0,11331.35
3488,4355,2026-04-11,11331.35,0.0,0.0,11331.35
3489,4356,2026-05-07,11331.35,0.0,0.0,11331.35
3490,4357,2026-06-12,11331.35,0.0,0.0,11331.35
3491,4358,2026-07-09,11331.35,0.0,0.0,11331.35
3492,4361,2026-10-14,11331.35,17.0,226.63,11574.98
3493,4364,2027-01-12,11331.35,0.0,0.0,11331.35
3494,4365,2027-02-12,11331.35,0.0,0.0,11331.35
3495,4368,2027-07-03,11331.35,300.28,226.63,11858.26
3496,4369,2021-09-16,2581.09,0.0,0.0,2581.09
3497,4370,2021-10-15,2581.09,0.0,0.0,2581.09
3498,4371,2022-01-09,2581.09,70.98,51.62,2703.69
3499,4372,2022-01-18,2581.09,43.88,51.62,2676.59
3500,4373,2022-03-14,2581.09,74.85,51.62,2707.56
3501,4374,2022-02-16,2581.09,0.0,0.0,2581.09
3502,4375,2022-03-16,2581.09,0.0,0.0,2581.09
3503,4376,2022-04-10,2581.09,0.0,0.0,2581.09
3504,4379,2022-07-15,2581.09,0.0,0.0,2581.09
3505,4380,2022-08-14,2581.09,0.0,0.0,2581.09
3506,4382,2022-10-09,2581.09,0.0,0.0,2581.09
3507,4383,2022-11-15,2581.09,0.0,0.0,2581.09
3508,4384,2022-12-15,2581.09,0.0,0.0,2581.09
3509,4385,2023-03-03,2581.09,60.66,51.62,2693.37
3510,4386,2023-02-16,2581.09,0.0,0.0,2581.09
3511,4387,2023-03-11,2581.09,0.0,0.0,2581.09
3512,4388,2023-04-15,2581.09,0.0,0.0,2581.09
3513,4389,2023-05-15,2581.09,0.0,0.0,2581.09
3514,4391,2023-07-16,2581.09,0.0,0.0,2581.09
3515,4392,2023-10-27,2581.09,94.21,51.62,2726.92
3516,4393,2021-09-13,1893.05,2.84,37.86,1933.75
3517,4394,2021-11-22,1893.05,40.7,37.86,1971.61
3518,4395,2022-01-22,1893.05,69.1,37.86,2000.01
3519,4396,2021-12-11,1893.05,0.0,0.0,1893.05
3520,4397,2022-01-11,1893.05,0.0,0.0,1893.05
3521,4398,2022-02-10,1893.05,0.0,0.0,1893.05
3522,4400,2022-06-27,1893.05,73.83,37.86,2004.74
3523,4402,2022-06-11,1893.05,0.0,0.0,1893.05
3524,4403,2022-08-09,1893.05,28.4,37.86,1959.31
3525,4404,2022-08-31,1893.05,19.88,37.86,1950.79
3526,4405,2023-03-12,5289.6,0.0,0.0,5289.6
3527,4406,2023-04-15,5289.6,0.0,0.0,5289.6
3528,4407,2023-05-19,5289.6,0.0,0.0,5289.6
3529,4408,2023-06-18,5289.6,0.0,0.0,5289.6
3530,4409,2023-10-18,5289.6,243.32,105.79,5638.71
3531,4410,2023-08-18,5289.6,0.0,0.0,5289.6
3532,4412,2023-10-18,5289.6,0.0,0.0,5289.6
3533,4415,2024-03-10,5289.6,137.53,105.79,5532.92
3534,4416,2024-02-18,5289.6,0.0,0.0,5289.6
3535,4417,2024-03-19,5289.6,0.0,0.0,5289.6
3536,4418,2024-08-11,5289.6,304.15,105.79,5699.54
3537,4419,2024-07-24,5289.6,177.2,105.79,5572.59
3538,4420,2024-08-14,5289.6,150.75,105.79,5546.14
3539,4421,2024-07-18,5289.6,0.0,0.0,5289.6
3540,4423,2022-06-03,3591.75,0.0,0.0,3591.75
3541,4424,2022-06-28,3591.75,0.0,0.0,3591.75
3542,4425,2022-07-29,3591.75,0.0,0.0,3591.75
3543,4426,2022-09-03,3591.75,0.0,0.0,3591.75
3544,4427,2022-10-03,3591.75,0.0,0.0,3591.75
3545,4428,2022-11-03,3591.75,0.0,0.0,3591.75
3546,4429,2022-12-04,3591.75,0.0,0.0,3591.75
3547,4430,2023-01-04,3591.75,0.0,0.0,3591.75
3548,4431,2023-02-04,3591.75,0.0,0.0,3591.75
3549,4433,2023-03-27,3591.75,0.0,0.0,3591.75
3550,4434,2023-05-03,3591.75,0.0,0.0,3591.75
3551,4436,2023-09-02,3360.89,0.0,0.0,3360.89
3552,4437,2024-01-16,3360.89,174.77,67.22,3602.88
3553,4439,2023-11-29,3360.89,0.0,0.0,3360.89
3554,4440,2024-01-18,3360.89,23.53,67.22,3451.64
3555,4441,2024-02-04,3360.89,0.0,0.0,3360.89
3556,4442,2024-05-20,3360.89,129.39,67.22,3557.5
3557,4445,2024-06-04,3360.89,0.0,0.0,3360.89
3558,4446,2024-06-27,3360.89,0.0,0.0,3360.89
3559,4447,2021-02-11,2740.58,0.0,0.0,2740.58
3560,4448,2021-03-11,2740.58,0.0,0.0,2740.58
3561,4449,2021-07-11,2740.58,124.7,54.81,2920.09
3562,4450,2021-05-04,2740.58,0.0,0.0,2740.58
3563,4451,2021-06-11,2740.58,0.0,0.0,2740.58
3564,4453,2022-04-08,1729.71,0.0,0.0,1729.71
3565,4454,2022-05-14,1729.71,0.0,0.0,1729.71
3566,4455,2022-06-14,1729.71,0.0,0.0,1729.71
3567,4456,2022-07-14,1729.71,0.0,0.0,1729.71
3568,4457,2022-08-13,1729.71,0.0,0.0,1729.71
3569,4458,2022-09-14,1729.71,0.0,0.0,1729.71
3570,4459,2022-10-14,1729.71,0.0,0.0,1729.71
3571,4460,2022-11-14,1729.71,0.0,0.0,1729.71
3572,4461,2022-12-14,1729.71,0.0,0.0,1729.71
3573,4462,2023-01-15,1729.71,0.0,0.0,1729.71
3574,4465,2023-04-14,1729.71,0.0,0.0,1729.71
3575,4466,2023-05-15,1729.71,0.0,0.0,1729.71
3576,4469,2023-08-10,1729.71,0.0,0.0,1729.71
3577,4470,2023-09-08,1729.71,0.0,0.0,1729.71
3578,4471,2023-10-15,1729.71,0.0,0.0,1729.71
3579,4475,2024-02-14,1729.71,0.0,0.0,1729.71
3580,4476,2024-03-15,1729.71,0.0,0.0,1729.71
3581,4477,2025-07-03,3892.54,0.0,0.0,3892.54
3582,4478,2025-08-02,3892.54,0.0,0.0,3892.54
3583,4479,2025-09-03,3892.54,0.0,0.0,3892.54
3584,4481,2025-11-02,3892.54,0.0,0.0,3892.54
3585,4482,2026-01-24,3892.54,103.15,77.85,4073.54
3586,4483,2026-01-03,3892.54,0.0,0.0,3892.54
3587,4486,2026-04-05,3892.54,5.84,77.85,3976.23
3588,4487,2026-06-23,3892.54,101.21,77.85,4071.6
3589,4488,2026-08-16,3892.54,145.97,77.85,4116.36
3590,4490,2026-08-03,3892.54,0.0,0.0,3892.54
3591,4491,2026-08-30,3892.54,0.0,0.0,3892.54
3592,4494,2027-02-03,3892.54,122.62,77.85,4093.01
3593,4495,2022-01-15,9058.95,0.0,0.0,9058.95
3594,4496,2022-02-15,9058.95,0.0,0.0,9058.95
3595,4497,2022-03-15,9058.95,0.0,0.0,9058.95
3596,4498,2022-04-14,9058.95,0.0,0.0,9058.95
3597,4499,2022-05-12,9058.95,0.0,0.0,9058.95
3598,4500,2022-10-02,9058.95,498.24,181.18,9738.37
3599,4503,2022-10-11,9058.95,122.3,181.18,9362.43
3600,4504,2022-10-14,9058.95,0.0,0.0,9058.95
3601,4505,2022-11-10,9058.95,0.0,0.0,9058.95
3602,4506,2022-12-14,9058.95,0.0,0.0,9058.95
3603,4509,2022-02-06,3669.65,0.0,0.0,3669.65
3604,4510,2022-03-06,3669.65,0.0,0.0,3669.65
3605,4511,2022-07-01,3669.65,157.79,73.39,3900.83
3606,4512,2022-05-06,3669.65,0.0,0.0,3669.65
3607,4513,2022-06-06,3669.65,0.0,0.0,3669.65
3608,4514,2022-07-06,3669.65,0.0,0.0,3669.65
3609,4515,2022-11-02,3669.65,161.46,73.39,3904.5
3610,4516,2022-08-30,3669.65,0.0,0.0,3669.65
3611,4517,2022-10-07,3669.65,0.0,0.0,3669.65
3612,4518,2022-10-30,3669.65,0.0,0.0,3669.65
3613,4519,2022-12-07,3669.65,0.0,0.0,3669.65
3614,4520,2023-01-07,3669.65,0.0,0.0,3669.65
3615,4521,2023-02-04,3669.65,0.0,0.0,3669.65
3616,4522,2023-03-07,3669.65,0.0,0.0,3669.65
3617,4523,2023-04-06,3669.65,0.0,0.0,3669.65
3618,4524,2023-05-01,3669.65,0.0,0.0,3669.65
3619,4525,2023-09-11,3669.65,177.98,73.39,3921.02
3620,4528,2023-09-06,3669.65,0.0,0.0,3669.65
3621,4529,2023-10-07,3669.65,0.0,0.0,3669.65
3622,4532,2024-01-06,3669.65,0.0,0.0,3669.65
3623,4533,2024-02-07,3669.65,0.0,0.0,3669.65
3624,4534,2024-04-26,3669.65,93.58,73.39,3836.62
3625,4535,2024-04-07,3669.65,0.0,0.0,3669.65
3626,4536,2024-08-25,3669.65,203.67,73.39,3946.71
3627,4537,2024-06-07,3669.65,0.0,0.0,3669.65
3628,4538,2024-07-06,3669.65,0.0,0.0,3669.65
3629,4539,2024-08-01,3669.65,0.0,0.0,3669.65
3630,4542,2024-11-06,3669.65,0.0,0.0,3669.65
3631,4543,2023-02-22,9933.4,0.0,0.0,9933.4
3632,4546,2023-05-21,9933.4,0.0,0.0,9933.4
3633,4549,2023-08-22,9933.4,0.0,0.0,9933.4
3634,4550,2023-09-20,9933.4,0.0,0.0,9933.4
3635,4551,2024-02-02,9933.4,516.54,198.67,10648.61
3636,4552,2023-12-18,9933.4,134.1,198.67,10266.17
3637,4553,2024-04-11,9933.4,556.27,198.67,10688.34
3638,4554,2024-03-11,9933.4,248.34,198.67,10380.41
3639,4555,2024-02-22,9933.4,0.0,0.0,9933.4
3640,4557,2024-04-19,9933.4,0.0,0.0,9933.4
3641,4560,2024-07-27,9933.4,29.8,198.67,10161.87
3642,4561,2024-11-04,5274.94,0.0,0.0,5274.94
3643,4562,2024-12-05,5274.94,0.0,0.0,5274.94
3644,4563,2025-01-03,5274.94,0.0,0.0,5274.94
3645,4564,2025-04-18,5274.94,179.35,105.5,5559.79
3646,4565,2025-03-09,5274.94,0.0,0.0,5274.94
3647,4567,2025-05-09,5274.94,0.0,0.0,5274.94
3648,4568,2025-06-02,5274.94,0.0,0.0,5274.94
3649,4569,2025-07-10,5274.94,0.0,0.0,5274.94
3650,4570,2025-10-27,5274.94,208.36,105.5,5588.8
3651,4571,2025-09-09,5274.94,0.0,0.0,5274.94
3652,4573,2025-11-10,5274.94,0.0,0.0,5274.94
3653,4575,2026-03-20,5274.94,184.62,105.5,5565.06
3654,4576,2026-02-10,5274.94,0.0,0.0,5274.94
3655,4577,2026-07-05,5274.94,311.22,105.5,5691.66
3656,4579,2025-12-12,7688.09,0.0,0.0,7688.09
3657,4581,2026-02-12,7688.09,0.0,0.0,7688.09
3658,4582,2026-03-11,7688.09,0.0,0.0,7688.09
3659,4583,2026-07-29,7688.09,415.16,153.76,8257.01
3660,4584,2026-05-13,7688.09,0.0,0.0,7688.09
3661,4585,2026-06-13,7688.09,0.0,0.0,7688.09
3662,4587,2026-08-12,7688.09,0.0,0.0,7688.09
3663,4588,2026-09-13,7688.09,0.0,0.0,7688.09
3664,4593,2027-02-13,7688.09,0.0,0.0,7688.09
3665,4595,2027-04-12,7688.09,0.0,0.0,7688.09
3666,4596,2027-06-27,7688.09,176.83,153.76,8018.68
3667,4597,2027-07-09,7688.09,103.79,153.76,7945.64
3668,4599,2027-08-12,7688.09,0.0,0.0,7688.09
3669,4600,2027-11-16,7688.09,249.86,153.76,8091.71
3670,4603,2027-12-12,7688.09,0.0,0.0,7688.09
3671,4604,2028-01-12,7688.09,0.0,0.0,7688.09
3672,4605,2028-03-30,7688.09,180.67,153.76,8022.52
3673,4606,2028-03-12,7688.09,0.0,0.0,7688.09
3674,4607,2028-04-05,7688.09,0.0,0.0,7688.09
3675,4608,2028-05-13,7688.09,0.0,0.0,7688.09
3676,4609,2028-08-07,7688.09,215.27,153.76,8057.12
3677,4610,2028-07-10,7688.09,0.0,0.0,7688.09
3678,4611,2028-08-12,7688.09,0.0,0.0,7688.09
3679,4612,2028-09-09,7688.09,0.0,0.0,7688.09
3680,4614,2028-11-12,7688.09,0.0,0.0,7688.09
3681,4615,2022-07-10,2218.31,0.0,0.0,2218.31
3682,4616,2022-08-10,2218.31,0.0,0.0,2218.31
3683,4617,2022-09-10,2218.31,0.0,0.0,2218.31
3684,4618,2022-10-10,2218.31,0.0,0.0,2218.31
3685,4620,2022-12-09,2218.31,0.0,0.0,2218.31
3686,4623,2023-03-10,2218.31,0.0,0.0,2218.31
3687,4624,2023-07-14,2218.31,106.48,44.37,2369.16
3688,4625,2023-05-09,2218.31,0.0,0.0,2218.31
3689,4626,2023-06-09,2218.31,0.0,0.0,2218.31
3690,4627,2023-07-10,2218.31,0.0,0.0,2218.31
3691,4628,2023-08-10,2218.31,0.0,0.0,2218.31
3692,4630,2023-10-10,2218.31,0.0,0.0,2218.31
3693,4631,2023-11-10,2218.31,0.0,0.0,2218.31
3694,4632,2023-12-07,2218.31,0.0,0.0,2218.31
3695,4633,2024-03-09,2218.31,66.55,44.37,2329.23
3696,4636,2024-07-14,2218.31,106.48,44.37,2369.16
3697,4637,2024-05-10,2218.31,0.0,0.0,2218.31
3698,4638,2024-06-09,2218.31,0.0,0.0,2218.31
3699,4639,2024-08-12,2218.31,37.71,44.37,2300.39
3700,4641,2024-12-21,2218.31,114.24,44.37,2376.92
3701,4642,2024-10-09,2218.31,0.0,0.0,2218.31
3702,4644,2024-12-09,2218.31,0.0,0.0,2218.31
3703,4646,2025-03-23,2218.31,46.58,44.37,2309.26
3704,4648,2025-04-09,2218.31,0.0,0.0,2218.31
3705,4651,2026-06-11,11166.78,0.0,0.0,11166.78
3706,4653,2026-08-11,11166.78,0.0,0.0,11166.78
3707,4654,2026-09-11,11166.78,0.0,0.0,11166.78
3708,4655,2026-10-11,11166.78,0.0,0.0,11166.78
3709,4656,2026-11-11,11166.78,0.0,0.0,11166.78
3710,4658,2027-01-11,11166.78,0.0,0.0,11166.78
3711,4659,2027-02-11,11166.78,0.0,0.0,11166.78
3712,4661,2027-04-10,11166.78,0.0,0.0,11166.78
3713,4662,2027-05-10,11166.78,0.0,0.0,11166.78
3714,4663,2021-05-24,6205.38,0.0,0.0,6205.38
3715,4664,2021-06-24,6205.38,0.0,0.0,6205.38
3716,4666,2021-08-24,6205.38,0.0,0.0,6205.38
3717,4668,2021-10-24,6205.38,0.0,0.0,6205.38
3718,4669,2021-11-25,6205.38,0.0,0.0,6205.38
3719,4670,2021-12-25,6205.38,0.0,0.0,6205.38
3720,4671,2022-01-18,6205.38,0.0,0.0,6205.38
3721,4673,2022-03-24,6205.38,0.0,0.0,6205.38
3722,4675,2022-08-18,5653.32,0.0,0.0,5653.32
3723,4676,2022-09-18,5653.32,0.0,0.0,5653.32
3724,4677,2022-11-06,5653.32,53.71,113.07,5820.1
3725,4678,2022-11-19,5653.32,0.0,0.0,5653.32
3726,4679,2023-02-15,5653.32,166.77,113.07,5933.16
3727,4680,2023-01-19,5653.32,0.0,0.0,5653.32
3728,4681,2023-02-18,5653.32,0.0,0.0,5653.32
3729,4682,2023-03-18,5653.32,0.0,0.0,5653.32
3730,4683,2023-04-18,5653.32,0.0,0.0,5653.32
3731,4684,2023-05-18,5653.32,0.0,0.0,5653.32
3732,4685,2023-06-19,5653.32,0.0,0.0,5653.32
3733,4686,2023-07-18,5653.32,0.0,0.0,5653.32
3734,4687,2023-08-19,5653.32,0.0,0.0,5653.32
3735,4688,2023-09-18,5653.32,0.0,0.0,5653.32
3736,4689,2023-10-13,5653.32,0.0,0.0,5653.32
3737,4690,2024-01-25,5653.32,192.21,113.07,5958.6
3738,4691,2023-12-12,5653.32,0.0,0.0,5653.32
3739,4692,2024-01-18,5653.32,0.0,0.0,5653.32
3740,4693,2024-12-26,2440.58,0.0,0.0,2440.58
3741,4694,2025-01-26,2440.58,0.0,0.0,2440.58
3742,4695,2025-02-26,2440.58,0.0,0.0,2440.58
3743,4696,2025-03-26,2440.58,0.0,0.0,2440.58
3744,4697,2025-04-27,2440.58,0.0,0.0,2440.58
3745,4699,2025-06-22,2440.58,0.0,0.0,2440.58
3746,4700,2025-07-26,2440.58,0.0,0.0,2440.58
3747,4701,2025-10-12,2440.58,57.35,48.81,2546.74
3748,4703,2026-02-04,2440.58,123.25,48.81,2612.64
3749,4704,2025-11-24,2440.58,0.0,0.0,2440.58
3750,4705,2026-06-28,9941.88,0.0,0.0,9941.88
3751,4706,2026-07-27,9941.88,0.0,0.0,9941.88
3752,4707,2026-08-28,9941.88,0.0,0.0,9941.88
3753,4708,2026-09-28,9941.88,0.0,0.0,9941.88
3754,4709,2026-10-28,9941.88,0.0,0.0,9941.88
3755,4710,2026-11-28,9941.88,0.0,0.0,9941.88
3756,4712,2025-03-20,6628.27,36.46,132.57,6797.3
3757,4713,2025-04-08,6628.27,0.0,0.0,6628.27
3758,4714,2025-05-02,6628.27,0.0,0.0,6628.27
3759,4716,2025-07-09,6628.27,0.0,0.0,6628.27
3760,4719,2025-10-09,6628.27,0.0,0.0,6628.27
3761,4720,2025-11-09,6628.27,0.0,0.0,6628.27
3762,4721,2025-12-09,6628.27,0.0,0.0,6628.27
3763,4722,2026-01-10,6628.27,0.0,0.0,6628.27
3764,4723,2026-02-10,6628.27,0.0,0.0,6628.27
3765,4724,2026-03-10,6628.27,0.0,0.0,6628.27
3766,4725,2026-04-09,6628.27,0.0,0.0,6628.27
3767,4726,2026-05-09,6628.27,0.0,0.0,6628.27
3768,4727,2026-09-23,6628.27,351.3,132.57,7112.14
3769,4728,2026-07-10,6628.27,0.0,0.0,6628.27
3770,4729,2026-08-09,6628.27,0.0,0.0,6628.27
3771,4731,2026-10-09,6628.27,0.0,0.0,6628.27
3772,4732,2026-12-29,6628.27,165.71,132.57,6926.55
3773,4733,2026-12-03,6628.27,0.0,0.0,6628.27
3774,4734,2027-01-09,6628.27,0.0,0.0,6628.27
3775,4735,2021-04-16,1536.88,0.0,0.0,1536.88
3776,4736,2021-05-22,1536.88,0.0,0.0,1536.88
3777,4737,2021-06-23,1536.88,0.0,0.0,1536.88
3778,4738,2021-07-26,1536.88,3.07,30.74,1570.69
3779,4739,2021-12-08,1536.88,82.99,30.74,1650.61
3780,4740,2021-10-05,1536.88,9.99,30.74,1577.61
3781,4741,2021-10-23,1536.88,0.0,0.0,1536.88
3782,4742,2022-01-06,1536.88,34.58,30.74,1602.2
3783,4743,2021-12-23,1536.88,0.0,0.0,1536.88
3784,4744,2022-01-22,1536.88,0.0,0.0,1536.88
3785,4745,2022-02-22,1536.88,0.0,0.0,1536.88
3786,4747,2022-04-23,1536.88,0.0,0.0,1536.88
3787,4749,2022-06-22,1536.88,0.0,0.0,1536.88
3788,4750,2022-09-25,1536.88,49.95,30.74,1617.57
3789,4752,2022-09-22,1536.88,0.0,0.0,1536.88
3790,4753,2022-10-22,1536.88,0.0,0.0,1536.88
3791,4755,2022-12-23,1536.88,0.0,0.0,1536.88
3792,4756,2023-01-23,1536.88,0.0,0.0,1536.88
3793,4758,2023-03-22,1536.88,0.0,0.0,1536.88
3794,4759,2026-06-05,2081.1,0.0,0.0,2081.1
3795,4760,2026-07-05,2081.1,0.0,0.0,2081.1
3796,4761,2026-08-05,2081.1,0.0,0.0,2081.1
3797,4762,2026-09-06,2081.1,0.0,0.0,2081.1
3798,4763,2026-10-06,2081.1,0.0,0.0,2081.1
3799,4764,2026-11-06,2081.1,0.0,0.0,2081.1
3800,4765,2027-03-27,2081.1,116.54,41.62,2239.26
3801,4766,2027-01-05,2081.1,0.0,0.0,2081.1
3802,4768,2027-03-06,2081.1,0.0,0.0,2081.1
3803,4769,2027-04-05,2081.1,0.0,0.0,2081.1
3804,4770,2027-05-05,2081.1,0.0,0.0,2081.1
3805,4772,2027-07-05,2081.1,0.0,0.0,2081.1
3806,4773,2027-08-05,2081.1,0.0,0.0,2081.1
3807,4774,2027-09-05,2081.1,0.0,0.0,2081.1
3808,4775,2027-10-06,2081.1,0.0,0.0,2081.1
3809,4777,2024-10-27,2792.65,0.0,0.0,2792.65
3810,4778,2024-11-26,2792.65,0.0,0.0,2792.65
3811,4779,2024-12-27,2792.65,0.0,0.0,2792.65
3812,4780,2025-01-27,2792.65,0.0,0.0,2792.65
3813,4781,2025-02-26,2792.65,0.0,0.0,2792.65
3814,4782,2025-03-26,2792.65,0.0,0.0,2792.65
3815,4783,2025-06-06,2792.65,57.25,55.85,2905.75
3816,4784,2025-05-27,2792.65,0.0,0.0,2792.65
3817,4785,2025-06-26,2792.65,0.0,0.0,2792.65
3818,4786,2025-07-26,2792.65,0.0,0.0,2792.65
3819,4788,2025-12-08,2792.65,101.93,55.85,2950.43
3820,4789,2025-10-27,2792.65,0.0,0.0,2792.65
3821,4790,2025-11-27,2792.65,0.0,0.0,2792.65
3822,4791,2026-01-31,2792.65,50.27,55.85,2898.77
3823,4792,2026-01-27,2792.65,0.0,0.0,2792.65
3824,4793,2026-02-27,2792.65,0.0,0.0,2792.65
3825,4795,2026-08-01,2792.65,135.44,55.85,2983.94
3826,4796,2026-09-04,2792.65,141.03,55.85,2989.53
3827,4797,2026-06-26,2792.65,0.0,0.0,2792.65
3828,4798,2026-07-26,2792.65,0.0,0.0,2792.65
3829,4799,2026-08-26,2792.65,0.0,0.0,2792.65
3830,4800,2026-09-26,2792.65,0.0,0.0,2792.65
3831,4801,2021-03-27,9369.59,0.0,0.0,9369.59
3832,4803,2021-05-27,9369.59,0.0,0.0,9369.59
3833,4804,2021-10-17,9369.59,529.38,187.39,10086.36
3834,4806,2021-12-17,9369.59,529.38,187.39,10086.36
3835,4808,2021-10-27,9369.59,0.0,0.0,9369.59
3836,4809,2021-11-26,9369.59,0.0,0.0,9369.59
3837,4810,2022-02-27,9369.59,295.14,187.39,9852.12
3838,4811,2022-01-27,9369.59,0.0,0.0,9369.59
3839,4812,2022-04-27,9369.59,281.09,187.39,9838.07
3840,4813,2021-11-27,3871.63,0.0,0.0,3871.63
3841,4814,2022-02-09,3871.63,83.24,77.43,4032.3
3842,4816,2022-05-30,3871.63,176.16,77.43,4125.22
3843,4817,2022-03-28,3871.63,0.0,0.0,3871.63
3844,4819,2022-05-28,3871.63,0.0,0.0,3871.63
3845,4820,2022-06-28,3871.63,0.0,0.0,3871.63
3846,4821,2022-07-29,3871.63,0.0,0.0,3871.63
3847,4822,2022-08-29,3871.63,0.0,0.0,3871.63
3848,4823,2022-09-28,3871.63,0.0,0.0,3871.63
3849,4824,2022-10-28,3871.63,0.0,0.0,3871.63
3850,4825,2022-11-25,3871.63,0.0,0.0,3871.63
3851,4826,2022-12-28,3871.63,0.0,0.0,3871.63
3852,4828,2023-03-01,3871.63,0.0,0.0,3871.63
3853,4829,2023-03-29,3871.63,0.0,0.0,3871.63
3854,4830,2023-04-28,3871.63,0.0,0.0,3871.63
3855,4831,2023-05-29,3871.63,0.0,0.0,3871.63
3856,4832,2023-06-29,3871.63,0.0,0.0,3871.63
3857,4833,2023-07-28,3871.63,0.0,0.0,3871.63
3858,4834,2023-08-29,3871.63,0.0,0.0,3871.63
3859,4835,2023-12-18,3871.63,156.8,77.43,4105.86
3860,4836,2023-10-29,3871.63,0.0,0.0,3871.63
3861,4837,2022-04-04,6643.11,0.0,0.0,6643.11
3862,4838,2022-05-03,6643.11,0.0,0.0,6643.11
3863,4839,2022-08-05,6643.11,205.94,132.86,6981.91
3864,4840,2022-07-01,6643.11,0.0,0.0,6643.11
3865,4843,2022-10-04,6643.11,0.0,0.0,6643.11
3866,4844,2022-11-04,6643.11,0.0,0.0,6643.11
3867,4846,2023-01-05,6643.11,0.0,0.0,6643.11
3868,4847,2023-02-05,6643.11,0.0,0.0,6643.11
3869,4849,2025-05-03,2062.63,24.75,41.25,2128.63
3870,4850,2025-05-31,2062.63,22.69,41.25,2126.57
3871,4851,2025-09-10,2062.63,95.91,41.25,2199.79
3872,4852,2025-07-10,2062.63,0.0,0.0,2062.63
3873,4853,2025-08-10,2062.63,0.0,0.0,2062.63
3874,4854,2025-09-09,2062.63,0.0,0.0,2062.63
3875,4856,2025-11-10,2062.63,0.0,0.0,2062.63
3876,4857,2026-02-26,2062.63,81.47,41.25,2185.35
3877,4858,2026-01-10,2062.63,0.0,0.0,2062.63
3878,4859,2026-03-02,2062.63,21.66,41.25,2125.54
3879,4861,2026-04-03,2062.63,0.0,0.0,2062.63
3880,4862,2026-05-10,2062.63,0.0,0.0,2062.63
3881,4863,2026-09-21,2062.63,107.26,41.25,2211.14
3882,4865,2026-08-09,2062.63,0.0,0.0,2062.63
3883,4866,2026-09-02,2062.63,0.0,0.0,2062.63
3884,4867,2026-10-10,2062.63,0.0,0.0,2062.63
3885,4868,2026-12-22,2062.63,44.35,41.25,2148.23
3886,4869,2026-12-10,2062.63,0.0,0.0,2062.63
3887,4870,2027-01-09,2062.63,0.0,0.0,2062.63
3888,4871,2027-05-24,2062.63,107.26,41.25,2211.14
3889,4874,2027-05-10,2062.63,0.0,0.0,2062.63
3890,4876,2027-07-09,2062.63,0.0,0.0,2062.63
3891,4877,2027-08-09,2062.63,0.0,0.0,2062.63
3892,4880,2027-11-02,2062.63,0.0,0.0,2062.63
3893,4881,2027-12-04,2062.63,0.0,0.0,2062.63
3894,4882,2028-01-12,2062.63,3.09,41.25,2106.97
3895,4883,2028-02-10,2062.63,0.0,0.0,2062.63
3896,4886,2021-09-05,6114.41,204.83,122.29,6441.53
3897,4887,2021-07-30,6114.41,0.0,0.0,6114.41
3898,4892,2021-12-31,6114.41,0.0,0.0,6114.41
3899,4893,2022-01-31,6114.41,0.0,0.0,6114.41
3900,4894,2022-06-22,6114.41,348.52,122.29,6585.22
3901,4896,2022-04-30,6114.41,0.0,0.0,6114.41
3902,4898,2024-04-12,3608.0,0.0,0.0,3608.0
3903,4899,2024-05-13,3608.0,0.0,0.0,3608.0
3904,4900,2024-06-14,3608.0,0.0,0.0,3608.0
3905,4901,2024-07-13,3608.0,0.0,0.0,3608.0
3906,4902,2024-08-14,3608.0,0.0,0.0,3608.0
3907,4903,2024-09-13,3608.0,0.0,0.0,3608.0
3908,4904,2024-10-13,3608.0,0.0,0.0,3608.0
3909,4905,2024-11-14,3608.0,0.0,0.0,3608.0
3910,4906,2024-12-14,3608.0,0.0,0.0,3608.0
3911,4907,2025-01-13,3608.0,0.0,0.0,3608.0
3912,4908,2025-02-13,3608.0,0.0,0.0,3608.0
3913,4909,2025-11-30,3069.01,0.0,0.0,3069.01
3914,4910,2025-12-30,3069.01,0.0,0.0,3069.01
3915,4911,2026-01-29,3069.01,0.0,0.0,3069.01
3916,4912,2026-02-28,3069.01,0.0,0.0,3069.01
3917,4913,2026-03-29,3069.01,0.0,0.0,3069.01
3918,4915,2026-05-30,3069.01,0.0,0.0,3069.01
3919,4918,2026-10-26,3069.01,89.0,61.38,3219.39
3920,4919,2026-09-30,3069.01,0.0,0.0,3069.01
3921,4920,2026-10-30,3069.01,0.0,0.0,3069.01
3922,4922,2026-12-27,3069.01,0.0,0.0,3069.01
3923,4923,2027-01-30,3069.01,0.0,0.0,3069.01
3924,4924,2027-02-26,3069.01,0.0,0.0,3069.01
3925,4925,2027-06-21,3069.01,128.9,61.38,3259.29
3926,4926,2027-07-19,3069.01,124.29,61.38,3254.68
3927,4927,2027-09-21,3069.01,176.47,61.38,3306.86
3928,4928,2027-06-29,3069.01,0.0,0.0,3069.01
3929,4929,2027-10-04,3069.01,102.81,61.38,3233.2
3930,4930,2027-08-29,3069.01,0.0,0.0,3069.01
3931,4931,2027-09-27,3069.01,0.0,0.0,3069.01
3932,4932,2027-10-23,3069.01,0.0,0.0,3069.01
3933,4935,2023-12-14,6726.11,13.45,134.52,6874.08
3934,4936,2024-01-11,6726.11,0.0,0.0,6726.11
3935,4938,2024-03-11,6726.11,0.0,0.0,6726.11
3936,4939,2024-04-11,6726.11,0.0,0.0,6726.11
3937,4940,2024-05-11,6726.11,0.0,0.0,6726.11
3938,4942,2024-07-07,6726.11,0.0,0.0,6726.11
3939,4943,2024-08-11,6726.11,0.0,0.0,6726.11
3940,4944,2024-09-10,6726.11,0.0,0.0,6726.11
3941,4945,2022-03-21,3846.76,42.31,76.94,3966.01
3942,4946,2022-03-28,3846.76,0.0,0.0,3846.76
3943,4947,2022-04-27,3846.76,0.0,0.0,3846.76
3944,4948,2022-05-27,3846.76,0.0,0.0,3846.76
3945,4949,2022-06-23,3846.76,0.0,0.0,3846.76
3946,4952,2022-09-28,3846.76,0.0,0.0,3846.76
3947,4953,2022-10-27,3846.76,0.0,0.0,3846.76
3948,4954,2022-11-28,3846.76,0.0,0.0,3846.76
3949,4955,2022-12-27,3846.76,0.0,0.0,3846.76
3950,4956,2023-01-28,3846.76,0.0,0.0,3846.76
3951,4957,2023-02-28,3846.76,0.0,0.0,3846.76
3952,4958,2023-03-28,3846.76,0.0,0.0,3846.76
3953,4960,2023-05-28,3846.76,0.0,0.0,3846.76
3954,4961,2023-06-28,3846.76,0.0,0.0,3846.76
3955,4962,2023-07-28,3846.76,0.0,0.0,3846.76
3956,4963,2023-08-27,3846.76,0.0,0.0,3846.76
3957,4964,2023-11-15,3846.76,94.25,76.94,4017.95
3958,4965,2023-10-27,3846.76,0.0,0.0,3846.76
3959,4966,2024-03-23,3846.76,225.04,76.94,4148.74
3960,4968,2024-04-27,3846.76,175.03,76.94,4098.73
3961,4969,2024-02-27,3846.76,0.0,0.0,3846.76
3962,4970,2024-03-28,3846.76,0.0,0.0,3846.76
3963,4971,2024-04-28,3846.76,0.0,0.0,3846.76
3964,4972,2024-05-28,3846.76,0.0,0.0,3846.76
3965,4973,2024-06-27,3846.76,0.0,0.0,3846.76
3966,4974,2024-07-27,3846.76,0.0,0.0,3846.76
3967,4975,2024-08-20,3846.76,0.0,0.0,3846.76
3968,4976,2024-09-28,3846.76,0.0,0.0,3846.76
3969,4977,2024-10-27,3846.76,0.0,0.0,3846.76
3970,4978,2024-11-25,3846.76,0.0,0.0,3846.76
3971,4979,2024-12-28,3846.76,0.0,0.0,3846.76
3972,4980,2025-04-16,3846.76,151.95,76.94,4075.65
3973,4981,2024-12-04,7048.25,0.0,0.0,7048.25
3974,4982,2025-01-03,7048.25,0.0,0.0,7048.25
3975,4983,2025-05-02,7048.25,310.12,140.97,7499.34
3976,4984,2025-03-04,7048.25,0.0,0.0,7048.25
3977,4985,2025-04-03,7048.25,0.0,0.0,7048.25
3978,4986,2025-05-03,7048.25,0.0,0.0,7048.25
3979,4987,2025-07-20,7048.25,165.63,140.97,7354.85
3980,4988,2025-08-31,7048.25,207.92,140.97,7397.14
3981,4989,2025-10-22,7048.25,281.93,140.97,7471.15
3982,4990,2025-09-04,7048.25,0.0,0.0,7048.25
3983,4991,2025-12-13,7048.25,250.21,140.97,7439.43
3984,4992,2025-11-03,7048.25,0.0,0.0,7048.25
3985,4993,2024-08-18,8194.35,286.8,163.89,8645.04
3986,4994,2024-07-10,8194.35,0.0,0.0,8194.35
3987,4995,2024-08-09,8194.35,0.0,0.0,8194.35
3988,4996,2024-09-09,8194.35,0.0,0.0,8194.35
3989,4998,2024-11-10,8194.35,0.0,0.0,8194.35
3990,4999,2024-12-26,8194.35,69.65,163.89,8427.89
3991,5000,2025-01-10,8194.35,0.0,0.0,8194.35
3992,5001,2025-02-10,8194.35,0.0,0.0,8194.35
3993,5002,2025-05-28,8194.35,327.77,163.89,8686.01
3994,5003,2025-04-10,8194.35,0.0,0.0,8194.35
3995,5004,2025-07-03,8194.35,225.34,163.89,8583.58
3996,5005,2025-06-09,8194.35,0.0,0.0,8194.35
3997,5006,2025-07-10,8194.35,0.0,0.0,8194.35
3998,5007,2025-08-08,8194.35,0.0,0.0,8194.35
3999,5008,2025-09-09,8194.35,0.0,0.0,8194.35
4000,5009,2025-10-09,8194.35,0.0,0.0,8194.35
4001,5011,2025-12-10,8194.35,0.0,0.0,8194.35
4002,5013,2026-03-31,8194.35,204.86,163.89,8563.1
4003,5014,2026-03-09,8194.35,0.0,0.0,8194.35
4004,5015,2026-07-29,8194.35,454.79,163.89,8813.03
4005,5016,2026-05-09,8194.35,0.0,0.0,8194.35
